<?xml version='1.0' encoding='utf-8'?>
<gpx xmlns="http://www.topografix.com/GPX/1/1" version="1.1" creator="simplify_gpx.py">
  <trk>
    <name>VY1885</name>
    <desc>VY1885 BER-&gt;BCN</desc>
    <trkseg>
      <trkpt lat="52.36769500" lon="13.50686600">
        <ele>0.00</ele>
        <time>2026-09-29T12:08:50Z</time>
      </trkpt>
      <trkpt lat="52.36790500" lon="13.50672900">
        <ele>0.00</ele>
        <time>2026-09-29T12:09:11Z</time>
      </trkpt>
      <trkpt lat="52.36810300" lon="13.50651400">
        <ele>0.00</ele>
        <time>2026-09-29T12:09:22Z</time>
      </trkpt>
      <trkpt lat="52.36831300" lon="13.50643400">
        <ele>0.00</ele>
        <time>2026-09-29T12:09:47Z</time>
      </trkpt>
      <trkpt lat="52.36852300" lon="13.50657200">
        <ele>0.00</ele>
        <time>2026-09-29T12:10:14Z</time>
      </trkpt>
      <trkpt lat="52.36846200" lon="13.50633600">
        <ele>0.00</ele>
        <time>2026-09-29T12:12:24Z</time>
      </trkpt>
      <trkpt lat="52.36840400" lon="13.50610200">
        <ele>0.00</ele>
        <time>2026-09-29T12:12:32Z</time>
      </trkpt>
      <trkpt lat="52.36833600" lon="13.50582700">
        <ele>0.00</ele>
        <time>2026-09-29T12:12:39Z</time>
      </trkpt>
      <trkpt lat="52.36826300" lon="13.50549300">
        <ele>0.00</ele>
        <time>2026-09-29T12:12:47Z</time>
      </trkpt>
      <trkpt lat="52.36817200" lon="13.50510100">
        <ele>0.00</ele>
        <time>2026-09-29T12:12:54Z</time>
      </trkpt>
      <trkpt lat="52.36806100" lon="13.50467700">
        <ele>0.00</ele>
        <time>2026-09-29T12:13:00Z</time>
      </trkpt>
      <trkpt lat="52.36797000" lon="13.50425700">
        <ele>0.00</ele>
        <time>2026-09-29T12:13:07Z</time>
      </trkpt>
      <trkpt lat="52.36783200" lon="13.50372300">
        <ele>0.00</ele>
        <time>2026-09-29T12:13:15Z</time>
      </trkpt>
      <trkpt lat="52.36763800" lon="13.50292200">
        <ele>0.00</ele>
        <time>2026-09-29T12:13:23Z</time>
      </trkpt>
      <trkpt lat="52.36747700" lon="13.50221600">
        <ele>0.00</ele>
        <time>2026-09-29T12:13:30Z</time>
      </trkpt>
      <trkpt lat="52.36737100" lon="13.50174600">
        <ele>0.00</ele>
        <time>2026-09-29T12:13:36Z</time>
      </trkpt>
      <trkpt lat="52.36730600" lon="13.50143400">
        <ele>0.00</ele>
        <time>2026-09-29T12:13:39Z</time>
      </trkpt>
      <trkpt lat="52.36728300" lon="13.50114800">
        <ele>0.00</ele>
        <time>2026-09-29T12:13:43Z</time>
      </trkpt>
      <trkpt lat="52.36729800" lon="13.50094100">
        <ele>0.00</ele>
        <time>2026-09-29T12:13:45Z</time>
      </trkpt>
      <trkpt lat="52.36739700" lon="13.50071000">
        <ele>0.00</ele>
        <time>2026-09-29T12:13:48Z</time>
      </trkpt>
      <trkpt lat="52.36756900" lon="13.50048100">
        <ele>0.00</ele>
        <time>2026-09-29T12:13:51Z</time>
      </trkpt>
      <trkpt lat="52.36777500" lon="13.50032800">
        <ele>0.00</ele>
        <time>2026-09-29T12:13:55Z</time>
      </trkpt>
      <trkpt lat="52.36802700" lon="13.50017500">
        <ele>0.00</ele>
        <time>2026-09-29T12:13:58Z</time>
      </trkpt>
      <trkpt lat="52.36835900" lon="13.49998500">
        <ele>0.00</ele>
        <time>2026-09-29T12:14:03Z</time>
      </trkpt>
      <trkpt lat="52.36858000" lon="13.49976400">
        <ele>0.00</ele>
        <time>2026-09-29T12:14:08Z</time>
      </trkpt>
      <trkpt lat="52.36868300" lon="13.49954900">
        <ele>0.00</ele>
        <time>2026-09-29T12:14:10Z</time>
      </trkpt>
      <trkpt lat="52.36871300" lon="13.49926000">
        <ele>0.00</ele>
        <time>2026-09-29T12:14:13Z</time>
      </trkpt>
      <trkpt lat="52.36864500" lon="13.49893600">
        <ele>0.00</ele>
        <time>2026-09-29T12:14:17Z</time>
      </trkpt>
      <trkpt lat="52.36851900" lon="13.49845900">
        <ele>0.00</ele>
        <time>2026-09-29T12:14:23Z</time>
      </trkpt>
      <trkpt lat="52.36843900" lon="13.49809600">
        <ele>0.00</ele>
        <time>2026-09-29T12:14:27Z</time>
      </trkpt>
      <trkpt lat="52.36838200" lon="13.49786200">
        <ele>0.00</ele>
        <time>2026-09-29T12:14:30Z</time>
      </trkpt>
      <trkpt lat="52.36832400" lon="13.49762600">
        <ele>0.00</ele>
        <time>2026-09-29T12:14:33Z</time>
      </trkpt>
      <trkpt lat="52.36825600" lon="13.49733400">
        <ele>0.00</ele>
        <time>2026-09-29T12:14:36Z</time>
      </trkpt>
      <trkpt lat="52.36808400" lon="13.49660900">
        <ele>0.00</ele>
        <time>2026-09-29T12:14:42Z</time>
      </trkpt>
      <trkpt lat="52.36801500" lon="13.49630400">
        <ele>0.00</ele>
        <time>2026-09-29T12:14:47Z</time>
      </trkpt>
      <trkpt lat="52.36795000" lon="13.49599700">
        <ele>0.00</ele>
        <time>2026-09-29T12:14:48Z</time>
      </trkpt>
      <trkpt lat="52.36788200" lon="13.49574300">
        <ele>0.00</ele>
        <time>2026-09-29T12:14:50Z</time>
      </trkpt>
      <trkpt lat="52.36783600" lon="13.49552700">
        <ele>0.00</ele>
        <time>2026-09-29T12:14:53Z</time>
      </trkpt>
      <trkpt lat="52.36777500" lon="13.49529300">
        <ele>0.00</ele>
        <time>2026-09-29T12:14:55Z</time>
      </trkpt>
      <trkpt lat="52.36771800" lon="13.49504500">
        <ele>0.00</ele>
        <time>2026-09-29T12:14:57Z</time>
      </trkpt>
      <trkpt lat="52.36764900" lon="13.49477800">
        <ele>0.00</ele>
        <time>2026-09-29T12:14:59Z</time>
      </trkpt>
      <trkpt lat="52.36760300" lon="13.49454600">
        <ele>0.00</ele>
        <time>2026-09-29T12:15:01Z</time>
      </trkpt>
      <trkpt lat="52.36754600" lon="13.49432000">
        <ele>0.00</ele>
        <time>2026-09-29T12:15:04Z</time>
      </trkpt>
      <trkpt lat="52.36746200" lon="13.49399700">
        <ele>0.00</ele>
        <time>2026-09-29T12:15:06Z</time>
      </trkpt>
      <trkpt lat="52.36740500" lon="13.49374200">
        <ele>0.00</ele>
        <time>2026-09-29T12:15:11Z</time>
      </trkpt>
      <trkpt lat="52.36732900" lon="13.49342300">
        <ele>0.00</ele>
        <time>2026-09-29T12:15:12Z</time>
      </trkpt>
      <trkpt lat="52.36726400" lon="13.49313400">
        <ele>0.00</ele>
        <time>2026-09-29T12:15:14Z</time>
      </trkpt>
      <trkpt lat="52.36721400" lon="13.49292800">
        <ele>0.00</ele>
        <time>2026-09-29T12:15:17Z</time>
      </trkpt>
      <trkpt lat="52.36715700" lon="13.49268000">
        <ele>0.00</ele>
        <time>2026-09-29T12:15:19Z</time>
      </trkpt>
      <trkpt lat="52.36708800" lon="13.49239300">
        <ele>0.00</ele>
        <time>2026-09-29T12:15:21Z</time>
      </trkpt>
      <trkpt lat="52.36703100" lon="13.49215200">
        <ele>0.00</ele>
        <time>2026-09-29T12:15:23Z</time>
      </trkpt>
      <trkpt lat="52.36696200" lon="13.49183800">
        <ele>0.00</ele>
        <time>2026-09-29T12:15:25Z</time>
      </trkpt>
      <trkpt lat="52.36690100" lon="13.49160300">
        <ele>0.00</ele>
        <time>2026-09-29T12:15:28Z</time>
      </trkpt>
      <trkpt lat="52.36682100" lon="13.49127000">
        <ele>0.00</ele>
        <time>2026-09-29T12:15:30Z</time>
      </trkpt>
      <trkpt lat="52.36675600" lon="13.49100100">
        <ele>0.00</ele>
        <time>2026-09-29T12:15:32Z</time>
      </trkpt>
      <trkpt lat="52.36669900" lon="13.49073400">
        <ele>0.00</ele>
        <time>2026-09-29T12:15:34Z</time>
      </trkpt>
      <trkpt lat="52.36662300" lon="13.49040700">
        <ele>0.00</ele>
        <time>2026-09-29T12:15:36Z</time>
      </trkpt>
      <trkpt lat="52.36655400" lon="13.49015100">
        <ele>0.00</ele>
        <time>2026-09-29T12:15:39Z</time>
      </trkpt>
      <trkpt lat="52.36649300" lon="13.48991400">
        <ele>0.00</ele>
        <time>2026-09-29T12:15:41Z</time>
      </trkpt>
      <trkpt lat="52.36643600" lon="13.48968000">
        <ele>0.00</ele>
        <time>2026-09-29T12:15:43Z</time>
      </trkpt>
      <trkpt lat="52.36639000" lon="13.48943700">
        <ele>0.00</ele>
        <time>2026-09-29T12:15:44Z</time>
      </trkpt>
      <trkpt lat="52.36633300" lon="13.48921000">
        <ele>0.00</ele>
        <time>2026-09-29T12:15:47Z</time>
      </trkpt>
      <trkpt lat="52.36627600" lon="13.48896000">
        <ele>0.00</ele>
        <time>2026-09-29T12:15:49Z</time>
      </trkpt>
      <trkpt lat="52.36623000" lon="13.48875900">
        <ele>0.00</ele>
        <time>2026-09-29T12:15:50Z</time>
      </trkpt>
      <trkpt lat="52.36614600" lon="13.48844400">
        <ele>0.00</ele>
        <time>2026-09-29T12:15:53Z</time>
      </trkpt>
      <trkpt lat="52.36608900" lon="13.48819000">
        <ele>0.00</ele>
        <time>2026-09-29T12:15:55Z</time>
      </trkpt>
      <trkpt lat="52.36601300" lon="13.48787300">
        <ele>0.00</ele>
        <time>2026-09-29T12:15:57Z</time>
      </trkpt>
      <trkpt lat="52.36594800" lon="13.48758100">
        <ele>0.00</ele>
        <time>2026-09-29T12:15:59Z</time>
      </trkpt>
      <trkpt lat="52.36586400" lon="13.48724400">
        <ele>0.00</ele>
        <time>2026-09-29T12:16:01Z</time>
      </trkpt>
      <trkpt lat="52.36580700" lon="13.48699600">
        <ele>0.00</ele>
        <time>2026-09-29T12:16:04Z</time>
      </trkpt>
      <trkpt lat="52.36574900" lon="13.48673800">
        <ele>0.00</ele>
        <time>2026-09-29T12:16:06Z</time>
      </trkpt>
      <trkpt lat="52.36569200" lon="13.48651900">
        <ele>0.00</ele>
        <time>2026-09-29T12:16:07Z</time>
      </trkpt>
      <trkpt lat="52.36563500" lon="13.48627100">
        <ele>0.00</ele>
        <time>2026-09-29T12:16:09Z</time>
      </trkpt>
      <trkpt lat="52.36555500" lon="13.48595300">
        <ele>0.00</ele>
        <time>2026-09-29T12:16:13Z</time>
      </trkpt>
      <trkpt lat="52.36539100" lon="13.48522800">
        <ele>0.00</ele>
        <time>2026-09-29T12:16:19Z</time>
      </trkpt>
      <trkpt lat="52.36525000" lon="13.48461900">
        <ele>0.00</ele>
        <time>2026-09-29T12:16:27Z</time>
      </trkpt>
      <trkpt lat="52.36519200" lon="13.48434400">
        <ele>0.00</ele>
        <time>2026-09-29T12:16:31Z</time>
      </trkpt>
      <trkpt lat="52.36518900" lon="13.48407700">
        <ele>0.00</ele>
        <time>2026-09-29T12:16:34Z</time>
      </trkpt>
      <trkpt lat="52.36522700" lon="13.48385400">
        <ele>0.00</ele>
        <time>2026-09-29T12:16:38Z</time>
      </trkpt>
      <trkpt lat="52.36537900" lon="13.48361900">
        <ele>0.00</ele>
        <time>2026-09-29T12:16:45Z</time>
      </trkpt>
      <trkpt lat="52.36562300" lon="13.48342900">
        <ele>0.00</ele>
        <time>2026-09-29T12:17:40Z</time>
      </trkpt>
      <trkpt lat="52.36584500" lon="13.48330500">
        <ele>0.00</ele>
        <time>2026-09-29T12:17:46Z</time>
      </trkpt>
      <trkpt lat="52.36610400" lon="13.48314300">
        <ele>0.00</ele>
        <time>2026-09-29T12:17:51Z</time>
      </trkpt>
      <trkpt lat="52.36634400" lon="13.48299000">
        <ele>0.00</ele>
        <time>2026-09-29T12:17:54Z</time>
      </trkpt>
      <trkpt lat="52.36657300" lon="13.48285700">
        <ele>0.00</ele>
        <time>2026-09-29T12:17:58Z</time>
      </trkpt>
      <trkpt lat="52.36677600" lon="13.48273600">
        <ele>0.00</ele>
        <time>2026-09-29T12:18:02Z</time>
      </trkpt>
      <trkpt lat="52.36698500" lon="13.48263700">
        <ele>0.00</ele>
        <time>2026-09-29T12:18:07Z</time>
      </trkpt>
      <trkpt lat="52.36719100" lon="13.48281900">
        <ele>0.00</ele>
        <time>2026-09-29T12:18:16Z</time>
      </trkpt>
      <trkpt lat="52.36724900" lon="13.48306700">
        <ele>0.00</ele>
        <time>2026-09-29T12:18:20Z</time>
      </trkpt>
      <trkpt lat="52.36727100" lon="13.48327600">
        <ele>0.00</ele>
        <time>2026-09-29T12:18:27Z</time>
      </trkpt>
      <trkpt lat="52.36732900" lon="13.48348600">
        <ele>0.00</ele>
        <time>2026-09-29T12:18:53Z</time>
      </trkpt>
      <trkpt lat="52.36745100" lon="13.48395300">
        <ele>0.00</ele>
        <time>2026-09-29T12:18:56Z</time>
      </trkpt>
      <trkpt lat="52.36749600" lon="13.48416800">
        <ele>0.00</ele>
        <time>2026-09-29T12:18:57Z</time>
      </trkpt>
      <trkpt lat="52.36764900" lon="13.48480200">
        <ele>0.00</ele>
        <time>2026-09-29T12:19:00Z</time>
      </trkpt>
      <trkpt lat="52.36771800" lon="13.48510900">
        <ele>0.00</ele>
        <time>2026-09-29T12:19:01Z</time>
      </trkpt>
      <trkpt lat="52.36779800" lon="13.48544300">
        <ele>0.00</ele>
        <time>2026-09-29T12:19:02Z</time>
      </trkpt>
      <trkpt lat="52.36862200" lon="13.48896000">
        <ele>0.00</ele>
        <time>2026-09-29T12:19:09Z</time>
      </trkpt>
      <trkpt lat="52.36908000" lon="13.49082900">
        <ele>0.00</ele>
        <time>2026-09-29T12:19:12Z</time>
      </trkpt>
      <trkpt lat="52.36926700" lon="13.49160300">
        <ele>0.00</ele>
        <time>2026-09-29T12:19:13Z</time>
      </trkpt>
      <trkpt lat="52.37081900" lon="13.49823000">
        <ele>0.00</ele>
        <time>2026-09-29T12:19:20Z</time>
      </trkpt>
      <trkpt lat="52.37271100" lon="13.50612100">
        <ele>0.00</ele>
        <time>2026-09-29T12:19:28Z</time>
      </trkpt>
      <trkpt lat="52.37452700" lon="13.51371800">
        <ele>0.00</ele>
        <time>2026-09-29T12:19:35Z</time>
      </trkpt>
      <trkpt lat="52.37681600" lon="13.52317800">
        <ele>114.30</ele>
        <time>2026-09-29T12:19:43Z</time>
      </trkpt>
      <trkpt lat="52.37905900" lon="13.53279100">
        <ele>220.98</ele>
        <time>2026-09-29T12:19:52Z</time>
      </trkpt>
      <trkpt lat="52.38089000" lon="13.54026800">
        <ele>289.56</ele>
        <time>2026-09-29T12:19:58Z</time>
      </trkpt>
      <trkpt lat="52.38313300" lon="13.54972800">
        <ele>365.76</ele>
        <time>2026-09-29T12:20:06Z</time>
      </trkpt>
      <trkpt lat="52.38541800" lon="13.55924800">
        <ele>464.82</ele>
        <time>2026-09-29T12:20:14Z</time>
      </trkpt>
      <trkpt lat="52.38780200" lon="13.56948900">
        <ele>563.88</ele>
        <time>2026-09-29T12:20:23Z</time>
      </trkpt>
      <trkpt lat="52.38951500" lon="13.57706200">
        <ele>640.08</ele>
        <time>2026-09-29T12:20:29Z</time>
      </trkpt>
      <trkpt lat="52.39164700" lon="13.58612100">
        <ele>716.28</ele>
        <time>2026-09-29T12:20:37Z</time>
      </trkpt>
      <trkpt lat="52.39411900" lon="13.59649700">
        <ele>784.86</ele>
        <time>2026-09-29T12:20:45Z</time>
      </trkpt>
      <trkpt lat="52.39604200" lon="13.60435500">
        <ele>845.82</ele>
        <time>2026-09-29T12:20:52Z</time>
      </trkpt>
      <trkpt lat="52.39891800" lon="13.61488500">
        <ele>929.64</ele>
        <time>2026-09-29T12:21:00Z</time>
      </trkpt>
      <trkpt lat="52.39971200" lon="13.61700400">
        <ele>944.88</ele>
        <time>2026-09-29T12:21:02Z</time>
      </trkpt>
      <trkpt lat="52.40068800" lon="13.61943700">
        <ele>960.12</ele>
        <time>2026-09-29T12:21:05Z</time>
      </trkpt>
      <trkpt lat="52.40180600" lon="13.62179100">
        <ele>967.74</ele>
        <time>2026-09-29T12:21:07Z</time>
      </trkpt>
      <trkpt lat="52.40300000" lon="13.62403900">
        <ele>975.36</ele>
        <time>2026-09-29T12:21:09Z</time>
      </trkpt>
      <trkpt lat="52.40423600" lon="13.62602200">
        <ele>982.98</ele>
        <time>2026-09-29T12:21:11Z</time>
      </trkpt>
      <trkpt lat="52.40602100" lon="13.62846400">
        <ele>990.60</ele>
        <time>2026-09-29T12:21:13Z</time>
      </trkpt>
      <trkpt lat="52.40753200" lon="13.63011000">
        <ele>998.22</ele>
        <time>2026-09-29T12:21:15Z</time>
      </trkpt>
      <trkpt lat="52.40902300" lon="13.63160000">
        <ele>1005.84</ele>
        <time>2026-09-29T12:21:17Z</time>
      </trkpt>
      <trkpt lat="52.41124000" lon="13.63327000">
        <ele>1021.08</ele>
        <time>2026-09-29T12:21:19Z</time>
      </trkpt>
      <trkpt lat="52.41302500" lon="13.63458300">
        <ele>1036.32</ele>
        <time>2026-09-29T12:21:21Z</time>
      </trkpt>
      <trkpt lat="52.41485600" lon="13.63586400">
        <ele>1051.56</ele>
        <time>2026-09-29T12:21:23Z</time>
      </trkpt>
      <trkpt lat="52.41674800" lon="13.63717200">
        <ele>1066.80</ele>
        <time>2026-09-29T12:21:25Z</time>
      </trkpt>
      <trkpt lat="52.41861000" lon="13.63842800">
        <ele>1082.04</ele>
        <time>2026-09-29T12:21:27Z</time>
      </trkpt>
      <trkpt lat="52.42042500" lon="13.63952600">
        <ele>1097.28</ele>
        <time>2026-09-29T12:21:29Z</time>
      </trkpt>
      <trkpt lat="52.42228700" lon="13.64062500">
        <ele>1104.90</ele>
        <time>2026-09-29T12:21:32Z</time>
      </trkpt>
      <trkpt lat="52.42437700" lon="13.64189100">
        <ele>1120.14</ele>
        <time>2026-09-29T12:21:34Z</time>
      </trkpt>
      <trkpt lat="52.42624700" lon="13.64298000">
        <ele>1135.38</ele>
        <time>2026-09-29T12:21:36Z</time>
      </trkpt>
      <trkpt lat="52.42824900" lon="13.64415600">
        <ele>1143.00</ele>
        <time>2026-09-29T12:21:38Z</time>
      </trkpt>
      <trkpt lat="52.43019100" lon="13.64524800">
        <ele>1158.24</ele>
        <time>2026-09-29T12:21:40Z</time>
      </trkpt>
      <trkpt lat="52.43262500" lon="13.64666700">
        <ele>1173.48</ele>
        <time>2026-09-29T12:21:42Z</time>
      </trkpt>
      <trkpt lat="52.43439100" lon="13.64768800">
        <ele>1181.10</ele>
        <time>2026-09-29T12:21:44Z</time>
      </trkpt>
      <trkpt lat="52.43660000" lon="13.64891100">
        <ele>1188.72</ele>
        <time>2026-09-29T12:21:46Z</time>
      </trkpt>
      <trkpt lat="52.43930100" lon="13.65036000">
        <ele>1203.96</ele>
        <time>2026-09-29T12:21:48Z</time>
      </trkpt>
      <trkpt lat="52.44145200" lon="13.65158100">
        <ele>1219.20</ele>
        <time>2026-09-29T12:21:50Z</time>
      </trkpt>
      <trkpt lat="52.44314600" lon="13.65249600">
        <ele>1226.82</ele>
        <time>2026-09-29T12:21:52Z</time>
      </trkpt>
      <trkpt lat="52.45245400" lon="13.65773200">
        <ele>1272.54</ele>
        <time>2026-09-29T12:22:01Z</time>
      </trkpt>
      <trkpt lat="52.45999500" lon="13.66204800">
        <ele>1318.26</ele>
        <time>2026-09-29T12:22:07Z</time>
      </trkpt>
      <trkpt lat="52.46951300" lon="13.66760300">
        <ele>1379.22</ele>
        <time>2026-09-29T12:22:15Z</time>
      </trkpt>
      <trkpt lat="52.47958400" lon="13.67355300">
        <ele>1478.28</ele>
        <time>2026-09-29T12:22:23Z</time>
      </trkpt>
      <trkpt lat="52.48933400" lon="13.67935200">
        <ele>1607.82</ele>
        <time>2026-09-29T12:22:32Z</time>
      </trkpt>
      <trkpt lat="52.50603500" lon="13.68786600">
        <ele>1783.08</ele>
        <time>2026-09-29T12:22:45Z</time>
      </trkpt>
      <trkpt lat="52.50878900" lon="13.68866000">
        <ele>1805.94</ele>
        <time>2026-09-29T12:22:47Z</time>
      </trkpt>
      <trkpt lat="52.51148200" lon="13.68912200">
        <ele>1821.18</ele>
        <time>2026-09-29T12:22:49Z</time>
      </trkpt>
      <trkpt lat="52.51419100" lon="13.68942300">
        <ele>1844.04</ele>
        <time>2026-09-29T12:22:51Z</time>
      </trkpt>
      <trkpt lat="52.51666300" lon="13.68942300">
        <ele>1859.28</ele>
        <time>2026-09-29T12:22:53Z</time>
      </trkpt>
      <trkpt lat="52.51977500" lon="13.68911700">
        <ele>1882.14</ele>
        <time>2026-09-29T12:22:55Z</time>
      </trkpt>
      <trkpt lat="52.52261400" lon="13.68858300">
        <ele>1905.00</ele>
        <time>2026-09-29T12:22:57Z</time>
      </trkpt>
      <trkpt lat="52.52516900" lon="13.68770900">
        <ele>1927.86</ele>
        <time>2026-09-29T12:23:00Z</time>
      </trkpt>
      <trkpt lat="52.52796200" lon="13.68653200">
        <ele>1950.72</ele>
        <time>2026-09-29T12:23:02Z</time>
      </trkpt>
      <trkpt lat="52.53053300" lon="13.68515000">
        <ele>1973.58</ele>
        <time>2026-09-29T12:23:04Z</time>
      </trkpt>
      <trkpt lat="52.53322200" lon="13.68339300">
        <ele>1996.44</ele>
        <time>2026-09-29T12:23:06Z</time>
      </trkpt>
      <trkpt lat="52.53579700" lon="13.68118300">
        <ele>2019.30</ele>
        <time>2026-09-29T12:23:08Z</time>
      </trkpt>
      <trkpt lat="52.53834500" lon="13.67876300">
        <ele>2049.78</ele>
        <time>2026-09-29T12:23:10Z</time>
      </trkpt>
      <trkpt lat="52.54081000" lon="13.67601700">
        <ele>2080.26</ele>
        <time>2026-09-29T12:23:12Z</time>
      </trkpt>
      <trkpt lat="52.54304500" lon="13.67311300">
        <ele>2103.12</ele>
        <time>2026-09-29T12:23:14Z</time>
      </trkpt>
      <trkpt lat="52.54523500" lon="13.66989600">
        <ele>2133.60</ele>
        <time>2026-09-29T12:23:17Z</time>
      </trkpt>
      <trkpt lat="52.54751600" lon="13.66605100">
        <ele>2164.08</ele>
        <time>2026-09-29T12:23:19Z</time>
      </trkpt>
      <trkpt lat="52.54923600" lon="13.66259800">
        <ele>2194.56</ele>
        <time>2026-09-29T12:23:21Z</time>
      </trkpt>
      <trkpt lat="52.55090300" lon="13.65890500">
        <ele>2225.04</ele>
        <time>2026-09-29T12:23:23Z</time>
      </trkpt>
      <trkpt lat="52.55226100" lon="13.65553500">
        <ele>2255.52</ele>
        <time>2026-09-29T12:23:25Z</time>
      </trkpt>
      <trkpt lat="52.55397000" lon="13.65051300">
        <ele>2293.62</ele>
        <time>2026-09-29T12:23:27Z</time>
      </trkpt>
      <trkpt lat="52.55519500" lon="13.64658900">
        <ele>2316.48</ele>
        <time>2026-09-29T12:23:29Z</time>
      </trkpt>
      <trkpt lat="52.55625900" lon="13.64242600">
        <ele>2346.96</ele>
        <time>2026-09-29T12:23:31Z</time>
      </trkpt>
      <trkpt lat="52.55722000" lon="13.63815300">
        <ele>2377.44</ele>
        <time>2026-09-29T12:23:33Z</time>
      </trkpt>
      <trkpt lat="52.55799900" lon="13.63372800">
        <ele>2400.30</ele>
        <time>2026-09-29T12:23:36Z</time>
      </trkpt>
      <trkpt lat="52.55873100" lon="13.62869300">
        <ele>2430.78</ele>
        <time>2026-09-29T12:23:38Z</time>
      </trkpt>
      <trkpt lat="52.55914300" lon="13.62442000">
        <ele>2453.64</ele>
        <time>2026-09-29T12:23:40Z</time>
      </trkpt>
      <trkpt lat="52.55943300" lon="13.61975100">
        <ele>2476.50</ele>
        <time>2026-09-29T12:23:42Z</time>
      </trkpt>
      <trkpt lat="52.55950900" lon="13.61541700">
        <ele>2499.36</ele>
        <time>2026-09-29T12:23:44Z</time>
      </trkpt>
      <trkpt lat="52.55937200" lon="13.61000100">
        <ele>2529.84</ele>
        <time>2026-09-29T12:23:46Z</time>
      </trkpt>
      <trkpt lat="52.55910500" lon="13.60570400">
        <ele>2552.70</ele>
        <time>2026-09-29T12:23:48Z</time>
      </trkpt>
      <trkpt lat="52.55864000" lon="13.60145600">
        <ele>2575.56</ele>
        <time>2026-09-29T12:23:50Z</time>
      </trkpt>
      <trkpt lat="52.55798700" lon="13.59652200">
        <ele>2598.42</ele>
        <time>2026-09-29T12:23:52Z</time>
      </trkpt>
      <trkpt lat="52.55715200" lon="13.59197100">
        <ele>2628.90</ele>
        <time>2026-09-29T12:23:54Z</time>
      </trkpt>
      <trkpt lat="52.55626700" lon="13.58796900">
        <ele>2651.76</ele>
        <time>2026-09-29T12:23:56Z</time>
      </trkpt>
      <trkpt lat="52.55514900" lon="13.58388800">
        <ele>2682.24</ele>
        <time>2026-09-29T12:23:59Z</time>
      </trkpt>
      <trkpt lat="52.55412300" lon="13.58082800">
        <ele>2697.48</ele>
        <time>2026-09-29T12:24:01Z</time>
      </trkpt>
      <trkpt lat="52.55268900" lon="13.57673600">
        <ele>2727.96</ele>
        <time>2026-09-29T12:24:03Z</time>
      </trkpt>
      <trkpt lat="52.55076600" lon="13.57208300">
        <ele>2766.06</ele>
        <time>2026-09-29T12:24:05Z</time>
      </trkpt>
      <trkpt lat="52.54907200" lon="13.56842000">
        <ele>2796.54</ele>
        <time>2026-09-29T12:24:07Z</time>
      </trkpt>
      <trkpt lat="52.54779100" lon="13.56567400">
        <ele>2819.40</ele>
        <time>2026-09-29T12:24:09Z</time>
      </trkpt>
      <trkpt lat="52.54574600" lon="13.56152300">
        <ele>2857.50</ele>
        <time>2026-09-29T12:24:11Z</time>
      </trkpt>
      <trkpt lat="52.54403700" lon="13.55804400">
        <ele>2887.98</ele>
        <time>2026-09-29T12:24:13Z</time>
      </trkpt>
      <trkpt lat="52.54234300" lon="13.55461100">
        <ele>2918.46</ele>
        <time>2026-09-29T12:24:15Z</time>
      </trkpt>
      <trkpt lat="52.54083300" lon="13.55148300">
        <ele>2941.32</ele>
        <time>2026-09-29T12:24:17Z</time>
      </trkpt>
      <trkpt lat="52.53891000" lon="13.54759200">
        <ele>2971.80</ele>
        <time>2026-09-29T12:24:19Z</time>
      </trkpt>
      <trkpt lat="52.53727300" lon="13.54433700">
        <ele>2994.66</ele>
        <time>2026-09-29T12:24:21Z</time>
      </trkpt>
      <trkpt lat="52.53559900" lon="13.54088500">
        <ele>3025.14</ele>
        <time>2026-09-29T12:24:24Z</time>
      </trkpt>
      <trkpt lat="52.53382900" lon="13.53721600">
        <ele>3048.00</ele>
        <time>2026-09-29T12:24:26Z</time>
      </trkpt>
      <trkpt lat="52.53181500" lon="13.53309600">
        <ele>3078.48</ele>
        <time>2026-09-29T12:24:28Z</time>
      </trkpt>
      <trkpt lat="52.53024300" lon="13.52974100">
        <ele>3101.34</ele>
        <time>2026-09-29T12:24:30Z</time>
      </trkpt>
      <trkpt lat="52.52870600" lon="13.52652500">
        <ele>3116.58</ele>
        <time>2026-09-29T12:24:32Z</time>
      </trkpt>
      <trkpt lat="52.51595300" lon="13.49976400">
        <ele>3208.02</ele>
        <time>2026-09-29T12:24:47Z</time>
      </trkpt>
      <trkpt lat="52.50501300" lon="13.47677100">
        <ele>3276.60</ele>
        <time>2026-09-29T12:24:59Z</time>
      </trkpt>
      <trkpt lat="52.49157700" lon="13.44879200">
        <ele>3352.80</ele>
        <time>2026-09-29T12:25:14Z</time>
      </trkpt>
      <trkpt lat="52.47967500" lon="13.42430100">
        <ele>3421.38</ele>
        <time>2026-09-29T12:25:26Z</time>
      </trkpt>
      <trkpt lat="52.46498100" lon="13.39386000">
        <ele>3566.16</ele>
        <time>2026-09-29T12:25:41Z</time>
      </trkpt>
      <trkpt lat="52.45239300" lon="13.36784400">
        <ele>3710.94</ele>
        <time>2026-09-29T12:25:53Z</time>
      </trkpt>
      <trkpt lat="52.41989100" lon="13.30085800">
        <ele>4084.32</ele>
        <time>2026-09-29T12:26:25Z</time>
      </trkpt>
      <trkpt lat="52.38737500" lon="13.23405300">
        <ele>4450.08</ele>
        <time>2026-09-29T12:26:56Z</time>
      </trkpt>
      <trkpt lat="52.35397300" lon="13.16581700">
        <ele>4808.22</ele>
        <time>2026-09-29T12:27:28Z</time>
      </trkpt>
      <trkpt lat="52.32074000" lon="13.09822100">
        <ele>5158.74</ele>
        <time>2026-09-29T12:27:59Z</time>
      </trkpt>
      <trkpt lat="52.28631600" lon="13.02833600">
        <ele>5440.68</ele>
        <time>2026-09-29T12:28:31Z</time>
      </trkpt>
      <trkpt lat="52.25135000" lon="12.95758900">
        <ele>5715.00</ele>
        <time>2026-09-29T12:29:03Z</time>
      </trkpt>
      <trkpt lat="52.21424900" lon="12.88264700">
        <ele>6057.90</ele>
        <time>2026-09-29T12:29:36Z</time>
      </trkpt>
      <trkpt lat="52.17831000" lon="12.81029400">
        <ele>6339.84</ele>
        <time>2026-09-29T12:30:07Z</time>
      </trkpt>
      <trkpt lat="52.14195300" lon="12.73731300">
        <ele>6591.30</ele>
        <time>2026-09-29T12:30:39Z</time>
      </trkpt>
      <trkpt lat="52.10549900" lon="12.66426100">
        <ele>6827.52</ele>
        <time>2026-09-29T12:31:11Z</time>
      </trkpt>
      <trkpt lat="52.06746700" lon="12.58844900">
        <ele>7040.88</ele>
        <time>2026-09-29T12:31:43Z</time>
      </trkpt>
      <trkpt lat="52.02971300" lon="12.51327000">
        <ele>7269.48</ele>
        <time>2026-09-29T12:32:15Z</time>
      </trkpt>
      <trkpt lat="51.99188200" lon="12.43827800">
        <ele>7498.08</ele>
        <time>2026-09-29T12:32:46Z</time>
      </trkpt>
      <trkpt lat="51.95910600" lon="12.38075300">
        <ele>7658.10</ele>
        <time>2026-09-29T12:33:12Z</time>
      </trkpt>
      <trkpt lat="51.95546300" lon="12.37594100">
        <ele>7673.34</ele>
        <time>2026-09-29T12:33:14Z</time>
      </trkpt>
      <trkpt lat="51.95253000" lon="12.37248900">
        <ele>7680.96</ele>
        <time>2026-09-29T12:33:16Z</time>
      </trkpt>
      <trkpt lat="51.94945900" lon="12.36895800">
        <ele>7696.20</ele>
        <time>2026-09-29T12:33:18Z</time>
      </trkpt>
      <trkpt lat="51.94615200" lon="12.36541700">
        <ele>7703.82</ele>
        <time>2026-09-29T12:33:20Z</time>
      </trkpt>
      <trkpt lat="51.94267300" lon="12.36190800">
        <ele>7719.06</ele>
        <time>2026-09-29T12:33:22Z</time>
      </trkpt>
      <trkpt lat="51.93873600" lon="12.35817000">
        <ele>7734.30</ele>
        <time>2026-09-29T12:33:25Z</time>
      </trkpt>
      <trkpt lat="51.93502800" lon="12.35498900">
        <ele>7749.54</ele>
        <time>2026-09-29T12:33:27Z</time>
      </trkpt>
      <trkpt lat="51.93164100" lon="12.35214200">
        <ele>7757.16</ele>
        <time>2026-09-29T12:33:29Z</time>
      </trkpt>
      <trkpt lat="51.92813500" lon="12.34933900">
        <ele>7772.40</ele>
        <time>2026-09-29T12:33:31Z</time>
      </trkpt>
      <trkpt lat="51.92362200" lon="12.34565100">
        <ele>7787.64</ele>
        <time>2026-09-29T12:33:33Z</time>
      </trkpt>
      <trkpt lat="51.92041000" lon="12.34306100">
        <ele>7802.88</ele>
        <time>2026-09-29T12:33:35Z</time>
      </trkpt>
      <trkpt lat="51.91640500" lon="12.33984400">
        <ele>7818.12</ele>
        <time>2026-09-29T12:33:38Z</time>
      </trkpt>
      <trkpt lat="51.91277300" lon="12.33686200">
        <ele>7825.74</ele>
        <time>2026-09-29T12:33:40Z</time>
      </trkpt>
      <trkpt lat="51.90943900" lon="12.33421300">
        <ele>7840.98</ele>
        <time>2026-09-29T12:33:42Z</time>
      </trkpt>
      <trkpt lat="51.90577700" lon="12.33123800">
        <ele>7856.22</ele>
        <time>2026-09-29T12:33:44Z</time>
      </trkpt>
      <trkpt lat="51.90239300" lon="12.32846500">
        <ele>7863.84</ele>
        <time>2026-09-29T12:33:46Z</time>
      </trkpt>
      <trkpt lat="51.89801800" lon="12.32485500">
        <ele>7886.70</ele>
        <time>2026-09-29T12:33:48Z</time>
      </trkpt>
      <trkpt lat="51.84322700" lon="12.28027300">
        <ele>8061.96</ele>
        <time>2026-09-29T12:34:20Z</time>
      </trkpt>
      <trkpt lat="51.78722400" lon="12.23487900">
        <ele>8237.22</ele>
        <time>2026-09-29T12:34:52Z</time>
      </trkpt>
      <trkpt lat="51.73210100" lon="12.19051800">
        <ele>8404.86</ele>
        <time>2026-09-29T12:35:23Z</time>
      </trkpt>
      <trkpt lat="51.67684900" lon="12.14620200">
        <ele>8572.50</ele>
        <time>2026-09-29T12:35:54Z</time>
      </trkpt>
      <trkpt lat="51.61908000" lon="12.10003000">
        <ele>8724.90</ele>
        <time>2026-09-29T12:36:26Z</time>
      </trkpt>
      <trkpt lat="51.56282000" lon="12.05519400">
        <ele>8877.30</ele>
        <time>2026-09-29T12:36:58Z</time>
      </trkpt>
      <trkpt lat="51.50563000" lon="12.00973500">
        <ele>8991.60</ele>
        <time>2026-09-29T12:37:29Z</time>
      </trkpt>
      <trkpt lat="51.44869600" lon="11.96472200">
        <ele>9113.52</ele>
        <time>2026-09-29T12:38:00Z</time>
      </trkpt>
      <trkpt lat="51.39010600" lon="11.91838500">
        <ele>9212.58</ele>
        <time>2026-09-29T12:38:32Z</time>
      </trkpt>
      <trkpt lat="51.33119600" lon="11.87202500">
        <ele>9395.46</ele>
        <time>2026-09-29T12:39:04Z</time>
      </trkpt>
      <trkpt lat="51.27300600" lon="11.82640100">
        <ele>9570.72</ele>
        <time>2026-09-29T12:39:35Z</time>
      </trkpt>
      <trkpt lat="51.21421100" lon="11.78039600">
        <ele>9730.74</ele>
        <time>2026-09-29T12:40:07Z</time>
      </trkpt>
      <trkpt lat="51.15499900" lon="11.73416100">
        <ele>9898.38</ele>
        <time>2026-09-29T12:40:39Z</time>
      </trkpt>
      <trkpt lat="51.09887700" lon="11.69034400">
        <ele>10012.68</ele>
        <time>2026-09-29T12:41:10Z</time>
      </trkpt>
      <trkpt lat="51.03996300" lon="11.64461700">
        <ele>10111.74</ele>
        <time>2026-09-29T12:41:42Z</time>
      </trkpt>
      <trkpt lat="50.98112500" lon="11.59904500">
        <ele>10210.80</ele>
        <time>2026-09-29T12:42:13Z</time>
      </trkpt>
      <trkpt lat="50.92204300" lon="11.55346000">
        <ele>10287.00</ele>
        <time>2026-09-29T12:42:45Z</time>
      </trkpt>
      <trkpt lat="50.86427300" lon="11.50892100">
        <ele>10447.02</ele>
        <time>2026-09-29T12:43:16Z</time>
      </trkpt>
      <trkpt lat="50.80586200" lon="11.46415900">
        <ele>10622.28</ele>
        <time>2026-09-29T12:43:47Z</time>
      </trkpt>
      <trkpt lat="50.75096900" lon="11.41731300">
        <ele>10668.00</ele>
        <time>2026-09-29T12:44:19Z</time>
      </trkpt>
      <trkpt lat="50.69787600" lon="11.36142300">
        <ele>10668.00</ele>
        <time>2026-09-29T12:44:50Z</time>
      </trkpt>
      <trkpt lat="50.64527900" lon="11.30572700">
        <ele>10668.00</ele>
        <time>2026-09-29T12:45:21Z</time>
      </trkpt>
      <trkpt lat="50.59158300" lon="11.24898800">
        <ele>10668.00</ele>
        <time>2026-09-29T12:45:53Z</time>
      </trkpt>
      <trkpt lat="50.53981000" lon="11.19425200">
        <ele>10668.00</ele>
        <time>2026-09-29T12:46:24Z</time>
      </trkpt>
      <trkpt lat="50.48683200" lon="11.13835500">
        <ele>10660.38</ele>
        <time>2026-09-29T12:46:56Z</time>
      </trkpt>
      <trkpt lat="50.43365500" lon="11.08231400">
        <ele>10660.38</ele>
        <time>2026-09-29T12:47:28Z</time>
      </trkpt>
      <trkpt lat="50.38018800" lon="11.02622600">
        <ele>10660.38</ele>
        <time>2026-09-29T12:47:59Z</time>
      </trkpt>
      <trkpt lat="50.32809100" lon="10.97163000">
        <ele>10660.38</ele>
        <time>2026-09-29T12:48:30Z</time>
      </trkpt>
      <trkpt lat="50.27525300" lon="10.91647600">
        <ele>10660.38</ele>
        <time>2026-09-29T12:49:02Z</time>
      </trkpt>
      <trkpt lat="50.22322100" lon="10.86237000">
        <ele>10668.00</ele>
        <time>2026-09-29T12:49:33Z</time>
      </trkpt>
      <trkpt lat="50.17135600" lon="10.80845100">
        <ele>10668.00</ele>
        <time>2026-09-29T12:50:04Z</time>
      </trkpt>
      <trkpt lat="50.11825600" lon="10.75351900">
        <ele>10668.00</ele>
        <time>2026-09-29T12:50:36Z</time>
      </trkpt>
      <trkpt lat="50.06488000" lon="10.69844300">
        <ele>10668.00</ele>
        <time>2026-09-29T12:51:07Z</time>
      </trkpt>
      <trkpt lat="50.01316500" lon="10.64515800">
        <ele>10675.62</ele>
        <time>2026-09-29T12:51:38Z</time>
      </trkpt>
      <trkpt lat="49.96079300" lon="10.59141400">
        <ele>10668.00</ele>
        <time>2026-09-29T12:52:09Z</time>
      </trkpt>
      <trkpt lat="49.90879400" lon="10.53811600">
        <ele>10675.62</ele>
        <time>2026-09-29T12:52:41Z</time>
      </trkpt>
      <trkpt lat="49.85618600" lon="10.48428200">
        <ele>10668.00</ele>
        <time>2026-09-29T12:53:12Z</time>
      </trkpt>
      <trkpt lat="49.80409600" lon="10.43122200">
        <ele>10668.00</ele>
        <time>2026-09-29T12:53:43Z</time>
      </trkpt>
      <trkpt lat="49.75223900" lon="10.37859200">
        <ele>10675.62</ele>
        <time>2026-09-29T12:54:14Z</time>
      </trkpt>
      <trkpt lat="49.69725000" lon="10.32281200">
        <ele>10675.62</ele>
        <time>2026-09-29T12:54:47Z</time>
      </trkpt>
      <trkpt lat="49.64586600" lon="10.26880200">
        <ele>10668.00</ele>
        <time>2026-09-29T12:55:18Z</time>
      </trkpt>
      <trkpt lat="49.59745400" lon="10.20889700">
        <ele>10675.62</ele>
        <time>2026-09-29T12:55:49Z</time>
      </trkpt>
      <trkpt lat="49.54893500" lon="10.14891000">
        <ele>10668.00</ele>
        <time>2026-09-29T12:56:20Z</time>
      </trkpt>
      <trkpt lat="49.50096100" lon="10.08949700">
        <ele>10660.38</ele>
        <time>2026-09-29T12:56:51Z</time>
      </trkpt>
      <trkpt lat="49.45243800" lon="10.02972200">
        <ele>10668.00</ele>
        <time>2026-09-29T12:57:23Z</time>
      </trkpt>
      <trkpt lat="49.40492200" lon="9.97100800">
        <ele>10668.00</ele>
        <time>2026-09-29T12:57:54Z</time>
      </trkpt>
      <trkpt lat="49.35667400" lon="9.91185100">
        <ele>10668.00</ele>
        <time>2026-09-29T12:58:25Z</time>
      </trkpt>
      <trkpt lat="49.30938700" lon="9.85401300">
        <ele>10668.00</ele>
        <time>2026-09-29T12:58:57Z</time>
      </trkpt>
      <trkpt lat="49.26086400" lon="9.79466300">
        <ele>10668.00</ele>
        <time>2026-09-29T12:59:28Z</time>
      </trkpt>
      <trkpt lat="49.21307000" lon="9.73648800">
        <ele>10660.38</ele>
        <time>2026-09-29T12:59:59Z</time>
      </trkpt>
      <trkpt lat="49.16554300" lon="9.67859400">
        <ele>10660.38</ele>
        <time>2026-09-29T13:00:30Z</time>
      </trkpt>
      <trkpt lat="49.11801100" lon="9.62106000">
        <ele>10660.38</ele>
        <time>2026-09-29T13:01:01Z</time>
      </trkpt>
      <trkpt lat="49.07034300" lon="9.56352600">
        <ele>10660.38</ele>
        <time>2026-09-29T13:01:32Z</time>
      </trkpt>
      <trkpt lat="49.02155300" lon="9.50454700">
        <ele>10668.00</ele>
        <time>2026-09-29T13:02:04Z</time>
      </trkpt>
      <trkpt lat="48.97430400" lon="9.44767900">
        <ele>10675.62</ele>
        <time>2026-09-29T13:02:34Z</time>
      </trkpt>
      <trkpt lat="48.92655900" lon="9.39035200">
        <ele>10675.62</ele>
        <time>2026-09-29T13:03:06Z</time>
      </trkpt>
      <trkpt lat="48.87771600" lon="9.33190000">
        <ele>10675.62</ele>
        <time>2026-09-29T13:03:37Z</time>
      </trkpt>
      <trkpt lat="48.82955900" lon="9.27443300">
        <ele>10668.00</ele>
        <time>2026-09-29T13:04:08Z</time>
      </trkpt>
      <trkpt lat="48.78089900" lon="9.21640200">
        <ele>10668.00</ele>
        <time>2026-09-29T13:04:39Z</time>
      </trkpt>
      <trkpt lat="48.73232700" lon="9.15862300">
        <ele>10668.00</ele>
        <time>2026-09-29T13:05:11Z</time>
      </trkpt>
      <trkpt lat="48.68376200" lon="9.10090500">
        <ele>10675.62</ele>
        <time>2026-09-29T13:05:42Z</time>
      </trkpt>
      <trkpt lat="48.63461300" lon="9.04290500">
        <ele>10675.62</ele>
        <time>2026-09-29T13:06:13Z</time>
      </trkpt>
      <trkpt lat="48.58644100" lon="8.98611300">
        <ele>10675.62</ele>
        <time>2026-09-29T13:06:45Z</time>
      </trkpt>
      <trkpt lat="48.53750600" lon="8.92871600">
        <ele>10675.62</ele>
        <time>2026-09-29T13:07:16Z</time>
      </trkpt>
      <trkpt lat="48.48989900" lon="8.87272700">
        <ele>10675.62</ele>
        <time>2026-09-29T13:07:47Z</time>
      </trkpt>
      <trkpt lat="48.44160500" lon="8.81617600">
        <ele>10675.62</ele>
        <time>2026-09-29T13:08:18Z</time>
      </trkpt>
      <trkpt lat="48.39333300" lon="8.75993400">
        <ele>10668.00</ele>
        <time>2026-09-29T13:08:49Z</time>
      </trkpt>
      <trkpt lat="48.34426500" lon="8.70276200">
        <ele>10660.38</ele>
        <time>2026-09-29T13:09:20Z</time>
      </trkpt>
      <trkpt lat="48.29682900" lon="8.64645700">
        <ele>10660.38</ele>
        <time>2026-09-29T13:09:51Z</time>
      </trkpt>
      <trkpt lat="48.24916100" lon="8.58733400">
        <ele>10668.00</ele>
        <time>2026-09-29T13:10:22Z</time>
      </trkpt>
      <trkpt lat="48.20214100" lon="8.52958300">
        <ele>10668.00</ele>
        <time>2026-09-29T13:10:53Z</time>
      </trkpt>
      <trkpt lat="48.15531900" lon="8.47251900">
        <ele>10675.62</ele>
        <time>2026-09-29T13:11:24Z</time>
      </trkpt>
      <trkpt lat="48.10794100" lon="8.41484100">
        <ele>10668.00</ele>
        <time>2026-09-29T13:11:55Z</time>
      </trkpt>
      <trkpt lat="48.05978400" lon="8.35640700">
        <ele>10668.00</ele>
        <time>2026-09-29T13:12:26Z</time>
      </trkpt>
      <trkpt lat="48.01230200" lon="8.29897400">
        <ele>10660.38</ele>
        <time>2026-09-29T13:12:58Z</time>
      </trkpt>
      <trkpt lat="47.96449300" lon="8.24129600">
        <ele>10660.38</ele>
        <time>2026-09-29T13:13:29Z</time>
      </trkpt>
      <trkpt lat="47.91700700" lon="8.18405900">
        <ele>10668.00</ele>
        <time>2026-09-29T13:14:00Z</time>
      </trkpt>
      <trkpt lat="47.86903400" lon="8.12645000">
        <ele>10668.00</ele>
        <time>2026-09-29T13:14:32Z</time>
      </trkpt>
      <trkpt lat="47.82174700" lon="8.06980100">
        <ele>10668.00</ele>
        <time>2026-09-29T13:15:03Z</time>
      </trkpt>
      <trkpt lat="47.77358200" lon="8.01220200">
        <ele>10668.00</ele>
        <time>2026-09-29T13:15:34Z</time>
      </trkpt>
      <trkpt lat="47.72623800" lon="7.95572100">
        <ele>10660.38</ele>
        <time>2026-09-29T13:16:05Z</time>
      </trkpt>
      <trkpt lat="47.67800900" lon="7.89848300">
        <ele>10668.00</ele>
        <time>2026-09-29T13:16:36Z</time>
      </trkpt>
      <trkpt lat="47.62934900" lon="7.84080500">
        <ele>10675.62</ele>
        <time>2026-09-29T13:17:07Z</time>
      </trkpt>
      <trkpt lat="47.58206600" lon="7.78472900">
        <ele>10675.62</ele>
        <time>2026-09-29T13:17:38Z</time>
      </trkpt>
      <trkpt lat="47.53358500" lon="7.72744000">
        <ele>10675.62</ele>
        <time>2026-09-29T13:18:10Z</time>
      </trkpt>
      <trkpt lat="47.48593100" lon="7.67120400">
        <ele>10675.62</ele>
        <time>2026-09-29T13:18:41Z</time>
      </trkpt>
      <trkpt lat="47.43822100" lon="7.61514500">
        <ele>10675.62</ele>
        <time>2026-09-29T13:19:12Z</time>
      </trkpt>
      <trkpt lat="47.38868700" lon="7.56274900">
        <ele>10675.62</ele>
        <time>2026-09-29T13:19:43Z</time>
      </trkpt>
      <trkpt lat="47.33935500" lon="7.51210800">
        <ele>10668.00</ele>
        <time>2026-09-29T13:20:14Z</time>
      </trkpt>
      <trkpt lat="47.28955100" lon="7.46109000">
        <ele>10660.38</ele>
        <time>2026-09-29T13:20:45Z</time>
      </trkpt>
      <trkpt lat="47.23990600" lon="7.41041900">
        <ele>10660.38</ele>
        <time>2026-09-29T13:21:16Z</time>
      </trkpt>
      <trkpt lat="47.19062800" lon="7.36042800">
        <ele>10652.76</ele>
        <time>2026-09-29T13:21:47Z</time>
      </trkpt>
      <trkpt lat="47.14065900" lon="7.30978200">
        <ele>10652.76</ele>
        <time>2026-09-29T13:22:18Z</time>
      </trkpt>
      <trkpt lat="47.09074400" lon="7.25921600">
        <ele>10660.38</ele>
        <time>2026-09-29T13:22:49Z</time>
      </trkpt>
      <trkpt lat="47.04089700" lon="7.20893300">
        <ele>10668.00</ele>
        <time>2026-09-29T13:23:21Z</time>
      </trkpt>
      <trkpt lat="46.99131800" lon="7.15889700">
        <ele>10675.62</ele>
        <time>2026-09-29T13:23:51Z</time>
      </trkpt>
      <trkpt lat="46.94174200" lon="7.10891000">
        <ele>10668.00</ele>
        <time>2026-09-29T13:24:22Z</time>
      </trkpt>
      <trkpt lat="46.89174300" lon="7.05871600">
        <ele>10675.62</ele>
        <time>2026-09-29T13:24:53Z</time>
      </trkpt>
      <trkpt lat="46.84146500" lon="7.00845300">
        <ele>10675.62</ele>
        <time>2026-09-29T13:25:24Z</time>
      </trkpt>
      <trkpt lat="46.79155000" lon="6.95856600">
        <ele>10668.00</ele>
        <time>2026-09-29T13:25:55Z</time>
      </trkpt>
      <trkpt lat="46.73922700" lon="6.91354900">
        <ele>10668.00</ele>
        <time>2026-09-29T13:26:26Z</time>
      </trkpt>
      <trkpt lat="46.68156100" lon="6.86885800">
        <ele>10668.00</ele>
        <time>2026-09-29T13:26:59Z</time>
      </trkpt>
      <trkpt lat="46.62732700" lon="6.82683600">
        <ele>10668.00</ele>
        <time>2026-09-29T13:27:30Z</time>
      </trkpt>
      <trkpt lat="46.57276900" lon="6.78474400">
        <ele>10668.00</ele>
        <time>2026-09-29T13:28:00Z</time>
      </trkpt>
      <trkpt lat="46.51748700" lon="6.74225600">
        <ele>10675.62</ele>
        <time>2026-09-29T13:28:32Z</time>
      </trkpt>
      <trkpt lat="46.46310400" lon="6.70052100">
        <ele>10668.00</ele>
        <time>2026-09-29T13:29:02Z</time>
      </trkpt>
      <trkpt lat="46.40750500" lon="6.65799000">
        <ele>10668.00</ele>
        <time>2026-09-29T13:29:33Z</time>
      </trkpt>
      <trkpt lat="46.35178400" lon="6.61548600">
        <ele>10668.00</ele>
        <time>2026-09-29T13:30:04Z</time>
      </trkpt>
      <trkpt lat="46.29643200" lon="6.57310700">
        <ele>10675.62</ele>
        <time>2026-09-29T13:30:36Z</time>
      </trkpt>
      <trkpt lat="46.24118000" lon="6.52983100">
        <ele>10683.24</ele>
        <time>2026-09-29T13:31:06Z</time>
      </trkpt>
      <trkpt lat="46.18694300" lon="6.48694600">
        <ele>10675.62</ele>
        <time>2026-09-29T13:31:37Z</time>
      </trkpt>
      <trkpt lat="46.13145100" lon="6.44300100">
        <ele>10668.00</ele>
        <time>2026-09-29T13:32:08Z</time>
      </trkpt>
      <trkpt lat="46.07675200" lon="6.40001700">
        <ele>10668.00</ele>
        <time>2026-09-29T13:32:39Z</time>
      </trkpt>
      <trkpt lat="46.02205300" lon="6.35785700">
        <ele>10660.38</ele>
        <time>2026-09-29T13:33:10Z</time>
      </trkpt>
      <trkpt lat="45.96638500" lon="6.31533000">
        <ele>10660.38</ele>
        <time>2026-09-29T13:33:41Z</time>
      </trkpt>
      <trkpt lat="45.91158700" lon="6.27374300">
        <ele>10668.00</ele>
        <time>2026-09-29T13:34:12Z</time>
      </trkpt>
      <trkpt lat="45.85595700" lon="6.23220100">
        <ele>10675.62</ele>
        <time>2026-09-29T13:34:43Z</time>
      </trkpt>
      <trkpt lat="45.80102500" lon="6.19093300">
        <ele>10683.24</ele>
        <time>2026-09-29T13:35:14Z</time>
      </trkpt>
      <trkpt lat="45.74334700" lon="6.14746900">
        <ele>10668.00</ele>
        <time>2026-09-29T13:35:47Z</time>
      </trkpt>
      <trkpt lat="45.68705700" lon="6.10525000">
        <ele>10660.38</ele>
        <time>2026-09-29T13:36:18Z</time>
      </trkpt>
      <trkpt lat="45.63259900" lon="6.06507100">
        <ele>10652.76</ele>
        <time>2026-09-29T13:36:49Z</time>
      </trkpt>
      <trkpt lat="45.57339500" lon="6.02158000">
        <ele>10652.76</ele>
        <time>2026-09-29T13:37:21Z</time>
      </trkpt>
      <trkpt lat="45.51837200" lon="5.98022500">
        <ele>10668.00</ele>
        <time>2026-09-29T13:37:52Z</time>
      </trkpt>
      <trkpt lat="45.46226500" lon="5.93724000">
        <ele>10668.00</ele>
        <time>2026-09-29T13:38:24Z</time>
      </trkpt>
      <trkpt lat="45.40314100" lon="5.89985900">
        <ele>10668.00</ele>
        <time>2026-09-29T13:38:55Z</time>
      </trkpt>
      <trkpt lat="45.40011600" lon="5.89852000">
        <ele>10668.00</ele>
        <time>2026-09-29T13:38:57Z</time>
      </trkpt>
      <trkpt lat="45.39569100" lon="5.89671600">
        <ele>10668.00</ele>
        <time>2026-09-29T13:38:59Z</time>
      </trkpt>
      <trkpt lat="45.39150600" lon="5.89517000">
        <ele>10668.00</ele>
        <time>2026-09-29T13:39:01Z</time>
      </trkpt>
      <trkpt lat="45.38726800" lon="5.89369600">
        <ele>10668.00</ele>
        <time>2026-09-29T13:39:03Z</time>
      </trkpt>
      <trkpt lat="45.38303000" lon="5.89235600">
        <ele>10668.00</ele>
        <time>2026-09-29T13:39:05Z</time>
      </trkpt>
      <trkpt lat="45.37902800" lon="5.89115000">
        <ele>10668.00</ele>
        <time>2026-09-29T13:39:07Z</time>
      </trkpt>
      <trkpt lat="45.37481700" lon="5.88998000">
        <ele>10668.00</ele>
        <time>2026-09-29T13:39:09Z</time>
      </trkpt>
      <trkpt lat="45.37001000" lon="5.88867200">
        <ele>10668.00</ele>
        <time>2026-09-29T13:39:11Z</time>
      </trkpt>
      <trkpt lat="45.36613500" lon="5.88760000">
        <ele>10668.00</ele>
        <time>2026-09-29T13:39:13Z</time>
      </trkpt>
      <trkpt lat="45.36119800" lon="5.88626000">
        <ele>10675.62</ele>
        <time>2026-09-29T13:39:15Z</time>
      </trkpt>
      <trkpt lat="45.35723900" lon="5.88514000">
        <ele>10668.00</ele>
        <time>2026-09-29T13:39:17Z</time>
      </trkpt>
      <trkpt lat="45.35385100" lon="5.88422500">
        <ele>10668.00</ele>
        <time>2026-09-29T13:39:19Z</time>
      </trkpt>
      <trkpt lat="45.29006600" lon="5.86669900">
        <ele>10675.62</ele>
        <time>2026-09-29T13:39:50Z</time>
      </trkpt>
      <trkpt lat="45.22587200" lon="5.84881300">
        <ele>10683.24</ele>
        <time>2026-09-29T13:40:21Z</time>
      </trkpt>
      <trkpt lat="45.16406300" lon="5.82425800">
        <ele>10683.24</ele>
        <time>2026-09-29T13:40:53Z</time>
      </trkpt>
      <trkpt lat="45.10102800" lon="5.79738100">
        <ele>10675.62</ele>
        <time>2026-09-29T13:41:24Z</time>
      </trkpt>
      <trkpt lat="45.03933700" lon="5.77090400">
        <ele>10668.00</ele>
        <time>2026-09-29T13:41:55Z</time>
      </trkpt>
      <trkpt lat="44.97738600" lon="5.74467200">
        <ele>10668.00</ele>
        <time>2026-09-29T13:42:26Z</time>
      </trkpt>
      <trkpt lat="44.91648500" lon="5.71878600">
        <ele>10668.00</ele>
        <time>2026-09-29T13:42:57Z</time>
      </trkpt>
      <trkpt lat="44.85466000" lon="5.69242200">
        <ele>10660.38</ele>
        <time>2026-09-29T13:43:29Z</time>
      </trkpt>
      <trkpt lat="44.79261000" lon="5.66613200">
        <ele>10652.76</ele>
        <time>2026-09-29T13:44:00Z</time>
      </trkpt>
      <trkpt lat="44.73092700" lon="5.64036800">
        <ele>10660.38</ele>
        <time>2026-09-29T13:44:31Z</time>
      </trkpt>
      <trkpt lat="44.66929200" lon="5.61434800">
        <ele>10675.62</ele>
        <time>2026-09-29T13:45:02Z</time>
      </trkpt>
      <trkpt lat="44.60861200" lon="5.58883700">
        <ele>10668.00</ele>
        <time>2026-09-29T13:45:33Z</time>
      </trkpt>
      <trkpt lat="44.54639400" lon="5.56276700">
        <ele>10660.38</ele>
        <time>2026-09-29T13:46:05Z</time>
      </trkpt>
      <trkpt lat="44.48497000" lon="5.53704400">
        <ele>10652.76</ele>
        <time>2026-09-29T13:46:36Z</time>
      </trkpt>
      <trkpt lat="44.42285200" lon="5.51108200">
        <ele>10652.76</ele>
        <time>2026-09-29T13:47:07Z</time>
      </trkpt>
      <trkpt lat="44.36037100" lon="5.48512500">
        <ele>10660.38</ele>
        <time>2026-09-29T13:47:39Z</time>
      </trkpt>
      <trkpt lat="44.29792800" lon="5.45922400">
        <ele>10668.00</ele>
        <time>2026-09-29T13:48:10Z</time>
      </trkpt>
      <trkpt lat="44.23580900" lon="5.43339300">
        <ele>10675.62</ele>
        <time>2026-09-29T13:48:41Z</time>
      </trkpt>
      <trkpt lat="44.17442300" lon="5.40795600">
        <ele>10683.24</ele>
        <time>2026-09-29T13:49:12Z</time>
      </trkpt>
      <trkpt lat="44.11203000" lon="5.38215100">
        <ele>10675.62</ele>
        <time>2026-09-29T13:49:43Z</time>
      </trkpt>
      <trkpt lat="44.04730200" lon="5.35557900">
        <ele>10683.24</ele>
        <time>2026-09-29T13:50:16Z</time>
      </trkpt>
      <trkpt lat="43.98595400" lon="5.33026600">
        <ele>10683.24</ele>
        <time>2026-09-29T13:50:47Z</time>
      </trkpt>
      <trkpt lat="43.92548000" lon="5.30535000">
        <ele>10668.00</ele>
        <time>2026-09-29T13:51:17Z</time>
      </trkpt>
      <trkpt lat="43.86417000" lon="5.28023900">
        <ele>10652.76</ele>
        <time>2026-09-29T13:51:48Z</time>
      </trkpt>
      <trkpt lat="43.80346700" lon="5.25388400">
        <ele>10652.76</ele>
        <time>2026-09-29T13:52:19Z</time>
      </trkpt>
      <trkpt lat="43.77232400" lon="5.23447400">
        <ele>10652.76</ele>
        <time>2026-09-29T13:52:36Z</time>
      </trkpt>
      <trkpt lat="43.76852400" lon="5.23166400">
        <ele>10652.76</ele>
        <time>2026-09-29T13:52:38Z</time>
      </trkpt>
      <trkpt lat="43.76501500" lon="5.22903400">
        <ele>10652.76</ele>
        <time>2026-09-29T13:52:40Z</time>
      </trkpt>
      <trkpt lat="43.76124600" lon="5.22610700">
        <ele>10652.76</ele>
        <time>2026-09-29T13:52:42Z</time>
      </trkpt>
      <trkpt lat="43.75758400" lon="5.22316900">
        <ele>10652.76</ele>
        <time>2026-09-29T13:52:44Z</time>
      </trkpt>
      <trkpt lat="43.75346400" lon="5.21971900">
        <ele>10652.76</ele>
        <time>2026-09-29T13:52:46Z</time>
      </trkpt>
      <trkpt lat="43.75007200" lon="5.21687100">
        <ele>10652.76</ele>
        <time>2026-09-29T13:52:48Z</time>
      </trkpt>
      <trkpt lat="43.74686100" lon="5.21399400">
        <ele>10652.76</ele>
        <time>2026-09-29T13:52:50Z</time>
      </trkpt>
      <trkpt lat="43.74327500" lon="5.21072400">
        <ele>10652.76</ele>
        <time>2026-09-29T13:52:52Z</time>
      </trkpt>
      <trkpt lat="43.73987600" lon="5.20758500">
        <ele>10652.76</ele>
        <time>2026-09-29T13:52:55Z</time>
      </trkpt>
      <trkpt lat="43.73638900" lon="5.20426200">
        <ele>10652.76</ele>
        <time>2026-09-29T13:52:57Z</time>
      </trkpt>
      <trkpt lat="43.73298600" lon="5.20098000">
        <ele>10652.76</ele>
        <time>2026-09-29T13:52:59Z</time>
      </trkpt>
      <trkpt lat="43.67761200" lon="5.14811700">
        <ele>10660.38</ele>
        <time>2026-09-29T13:53:32Z</time>
      </trkpt>
      <trkpt lat="43.62547300" lon="5.09874200">
        <ele>10675.62</ele>
        <time>2026-09-29T13:54:02Z</time>
      </trkpt>
      <trkpt lat="43.57443200" lon="5.04985300">
        <ele>10668.00</ele>
        <time>2026-09-29T13:54:33Z</time>
      </trkpt>
      <trkpt lat="43.52215200" lon="5.00008700">
        <ele>10668.00</ele>
        <time>2026-09-29T13:55:04Z</time>
      </trkpt>
      <trkpt lat="43.46969600" lon="4.95017100">
        <ele>10668.00</ele>
        <time>2026-09-29T13:55:35Z</time>
      </trkpt>
      <trkpt lat="43.41705300" lon="4.90015800">
        <ele>10675.62</ele>
        <time>2026-09-29T13:56:06Z</time>
      </trkpt>
      <trkpt lat="43.36396800" lon="4.85007100">
        <ele>10675.62</ele>
        <time>2026-09-29T13:56:37Z</time>
      </trkpt>
      <trkpt lat="43.31220200" lon="4.80102500">
        <ele>10660.38</ele>
        <time>2026-09-29T13:57:08Z</time>
      </trkpt>
      <trkpt lat="43.25972000" lon="4.75158700">
        <ele>10515.60</ele>
        <time>2026-09-29T13:57:39Z</time>
      </trkpt>
      <trkpt lat="43.20825200" lon="4.70306400">
        <ele>10378.44</ele>
        <time>2026-09-29T13:58:10Z</time>
      </trkpt>
      <trkpt lat="43.15518200" lon="4.65329800">
        <ele>10226.04</ele>
        <time>2026-09-29T13:58:42Z</time>
      </trkpt>
      <trkpt lat="43.09927400" lon="4.60320800">
        <ele>10073.64</ele>
        <time>2026-09-29T13:59:15Z</time>
      </trkpt>
      <trkpt lat="43.08307300" lon="4.59300500">
        <ele>10066.02</ele>
        <time>2026-09-29T13:59:23Z</time>
      </trkpt>
      <trkpt lat="43.07894900" lon="4.59081600">
        <ele>10066.02</ele>
        <time>2026-09-29T13:59:25Z</time>
      </trkpt>
      <trkpt lat="43.07569900" lon="4.58915500">
        <ele>10066.02</ele>
        <time>2026-09-29T13:59:27Z</time>
      </trkpt>
      <trkpt lat="43.07135000" lon="4.58704800">
        <ele>10058.40</ele>
        <time>2026-09-29T13:59:29Z</time>
      </trkpt>
      <trkpt lat="43.06705900" lon="4.58502600">
        <ele>10058.40</ele>
        <time>2026-09-29T13:59:31Z</time>
      </trkpt>
      <trkpt lat="43.06310300" lon="4.58319500">
        <ele>10058.40</ele>
        <time>2026-09-29T13:59:33Z</time>
      </trkpt>
      <trkpt lat="43.05894500" lon="4.58129900">
        <ele>10058.40</ele>
        <time>2026-09-29T13:59:35Z</time>
      </trkpt>
      <trkpt lat="43.05569500" lon="4.57989400">
        <ele>10058.40</ele>
        <time>2026-09-29T13:59:37Z</time>
      </trkpt>
      <trkpt lat="43.05099900" lon="4.57776700">
        <ele>10058.40</ele>
        <time>2026-09-29T13:59:39Z</time>
      </trkpt>
      <trkpt lat="43.04708900" lon="4.57606700">
        <ele>10058.40</ele>
        <time>2026-09-29T13:59:41Z</time>
      </trkpt>
      <trkpt lat="43.04319800" lon="4.57433700">
        <ele>10058.40</ele>
        <time>2026-09-29T13:59:43Z</time>
      </trkpt>
      <trkpt lat="43.03921900" lon="4.57260100">
        <ele>10058.40</ele>
        <time>2026-09-29T13:59:46Z</time>
      </trkpt>
      <trkpt lat="42.97684100" lon="4.54539700">
        <ele>10058.40</ele>
        <time>2026-09-29T14:00:17Z</time>
      </trkpt>
      <trkpt lat="42.91445900" lon="4.51865100">
        <ele>10058.40</ele>
        <time>2026-09-29T14:00:48Z</time>
      </trkpt>
      <trkpt lat="42.85405000" lon="4.49232200">
        <ele>10058.40</ele>
        <time>2026-09-29T14:01:19Z</time>
      </trkpt>
      <trkpt lat="42.79238900" lon="4.46481900">
        <ele>10050.78</ele>
        <time>2026-09-29T14:01:50Z</time>
      </trkpt>
      <trkpt lat="42.73206700" lon="4.43783800">
        <ele>10050.78</ele>
        <time>2026-09-29T14:02:21Z</time>
      </trkpt>
      <trkpt lat="42.66833500" lon="4.40982500">
        <ele>10050.78</ele>
        <time>2026-09-29T14:02:53Z</time>
      </trkpt>
      <trkpt lat="42.60637700" lon="4.38271500">
        <ele>10058.40</ele>
        <time>2026-09-29T14:03:24Z</time>
      </trkpt>
      <trkpt lat="42.54330100" lon="4.35429000">
        <ele>10073.64</ele>
        <time>2026-09-29T14:03:56Z</time>
      </trkpt>
      <trkpt lat="42.48101800" lon="4.32592900">
        <ele>9936.48</ele>
        <time>2026-09-29T14:04:27Z</time>
      </trkpt>
      <trkpt lat="42.41853300" lon="4.29740200">
        <ele>9563.10</ele>
        <time>2026-09-29T14:04:59Z</time>
      </trkpt>
      <trkpt lat="42.35718200" lon="4.26889100">
        <ele>9189.72</ele>
        <time>2026-09-29T14:05:30Z</time>
      </trkpt>
      <trkpt lat="42.29512800" lon="4.23861500">
        <ele>8793.48</ele>
        <time>2026-09-29T14:06:01Z</time>
      </trkpt>
      <trkpt lat="42.23419200" lon="4.20808300">
        <ele>8412.48</ele>
        <time>2026-09-29T14:06:32Z</time>
      </trkpt>
      <trkpt lat="42.17427100" lon="4.17848800">
        <ele>8237.22</ele>
        <time>2026-09-29T14:07:03Z</time>
      </trkpt>
      <trkpt lat="42.11562300" lon="4.14983000">
        <ele>8229.60</ele>
        <time>2026-09-29T14:07:35Z</time>
      </trkpt>
      <trkpt lat="42.05710600" lon="4.12121400">
        <ele>8229.60</ele>
        <time>2026-09-29T14:08:06Z</time>
      </trkpt>
      <trkpt lat="41.99826400" lon="4.09227900">
        <ele>8229.60</ele>
        <time>2026-09-29T14:08:37Z</time>
      </trkpt>
      <trkpt lat="41.93928500" lon="4.06027800">
        <ele>8229.60</ele>
        <time>2026-09-29T14:09:09Z</time>
      </trkpt>
      <trkpt lat="41.92854300" lon="4.05214500">
        <ele>8229.60</ele>
        <time>2026-09-29T14:09:15Z</time>
      </trkpt>
      <trkpt lat="41.92506400" lon="4.04921100">
        <ele>8229.60</ele>
        <time>2026-09-29T14:09:17Z</time>
      </trkpt>
      <trkpt lat="41.92140600" lon="4.04603500">
        <ele>8229.60</ele>
        <time>2026-09-29T14:09:19Z</time>
      </trkpt>
      <trkpt lat="41.91740400" lon="4.04226600">
        <ele>8229.60</ele>
        <time>2026-09-29T14:09:21Z</time>
      </trkpt>
      <trkpt lat="41.91426100" lon="4.03922300">
        <ele>8229.60</ele>
        <time>2026-09-29T14:09:23Z</time>
      </trkpt>
      <trkpt lat="41.91128500" lon="4.03616500">
        <ele>8229.60</ele>
        <time>2026-09-29T14:09:25Z</time>
      </trkpt>
      <trkpt lat="41.90803500" lon="4.03279400">
        <ele>8229.60</ele>
        <time>2026-09-29T14:09:27Z</time>
      </trkpt>
      <trkpt lat="41.90469400" lon="4.02910800">
        <ele>8229.60</ele>
        <time>2026-09-29T14:09:29Z</time>
      </trkpt>
      <trkpt lat="41.90162300" lon="4.02559500">
        <ele>8229.60</ele>
        <time>2026-09-29T14:09:31Z</time>
      </trkpt>
      <trkpt lat="41.89874300" lon="4.02224400">
        <ele>8229.60</ele>
        <time>2026-09-29T14:09:33Z</time>
      </trkpt>
      <trkpt lat="41.89508100" lon="4.01793700">
        <ele>8229.60</ele>
        <time>2026-09-29T14:09:36Z</time>
      </trkpt>
      <trkpt lat="41.89219700" lon="4.01450400">
        <ele>8229.60</ele>
        <time>2026-09-29T14:09:38Z</time>
      </trkpt>
      <trkpt lat="41.88914500" lon="4.01096800">
        <ele>8229.60</ele>
        <time>2026-09-29T14:09:40Z</time>
      </trkpt>
      <trkpt lat="41.88598300" lon="4.00726300">
        <ele>8229.60</ele>
        <time>2026-09-29T14:09:42Z</time>
      </trkpt>
      <trkpt lat="41.88248800" lon="4.00317500">
        <ele>8229.60</ele>
        <time>2026-09-29T14:09:44Z</time>
      </trkpt>
      <trkpt lat="41.87928800" lon="3.99946000">
        <ele>8229.60</ele>
        <time>2026-09-29T14:09:46Z</time>
      </trkpt>
      <trkpt lat="41.83509800" lon="3.94805200">
        <ele>8229.60</ele>
        <time>2026-09-29T14:10:17Z</time>
      </trkpt>
      <trkpt lat="41.79003500" lon="3.89554800">
        <ele>8122.92</ele>
        <time>2026-09-29T14:10:49Z</time>
      </trkpt>
      <trkpt lat="41.74594100" lon="3.84415400">
        <ele>7879.08</ele>
        <time>2026-09-29T14:11:21Z</time>
      </trkpt>
      <trkpt lat="41.70249900" lon="3.79365400">
        <ele>7650.48</ele>
        <time>2026-09-29T14:11:52Z</time>
      </trkpt>
      <trkpt lat="41.65908400" lon="3.74314400">
        <ele>7620.00</ele>
        <time>2026-09-29T14:12:24Z</time>
      </trkpt>
      <trkpt lat="41.61630200" lon="3.69346600">
        <ele>7620.00</ele>
        <time>2026-09-29T14:12:55Z</time>
      </trkpt>
      <trkpt lat="41.57318100" lon="3.64365300">
        <ele>7620.00</ele>
        <time>2026-09-29T14:13:26Z</time>
      </trkpt>
      <trkpt lat="41.53074600" lon="3.59465200">
        <ele>7620.00</ele>
        <time>2026-09-29T14:13:57Z</time>
      </trkpt>
      <trkpt lat="41.49052000" lon="3.54104700">
        <ele>7490.46</ele>
        <time>2026-09-29T14:14:29Z</time>
      </trkpt>
      <trkpt lat="41.48805200" lon="3.53702300">
        <ele>7459.98</ele>
        <time>2026-09-29T14:14:31Z</time>
      </trkpt>
      <trkpt lat="41.48572500" lon="3.53325400">
        <ele>7429.50</ele>
        <time>2026-09-29T14:14:33Z</time>
      </trkpt>
      <trkpt lat="41.48335300" lon="3.52929400">
        <ele>7399.02</ele>
        <time>2026-09-29T14:14:35Z</time>
      </trkpt>
      <trkpt lat="41.48120900" lon="3.52571700">
        <ele>7376.16</ele>
        <time>2026-09-29T14:14:37Z</time>
      </trkpt>
      <trkpt lat="41.44783000" lon="3.46823000">
        <ele>6941.82</ele>
        <time>2026-09-29T14:15:08Z</time>
      </trkpt>
      <trkpt lat="41.41374200" lon="3.41119200">
        <ele>6637.02</ele>
        <time>2026-09-29T14:15:39Z</time>
      </trkpt>
      <trkpt lat="41.37949400" lon="3.35426300">
        <ele>6339.84</ele>
        <time>2026-09-29T14:16:11Z</time>
      </trkpt>
      <trkpt lat="41.35952400" lon="3.32673500">
        <ele>6195.06</ele>
        <time>2026-09-29T14:16:27Z</time>
      </trkpt>
      <trkpt lat="41.35670500" lon="3.32391400">
        <ele>6179.82</ele>
        <time>2026-09-29T14:16:29Z</time>
      </trkpt>
      <trkpt lat="41.35382100" lon="3.32122800">
        <ele>6164.58</ele>
        <time>2026-09-29T14:16:32Z</time>
      </trkpt>
      <trkpt lat="41.35128400" lon="3.31893200">
        <ele>6156.96</ele>
        <time>2026-09-29T14:16:34Z</time>
      </trkpt>
      <trkpt lat="41.34820900" lon="3.31618600">
        <ele>6141.72</ele>
        <time>2026-09-29T14:16:36Z</time>
      </trkpt>
      <trkpt lat="41.34560400" lon="3.31387600">
        <ele>6134.10</ele>
        <time>2026-09-29T14:16:38Z</time>
      </trkpt>
      <trkpt lat="41.34262500" lon="3.31125400">
        <ele>6126.48</ele>
        <time>2026-09-29T14:16:40Z</time>
      </trkpt>
      <trkpt lat="41.33969100" lon="3.30869500">
        <ele>6118.86</ele>
        <time>2026-09-29T14:16:42Z</time>
      </trkpt>
      <trkpt lat="41.33592200" lon="3.30529800">
        <ele>6111.24</ele>
        <time>2026-09-29T14:16:44Z</time>
      </trkpt>
      <trkpt lat="41.33322100" lon="3.30289000">
        <ele>6103.62</ele>
        <time>2026-09-29T14:16:46Z</time>
      </trkpt>
      <trkpt lat="41.33042900" lon="3.30041500">
        <ele>6096.00</ele>
        <time>2026-09-29T14:16:49Z</time>
      </trkpt>
      <trkpt lat="41.32704200" lon="3.29742400">
        <ele>6080.76</ele>
        <time>2026-09-29T14:16:51Z</time>
      </trkpt>
      <trkpt lat="41.32423400" lon="3.29490000">
        <ele>6073.14</ele>
        <time>2026-09-29T14:16:53Z</time>
      </trkpt>
      <trkpt lat="41.27963600" lon="3.25526100">
        <ele>5905.50</ele>
        <time>2026-09-29T14:17:24Z</time>
      </trkpt>
      <trkpt lat="41.23648500" lon="3.21749600">
        <ele>5753.10</ele>
        <time>2026-09-29T14:17:56Z</time>
      </trkpt>
      <trkpt lat="41.19342000" lon="3.17981000">
        <ele>5600.70</ele>
        <time>2026-09-29T14:18:27Z</time>
      </trkpt>
      <trkpt lat="41.15031400" lon="3.14209000">
        <ele>5433.06</ele>
        <time>2026-09-29T14:18:59Z</time>
      </trkpt>
      <trkpt lat="41.10932900" lon="3.10534700">
        <ele>5280.66</ele>
        <time>2026-09-29T14:19:30Z</time>
      </trkpt>
      <trkpt lat="41.10162400" lon="3.09564800">
        <ele>5234.94</ele>
        <time>2026-09-29T14:19:37Z</time>
      </trkpt>
      <trkpt lat="41.09989900" lon="3.09308800">
        <ele>5227.32</ele>
        <time>2026-09-29T14:19:39Z</time>
      </trkpt>
      <trkpt lat="41.09779400" lon="3.08966100">
        <ele>5219.70</ele>
        <time>2026-09-29T14:19:41Z</time>
      </trkpt>
      <trkpt lat="41.09582500" lon="3.08612100">
        <ele>5204.46</ele>
        <time>2026-09-29T14:19:43Z</time>
      </trkpt>
      <trkpt lat="41.09362800" lon="3.08184800">
        <ele>5189.22</ele>
        <time>2026-09-29T14:19:45Z</time>
      </trkpt>
      <trkpt lat="41.09193400" lon="3.07818600">
        <ele>5181.60</ele>
        <time>2026-09-29T14:19:47Z</time>
      </trkpt>
      <trkpt lat="41.09037800" lon="3.07428000">
        <ele>5166.36</ele>
        <time>2026-09-29T14:19:49Z</time>
      </trkpt>
      <trkpt lat="41.08910000" lon="3.07086600">
        <ele>5158.74</ele>
        <time>2026-09-29T14:19:52Z</time>
      </trkpt>
      <trkpt lat="41.08763100" lon="3.06622300">
        <ele>5143.50</ele>
        <time>2026-09-29T14:19:54Z</time>
      </trkpt>
      <trkpt lat="41.08657800" lon="3.06250000">
        <ele>5135.88</ele>
        <time>2026-09-29T14:19:56Z</time>
      </trkpt>
      <trkpt lat="41.08570100" lon="3.05863100">
        <ele>5128.26</ele>
        <time>2026-09-29T14:19:58Z</time>
      </trkpt>
      <trkpt lat="41.08481600" lon="3.05426200">
        <ele>5113.02</ele>
        <time>2026-09-29T14:20:00Z</time>
      </trkpt>
      <trkpt lat="41.08416400" lon="3.05014200">
        <ele>5105.40</ele>
        <time>2026-09-29T14:20:02Z</time>
      </trkpt>
      <trkpt lat="41.08355700" lon="3.04516600">
        <ele>5097.78</ele>
        <time>2026-09-29T14:20:04Z</time>
      </trkpt>
      <trkpt lat="41.08314100" lon="3.04121500">
        <ele>5090.16</ele>
        <time>2026-09-29T14:20:06Z</time>
      </trkpt>
      <trkpt lat="41.08276700" lon="3.03734500">
        <ele>5082.54</ele>
        <time>2026-09-29T14:20:08Z</time>
      </trkpt>
      <trkpt lat="41.08232100" lon="3.03302000">
        <ele>5074.92</ele>
        <time>2026-09-29T14:20:10Z</time>
      </trkpt>
      <trkpt lat="41.08190900" lon="3.02850300">
        <ele>5067.30</ele>
        <time>2026-09-29T14:20:13Z</time>
      </trkpt>
      <trkpt lat="41.08140600" lon="3.02349900">
        <ele>5059.68</ele>
        <time>2026-09-29T14:20:15Z</time>
      </trkpt>
      <trkpt lat="41.08099400" lon="3.01916500">
        <ele>5052.06</ele>
        <time>2026-09-29T14:20:17Z</time>
      </trkpt>
      <trkpt lat="41.08067300" lon="3.01556400">
        <ele>5052.06</ele>
        <time>2026-09-29T14:20:19Z</time>
      </trkpt>
      <trkpt lat="41.08026100" lon="3.01129200">
        <ele>5044.44</ele>
        <time>2026-09-29T14:20:21Z</time>
      </trkpt>
      <trkpt lat="41.07983800" lon="3.00707000">
        <ele>5029.20</ele>
        <time>2026-09-29T14:20:23Z</time>
      </trkpt>
      <trkpt lat="41.07937200" lon="3.00251400">
        <ele>5021.58</ele>
        <time>2026-09-29T14:20:25Z</time>
      </trkpt>
      <trkpt lat="41.07885700" lon="2.99739500">
        <ele>5013.96</ele>
        <time>2026-09-29T14:20:27Z</time>
      </trkpt>
      <trkpt lat="41.07247900" lon="2.93444800">
        <ele>4846.32</ele>
        <time>2026-09-29T14:20:58Z</time>
      </trkpt>
      <trkpt lat="41.06587200" lon="2.86855500">
        <ele>4693.92</ele>
        <time>2026-09-29T14:21:30Z</time>
      </trkpt>
      <trkpt lat="41.05935300" lon="2.80332400">
        <ele>4533.90</ele>
        <time>2026-09-29T14:22:02Z</time>
      </trkpt>
      <trkpt lat="41.05330300" lon="2.74196300">
        <ele>4381.50</ele>
        <time>2026-09-29T14:22:32Z</time>
      </trkpt>
      <trkpt lat="41.04711900" lon="2.68017600">
        <ele>4229.10</ele>
        <time>2026-09-29T14:23:04Z</time>
      </trkpt>
      <trkpt lat="41.04071000" lon="2.61560100">
        <ele>4000.50</ele>
        <time>2026-09-29T14:23:36Z</time>
      </trkpt>
      <trkpt lat="41.03430900" lon="2.55219900">
        <ele>3695.70</ele>
        <time>2026-09-29T14:24:08Z</time>
      </trkpt>
      <trkpt lat="41.02807600" lon="2.49047900">
        <ele>3406.14</ele>
        <time>2026-09-29T14:24:40Z</time>
      </trkpt>
      <trkpt lat="41.02523800" lon="2.46246300">
        <ele>3276.60</ele>
        <time>2026-09-29T14:24:55Z</time>
      </trkpt>
      <trkpt lat="41.02272000" lon="2.43811000">
        <ele>3215.64</ele>
        <time>2026-09-29T14:25:08Z</time>
      </trkpt>
      <trkpt lat="41.01997000" lon="2.41093700">
        <ele>3162.30</ele>
        <time>2026-09-29T14:25:22Z</time>
      </trkpt>
      <trkpt lat="41.01773500" lon="2.38865300">
        <ele>3108.96</ele>
        <time>2026-09-29T14:25:35Z</time>
      </trkpt>
      <trkpt lat="41.01773500" lon="2.37354600">
        <ele>3086.10</ele>
        <time>2026-09-29T14:25:43Z</time>
      </trkpt>
      <trkpt lat="41.01805100" lon="2.37017800">
        <ele>3078.48</ele>
        <time>2026-09-29T14:25:45Z</time>
      </trkpt>
      <trkpt lat="41.01846300" lon="2.36682100">
        <ele>3070.86</ele>
        <time>2026-09-29T14:25:48Z</time>
      </trkpt>
      <trkpt lat="41.01915000" lon="2.36242700">
        <ele>3063.24</ele>
        <time>2026-09-29T14:25:50Z</time>
      </trkpt>
      <trkpt lat="41.01987800" lon="2.35887700">
        <ele>3063.24</ele>
        <time>2026-09-29T14:25:52Z</time>
      </trkpt>
      <trkpt lat="41.02066800" lon="2.35525700">
        <ele>3055.62</ele>
        <time>2026-09-29T14:25:54Z</time>
      </trkpt>
      <trkpt lat="41.02150700" lon="2.35163600">
        <ele>3055.62</ele>
        <time>2026-09-29T14:25:56Z</time>
      </trkpt>
      <trkpt lat="41.02225100" lon="2.34826500">
        <ele>3055.62</ele>
        <time>2026-09-29T14:25:58Z</time>
      </trkpt>
      <trkpt lat="41.02304100" lon="2.34483200">
        <ele>3048.00</ele>
        <time>2026-09-29T14:26:00Z</time>
      </trkpt>
      <trkpt lat="41.02406700" lon="2.34027500">
        <ele>3048.00</ele>
        <time>2026-09-29T14:26:03Z</time>
      </trkpt>
      <trkpt lat="41.02490600" lon="2.33678000">
        <ele>3040.38</ele>
        <time>2026-09-29T14:26:05Z</time>
      </trkpt>
      <trkpt lat="41.02551300" lon="2.33410600">
        <ele>3040.38</ele>
        <time>2026-09-29T14:26:07Z</time>
      </trkpt>
      <trkpt lat="41.02630200" lon="2.33060000">
        <ele>3032.76</ele>
        <time>2026-09-29T14:26:09Z</time>
      </trkpt>
      <trkpt lat="41.02729800" lon="2.32635500">
        <ele>3025.14</ele>
        <time>2026-09-29T14:26:11Z</time>
      </trkpt>
      <trkpt lat="41.02806900" lon="2.32292200">
        <ele>3025.14</ele>
        <time>2026-09-29T14:26:13Z</time>
      </trkpt>
      <trkpt lat="41.02886200" lon="2.31961300">
        <ele>3017.52</ele>
        <time>2026-09-29T14:26:15Z</time>
      </trkpt>
      <trkpt lat="41.03393600" lon="2.29732900">
        <ele>2987.04</ele>
        <time>2026-09-29T14:26:28Z</time>
      </trkpt>
      <trkpt lat="41.03869600" lon="2.27636700">
        <ele>2956.56</ele>
        <time>2026-09-29T14:26:41Z</time>
      </trkpt>
      <trkpt lat="41.04371300" lon="2.25463200">
        <ele>2926.08</ele>
        <time>2026-09-29T14:26:54Z</time>
      </trkpt>
      <trkpt lat="41.04929700" lon="2.23059900">
        <ele>2857.50</ele>
        <time>2026-09-29T14:27:09Z</time>
      </trkpt>
      <trkpt lat="41.05423400" lon="2.20950000">
        <ele>2766.06</ele>
        <time>2026-09-29T14:27:21Z</time>
      </trkpt>
      <trkpt lat="41.05929600" lon="2.18798800">
        <ele>2682.24</ele>
        <time>2026-09-29T14:27:34Z</time>
      </trkpt>
      <trkpt lat="41.06492600" lon="2.16406300">
        <ele>2590.80</ele>
        <time>2026-09-29T14:27:49Z</time>
      </trkpt>
      <trkpt lat="41.06982800" lon="2.14295800">
        <ele>2506.98</ele>
        <time>2026-09-29T14:28:02Z</time>
      </trkpt>
      <trkpt lat="41.07458500" lon="2.12225300">
        <ele>2423.16</ele>
        <time>2026-09-29T14:28:14Z</time>
      </trkpt>
      <trkpt lat="41.07952900" lon="2.10095200">
        <ele>2339.34</ele>
        <time>2026-09-29T14:28:27Z</time>
      </trkpt>
      <trkpt lat="41.08483900" lon="2.07806400">
        <ele>2301.24</ele>
        <time>2026-09-29T14:28:41Z</time>
      </trkpt>
      <trkpt lat="41.08933300" lon="2.05868800">
        <ele>2263.14</ele>
        <time>2026-09-29T14:28:54Z</time>
      </trkpt>
      <trkpt lat="41.09381100" lon="2.03930700">
        <ele>2217.42</ele>
        <time>2026-09-29T14:29:07Z</time>
      </trkpt>
      <trkpt lat="41.09869000" lon="2.01830100">
        <ele>2171.70</ele>
        <time>2026-09-29T14:29:21Z</time>
      </trkpt>
      <trkpt lat="41.10287500" lon="2.00006100">
        <ele>2125.98</ele>
        <time>2026-09-29T14:29:34Z</time>
      </trkpt>
      <trkpt lat="41.10694900" lon="1.98217800">
        <ele>2057.40</ele>
        <time>2026-09-29T14:29:47Z</time>
      </trkpt>
      <trkpt lat="41.11153800" lon="1.96218300">
        <ele>1965.96</ele>
        <time>2026-09-29T14:30:01Z</time>
      </trkpt>
      <trkpt lat="41.11605800" lon="1.94244400">
        <ele>1851.66</ele>
        <time>2026-09-29T14:30:16Z</time>
      </trkpt>
      <trkpt lat="41.12022400" lon="1.92443800">
        <ele>1752.60</ele>
        <time>2026-09-29T14:30:28Z</time>
      </trkpt>
      <trkpt lat="41.12416100" lon="1.90741000">
        <ele>1645.92</ele>
        <time>2026-09-29T14:30:41Z</time>
      </trkpt>
      <trkpt lat="41.12834200" lon="1.88927400">
        <ele>1539.24</ele>
        <time>2026-09-29T14:30:54Z</time>
      </trkpt>
      <trkpt lat="41.13317900" lon="1.86846900">
        <ele>1447.80</ele>
        <time>2026-09-29T14:31:09Z</time>
      </trkpt>
      <trkpt lat="41.13574200" lon="1.85717800">
        <ele>1417.32</ele>
        <time>2026-09-29T14:31:17Z</time>
      </trkpt>
      <trkpt lat="41.13634900" lon="1.85388000">
        <ele>1409.70</ele>
        <time>2026-09-29T14:31:20Z</time>
      </trkpt>
      <trkpt lat="41.13676800" lon="1.85069700">
        <ele>1394.46</ele>
        <time>2026-09-29T14:31:22Z</time>
      </trkpt>
      <trkpt lat="41.13695500" lon="1.84776300">
        <ele>1386.84</ele>
        <time>2026-09-29T14:31:24Z</time>
      </trkpt>
      <trkpt lat="41.13705100" lon="1.84501600">
        <ele>1379.22</ele>
        <time>2026-09-29T14:31:26Z</time>
      </trkpt>
      <trkpt lat="41.13702400" lon="1.84216300">
        <ele>1371.60</ele>
        <time>2026-09-29T14:31:28Z</time>
      </trkpt>
      <trkpt lat="41.13686400" lon="1.83864900">
        <ele>1356.36</ele>
        <time>2026-09-29T14:31:30Z</time>
      </trkpt>
      <trkpt lat="41.13661200" lon="1.83624300">
        <ele>1348.74</ele>
        <time>2026-09-29T14:31:33Z</time>
      </trkpt>
      <trkpt lat="41.13620000" lon="1.83331300">
        <ele>1341.12</ele>
        <time>2026-09-29T14:31:35Z</time>
      </trkpt>
      <trkpt lat="41.13569600" lon="1.83093300">
        <ele>1333.50</ele>
        <time>2026-09-29T14:31:37Z</time>
      </trkpt>
      <trkpt lat="41.13505600" lon="1.82830800">
        <ele>1325.88</ele>
        <time>2026-09-29T14:31:39Z</time>
      </trkpt>
      <trkpt lat="41.13432300" lon="1.82574500">
        <ele>1318.26</ele>
        <time>2026-09-29T14:31:41Z</time>
      </trkpt>
      <trkpt lat="41.13355600" lon="1.82316900">
        <ele>1318.26</ele>
        <time>2026-09-29T14:31:43Z</time>
      </trkpt>
      <trkpt lat="41.13258400" lon="1.82019000">
        <ele>1310.64</ele>
        <time>2026-09-29T14:31:45Z</time>
      </trkpt>
      <trkpt lat="41.13183600" lon="1.81780000">
        <ele>1303.02</ele>
        <time>2026-09-29T14:31:47Z</time>
      </trkpt>
      <trkpt lat="41.13107300" lon="1.81555200">
        <ele>1303.02</ele>
        <time>2026-09-29T14:31:49Z</time>
      </trkpt>
      <trkpt lat="41.13011200" lon="1.81268300">
        <ele>1295.40</ele>
        <time>2026-09-29T14:31:51Z</time>
      </trkpt>
      <trkpt lat="41.12936800" lon="1.81037200">
        <ele>1287.78</ele>
        <time>2026-09-29T14:31:53Z</time>
      </trkpt>
      <trkpt lat="41.12855500" lon="1.80798300">
        <ele>1280.16</ele>
        <time>2026-09-29T14:31:56Z</time>
      </trkpt>
      <trkpt lat="41.12778500" lon="1.80556600">
        <ele>1280.16</ele>
        <time>2026-09-29T14:31:58Z</time>
      </trkpt>
      <trkpt lat="41.12704500" lon="1.80310100">
        <ele>1272.54</ele>
        <time>2026-09-29T14:32:00Z</time>
      </trkpt>
      <trkpt lat="41.12649500" lon="1.80065900">
        <ele>1264.92</ele>
        <time>2026-09-29T14:32:02Z</time>
      </trkpt>
      <trkpt lat="41.12596900" lon="1.79745100">
        <ele>1257.30</ele>
        <time>2026-09-29T14:32:04Z</time>
      </trkpt>
      <trkpt lat="41.12569000" lon="1.79507900">
        <ele>1249.68</ele>
        <time>2026-09-29T14:32:06Z</time>
      </trkpt>
      <trkpt lat="41.12558000" lon="1.79223600">
        <ele>1242.06</ele>
        <time>2026-09-29T14:32:08Z</time>
      </trkpt>
      <trkpt lat="41.12562600" lon="1.78979500">
        <ele>1242.06</ele>
        <time>2026-09-29T14:32:10Z</time>
      </trkpt>
      <trkpt lat="41.12580900" lon="1.78729200">
        <ele>1234.44</ele>
        <time>2026-09-29T14:32:12Z</time>
      </trkpt>
      <trkpt lat="41.12622100" lon="1.78411900">
        <ele>1226.82</ele>
        <time>2026-09-29T14:32:14Z</time>
      </trkpt>
      <trkpt lat="41.12671300" lon="1.78159500">
        <ele>1219.20</ele>
        <time>2026-09-29T14:32:16Z</time>
      </trkpt>
      <trkpt lat="41.12746000" lon="1.77891100">
        <ele>1219.20</ele>
        <time>2026-09-29T14:32:19Z</time>
      </trkpt>
      <trkpt lat="41.12815900" lon="1.77691400">
        <ele>1211.58</ele>
        <time>2026-09-29T14:32:21Z</time>
      </trkpt>
      <trkpt lat="41.12933300" lon="1.77404800">
        <ele>1203.96</ele>
        <time>2026-09-29T14:32:23Z</time>
      </trkpt>
      <trkpt lat="41.13053100" lon="1.77185800">
        <ele>1203.96</ele>
        <time>2026-09-29T14:32:25Z</time>
      </trkpt>
      <trkpt lat="41.13185100" lon="1.76965300">
        <ele>1196.34</ele>
        <time>2026-09-29T14:32:27Z</time>
      </trkpt>
      <trkpt lat="41.13299900" lon="1.76792500">
        <ele>1188.72</ele>
        <time>2026-09-29T14:32:29Z</time>
      </trkpt>
      <trkpt lat="41.13446000" lon="1.76611300">
        <ele>1188.72</ele>
        <time>2026-09-29T14:32:31Z</time>
      </trkpt>
      <trkpt lat="41.13610800" lon="1.76434300">
        <ele>1181.10</ele>
        <time>2026-09-29T14:32:33Z</time>
      </trkpt>
      <trkpt lat="41.13839700" lon="1.76245100">
        <ele>1181.10</ele>
        <time>2026-09-29T14:32:35Z</time>
      </trkpt>
      <trkpt lat="41.14013700" lon="1.76123000">
        <ele>1181.10</ele>
        <time>2026-09-29T14:32:37Z</time>
      </trkpt>
      <trkpt lat="41.14207500" lon="1.76012200">
        <ele>1173.48</ele>
        <time>2026-09-29T14:32:40Z</time>
      </trkpt>
      <trkpt lat="41.14394000" lon="1.75924800">
        <ele>1173.48</ele>
        <time>2026-09-29T14:32:42Z</time>
      </trkpt>
      <trkpt lat="41.14617900" lon="1.75848400">
        <ele>1165.86</ele>
        <time>2026-09-29T14:32:44Z</time>
      </trkpt>
      <trkpt lat="41.14810200" lon="1.75805700">
        <ele>1165.86</ele>
        <time>2026-09-29T14:32:46Z</time>
      </trkpt>
      <trkpt lat="41.15059700" lon="1.75781300">
        <ele>1165.86</ele>
        <time>2026-09-29T14:32:48Z</time>
      </trkpt>
      <trkpt lat="41.15282800" lon="1.75781300">
        <ele>1158.24</ele>
        <time>2026-09-29T14:32:51Z</time>
      </trkpt>
      <trkpt lat="41.15542600" lon="1.75805700">
        <ele>1158.24</ele>
        <time>2026-09-29T14:32:53Z</time>
      </trkpt>
      <trkpt lat="41.15734900" lon="1.75848400">
        <ele>1158.24</ele>
        <time>2026-09-29T14:32:55Z</time>
      </trkpt>
      <trkpt lat="41.15920600" lon="1.75912300">
        <ele>1150.62</ele>
        <time>2026-09-29T14:32:57Z</time>
      </trkpt>
      <trkpt lat="41.16106800" lon="1.75993500">
        <ele>1150.62</ele>
        <time>2026-09-29T14:32:59Z</time>
      </trkpt>
      <trkpt lat="41.16302500" lon="1.76104700">
        <ele>1143.00</ele>
        <time>2026-09-29T14:33:01Z</time>
      </trkpt>
      <trkpt lat="41.16503900" lon="1.76232900">
        <ele>1143.00</ele>
        <time>2026-09-29T14:33:03Z</time>
      </trkpt>
      <trkpt lat="41.16673300" lon="1.76373300">
        <ele>1143.00</ele>
        <time>2026-09-29T14:33:05Z</time>
      </trkpt>
      <trkpt lat="41.16842700" lon="1.76517800">
        <ele>1135.38</ele>
        <time>2026-09-29T14:33:07Z</time>
      </trkpt>
      <trkpt lat="41.17034900" lon="1.76709000">
        <ele>1135.38</ele>
        <time>2026-09-29T14:33:09Z</time>
      </trkpt>
      <trkpt lat="41.17199700" lon="1.76873800">
        <ele>1135.38</ele>
        <time>2026-09-29T14:33:11Z</time>
      </trkpt>
      <trkpt lat="41.17363700" lon="1.77042200">
        <ele>1135.38</ele>
        <time>2026-09-29T14:33:13Z</time>
      </trkpt>
      <trkpt lat="41.17540700" lon="1.77229500">
        <ele>1127.76</ele>
        <time>2026-09-29T14:33:16Z</time>
      </trkpt>
      <trkpt lat="41.17689900" lon="1.77391700">
        <ele>1127.76</ele>
        <time>2026-09-29T14:33:18Z</time>
      </trkpt>
      <trkpt lat="41.17890900" lon="1.77612300">
        <ele>1120.14</ele>
        <time>2026-09-29T14:33:20Z</time>
      </trkpt>
      <trkpt lat="41.18015700" lon="1.77753800">
        <ele>1120.14</ele>
        <time>2026-09-29T14:33:22Z</time>
      </trkpt>
      <trkpt lat="41.18215900" lon="1.77978500">
        <ele>1120.14</ele>
        <time>2026-09-29T14:33:24Z</time>
      </trkpt>
      <trkpt lat="41.18364700" lon="1.78147100">
        <ele>1112.52</ele>
        <time>2026-09-29T14:33:26Z</time>
      </trkpt>
      <trkpt lat="41.18545500" lon="1.78356900">
        <ele>1112.52</ele>
        <time>2026-09-29T14:33:28Z</time>
      </trkpt>
      <trkpt lat="41.18692000" lon="1.78521700">
        <ele>1112.52</ele>
        <time>2026-09-29T14:33:30Z</time>
      </trkpt>
      <trkpt lat="41.18847700" lon="1.78710900">
        <ele>1104.90</ele>
        <time>2026-09-29T14:33:32Z</time>
      </trkpt>
      <trkpt lat="41.18994100" lon="1.78900100">
        <ele>1104.90</ele>
        <time>2026-09-29T14:33:34Z</time>
      </trkpt>
      <trkpt lat="41.19142200" lon="1.79102100">
        <ele>1097.28</ele>
        <time>2026-09-29T14:33:37Z</time>
      </trkpt>
      <trkpt lat="41.19278000" lon="1.79303000">
        <ele>1097.28</ele>
        <time>2026-09-29T14:33:39Z</time>
      </trkpt>
      <trkpt lat="41.19435500" lon="1.79545300">
        <ele>1089.66</ele>
        <time>2026-09-29T14:33:41Z</time>
      </trkpt>
      <trkpt lat="41.19575100" lon="1.79776300">
        <ele>1089.66</ele>
        <time>2026-09-29T14:33:43Z</time>
      </trkpt>
      <trkpt lat="41.19691500" lon="1.79969800">
        <ele>1089.66</ele>
        <time>2026-09-29T14:33:45Z</time>
      </trkpt>
      <trkpt lat="41.19817400" lon="1.80194500">
        <ele>1082.04</ele>
        <time>2026-09-29T14:33:47Z</time>
      </trkpt>
      <trkpt lat="41.19942900" lon="1.80419200">
        <ele>1082.04</ele>
        <time>2026-09-29T14:33:49Z</time>
      </trkpt>
      <trkpt lat="41.20065300" lon="1.80645800">
        <ele>1074.42</ele>
        <time>2026-09-29T14:33:51Z</time>
      </trkpt>
      <trkpt lat="41.20208400" lon="1.80918600">
        <ele>1074.42</ele>
        <time>2026-09-29T14:33:54Z</time>
      </trkpt>
      <trkpt lat="41.20343400" lon="1.81187000">
        <ele>1074.42</ele>
        <time>2026-09-29T14:33:56Z</time>
      </trkpt>
      <trkpt lat="41.20449800" lon="1.81402600">
        <ele>1066.80</ele>
        <time>2026-09-29T14:33:58Z</time>
      </trkpt>
      <trkpt lat="41.20552800" lon="1.81624000">
        <ele>1066.80</ele>
        <time>2026-09-29T14:34:00Z</time>
      </trkpt>
      <trkpt lat="41.20655800" lon="1.81842000">
        <ele>1066.80</ele>
        <time>2026-09-29T14:34:02Z</time>
      </trkpt>
      <trkpt lat="41.20757700" lon="1.82073400">
        <ele>1059.18</ele>
        <time>2026-09-29T14:34:04Z</time>
      </trkpt>
      <trkpt lat="41.20861800" lon="1.82305900">
        <ele>1059.18</ele>
        <time>2026-09-29T14:34:06Z</time>
      </trkpt>
      <trkpt lat="41.20962500" lon="1.82547800">
        <ele>1051.56</ele>
        <time>2026-09-29T14:34:08Z</time>
      </trkpt>
      <trkpt lat="41.21081500" lon="1.82836900">
        <ele>1051.56</ele>
        <time>2026-09-29T14:34:11Z</time>
      </trkpt>
      <trkpt lat="41.21177700" lon="1.83068800">
        <ele>1051.56</ele>
        <time>2026-09-29T14:34:13Z</time>
      </trkpt>
      <trkpt lat="41.21287500" lon="1.83355700">
        <ele>1043.94</ele>
        <time>2026-09-29T14:34:15Z</time>
      </trkpt>
      <trkpt lat="41.21381400" lon="1.83596500">
        <ele>1043.94</ele>
        <time>2026-09-29T14:34:17Z</time>
      </trkpt>
      <trkpt lat="41.21466100" lon="1.83825700">
        <ele>1036.32</ele>
        <time>2026-09-29T14:34:19Z</time>
      </trkpt>
      <trkpt lat="41.21553000" lon="1.84051500">
        <ele>1036.32</ele>
        <time>2026-09-29T14:34:21Z</time>
      </trkpt>
      <trkpt lat="41.21637300" lon="1.84289400">
        <ele>1036.32</ele>
        <time>2026-09-29T14:34:23Z</time>
      </trkpt>
      <trkpt lat="41.21722400" lon="1.84527600">
        <ele>1028.70</ele>
        <time>2026-09-29T14:34:25Z</time>
      </trkpt>
      <trkpt lat="41.21814000" lon="1.84790000">
        <ele>1021.08</ele>
        <time>2026-09-29T14:34:27Z</time>
      </trkpt>
      <trkpt lat="41.21902800" lon="1.85051000">
        <ele>1013.46</ele>
        <time>2026-09-29T14:34:30Z</time>
      </trkpt>
      <trkpt lat="41.22005100" lon="1.85350600">
        <ele>1005.84</ele>
        <time>2026-09-29T14:34:32Z</time>
      </trkpt>
      <trkpt lat="41.22106900" lon="1.85656700">
        <ele>990.60</ele>
        <time>2026-09-29T14:34:34Z</time>
      </trkpt>
      <trkpt lat="41.22171000" lon="1.85852100">
        <ele>982.98</ele>
        <time>2026-09-29T14:34:36Z</time>
      </trkpt>
      <trkpt lat="41.22262600" lon="1.86114500">
        <ele>975.36</ele>
        <time>2026-09-29T14:34:38Z</time>
      </trkpt>
      <trkpt lat="41.22345000" lon="1.86364700">
        <ele>960.12</ele>
        <time>2026-09-29T14:34:40Z</time>
      </trkpt>
      <trkpt lat="41.22428900" lon="1.86611500">
        <ele>960.12</ele>
        <time>2026-09-29T14:34:43Z</time>
      </trkpt>
      <trkpt lat="41.22503300" lon="1.86848700">
        <ele>952.50</ele>
        <time>2026-09-29T14:34:45Z</time>
      </trkpt>
      <trkpt lat="41.22582200" lon="1.87085900">
        <ele>944.88</ele>
        <time>2026-09-29T14:34:47Z</time>
      </trkpt>
      <trkpt lat="41.22684900" lon="1.87379300">
        <ele>937.26</ele>
        <time>2026-09-29T14:34:49Z</time>
      </trkpt>
      <trkpt lat="41.22757000" lon="1.87597700">
        <ele>929.64</ele>
        <time>2026-09-29T14:34:51Z</time>
      </trkpt>
      <trkpt lat="41.22829100" lon="1.87822500">
        <ele>914.40</ele>
        <time>2026-09-29T14:34:53Z</time>
      </trkpt>
      <trkpt lat="41.22903400" lon="1.88041000">
        <ele>899.16</ele>
        <time>2026-09-29T14:34:55Z</time>
      </trkpt>
      <trkpt lat="41.23234200" lon="1.89021000">
        <ele>845.82</ele>
        <time>2026-09-29T14:35:03Z</time>
      </trkpt>
      <trkpt lat="41.23564500" lon="1.89988600">
        <ele>784.86</ele>
        <time>2026-09-29T14:35:12Z</time>
      </trkpt>
      <trkpt lat="41.23883100" lon="1.90911900">
        <ele>731.52</ele>
        <time>2026-09-29T14:35:20Z</time>
      </trkpt>
      <trkpt lat="41.24211900" lon="1.91867500">
        <ele>685.80</ele>
        <time>2026-09-29T14:35:29Z</time>
      </trkpt>
      <trkpt lat="41.24528500" lon="1.92779500">
        <ele>640.08</ele>
        <time>2026-09-29T14:35:37Z</time>
      </trkpt>
      <trkpt lat="41.24844400" lon="1.93682900">
        <ele>601.98</ele>
        <time>2026-09-29T14:35:46Z</time>
      </trkpt>
      <trkpt lat="41.25059500" lon="1.94311500">
        <ele>571.50</ele>
        <time>2026-09-29T14:35:52Z</time>
      </trkpt>
      <trkpt lat="41.25347500" lon="1.95144700">
        <ele>533.40</ele>
        <time>2026-09-29T14:36:00Z</time>
      </trkpt>
      <trkpt lat="41.25627100" lon="1.95947300">
        <ele>502.92</ele>
        <time>2026-09-29T14:36:09Z</time>
      </trkpt>
      <trkpt lat="41.25906400" lon="1.96765100">
        <ele>464.82</ele>
        <time>2026-09-29T14:36:17Z</time>
      </trkpt>
      <trkpt lat="41.26185600" lon="1.97583000">
        <ele>426.72</ele>
        <time>2026-09-29T14:36:25Z</time>
      </trkpt>
      <trkpt lat="41.26446200" lon="1.98334400">
        <ele>388.62</ele>
        <time>2026-09-29T14:36:34Z</time>
      </trkpt>
      <trkpt lat="41.26720800" lon="1.99139700">
        <ele>350.52</ele>
        <time>2026-09-29T14:36:42Z</time>
      </trkpt>
      <trkpt lat="41.27000400" lon="1.99945100">
        <ele>312.42</ele>
        <time>2026-09-29T14:36:50Z</time>
      </trkpt>
      <trkpt lat="41.27265500" lon="2.00719000">
        <ele>281.94</ele>
        <time>2026-09-29T14:36:59Z</time>
      </trkpt>
      <trkpt lat="41.27516900" lon="2.01461800">
        <ele>243.84</ele>
        <time>2026-09-29T14:37:07Z</time>
      </trkpt>
      <trkpt lat="41.27759200" lon="2.02167200">
        <ele>213.36</ele>
        <time>2026-09-29T14:37:15Z</time>
      </trkpt>
      <trkpt lat="41.27996400" lon="2.02853800">
        <ele>175.26</ele>
        <time>2026-09-29T14:37:23Z</time>
      </trkpt>
      <trkpt lat="41.28182600" lon="2.03390600">
        <ele>152.40</ele>
        <time>2026-09-29T14:37:30Z</time>
      </trkpt>
      <trkpt lat="41.28410700" lon="2.04064800">
        <ele>121.92</ele>
        <time>2026-09-29T14:37:38Z</time>
      </trkpt>
      <trkpt lat="41.28638800" lon="2.04732700">
        <ele>83.82</ele>
        <time>2026-09-29T14:37:47Z</time>
      </trkpt>
      <trkpt lat="41.28867000" lon="2.05375700">
        <ele>60.96</ele>
        <time>2026-09-29T14:37:55Z</time>
      </trkpt>
      <trkpt lat="41.29097000" lon="2.06060800">
        <ele>22.86</ele>
        <time>2026-09-29T14:38:03Z</time>
      </trkpt>
      <trkpt lat="41.29325900" lon="2.06738300">
        <ele>0.00</ele>
        <time>2026-09-29T14:38:12Z</time>
      </trkpt>
      <trkpt lat="41.29545600" lon="2.07379200">
        <ele>0.00</ele>
        <time>2026-09-29T14:38:20Z</time>
      </trkpt>
      <trkpt lat="41.29746600" lon="2.07960000">
        <ele>0.00</ele>
        <time>2026-09-29T14:38:28Z</time>
      </trkpt>
      <trkpt lat="41.29900400" lon="2.08409400">
        <ele>0.00</ele>
        <time>2026-09-29T14:38:36Z</time>
      </trkpt>
      <trkpt lat="41.29963300" lon="2.08587300">
        <ele>0.00</ele>
        <time>2026-09-29T14:38:39Z</time>
      </trkpt>
      <trkpt lat="41.29977000" lon="2.08631000">
        <ele>0.00</ele>
        <time>2026-09-29T14:38:40Z</time>
      </trkpt>
      <trkpt lat="41.29998800" lon="2.08692900">
        <ele>0.00</ele>
        <time>2026-09-29T14:38:41Z</time>
      </trkpt>
      <trkpt lat="41.30013700" lon="2.08737200">
        <ele>0.00</ele>
        <time>2026-09-29T14:38:42Z</time>
      </trkpt>
      <trkpt lat="41.30045700" lon="2.08830700">
        <ele>0.00</ele>
        <time>2026-09-29T14:38:45Z</time>
      </trkpt>
      <trkpt lat="41.30052900" lon="2.08851000">
        <ele>0.00</ele>
        <time>2026-09-29T14:38:47Z</time>
      </trkpt>
      <trkpt lat="41.30077400" lon="2.08924400">
        <ele>0.00</ele>
        <time>2026-09-29T14:38:48Z</time>
      </trkpt>
      <trkpt lat="41.30122800" lon="2.09092900">
        <ele>0.00</ele>
        <time>2026-09-29T14:38:55Z</time>
      </trkpt>
      <trkpt lat="41.30125800" lon="2.09114100">
        <ele>0.00</ele>
        <time>2026-09-29T14:38:57Z</time>
      </trkpt>
      <trkpt lat="41.30130800" lon="2.09150700">
        <ele>0.00</ele>
        <time>2026-09-29T14:38:58Z</time>
      </trkpt>
      <trkpt lat="41.30134200" lon="2.09189700">
        <ele>0.00</ele>
        <time>2026-09-29T14:38:59Z</time>
      </trkpt>
      <trkpt lat="41.30135000" lon="2.09213300">
        <ele>0.00</ele>
        <time>2026-09-29T14:39:00Z</time>
      </trkpt>
      <trkpt lat="41.30135000" lon="2.09295700">
        <ele>0.00</ele>
        <time>2026-09-29T14:39:05Z</time>
      </trkpt>
      <trkpt lat="41.30132700" lon="2.09326200">
        <ele>0.00</ele>
        <time>2026-09-29T14:39:08Z</time>
      </trkpt>
      <trkpt lat="41.30130800" lon="2.09348800">
        <ele>0.00</ele>
        <time>2026-09-29T14:39:10Z</time>
      </trkpt>
      <trkpt lat="41.30130400" lon="2.09371900">
        <ele>0.00</ele>
        <time>2026-09-29T14:39:11Z</time>
      </trkpt>
      <trkpt lat="41.30123500" lon="2.09400900">
        <ele>0.00</ele>
        <time>2026-09-29T14:39:15Z</time>
      </trkpt>
      <trkpt lat="41.30110900" lon="2.09422300">
        <ele>0.00</ele>
        <time>2026-09-29T14:39:17Z</time>
      </trkpt>
      <trkpt lat="41.30090300" lon="2.09431500">
        <ele>0.00</ele>
        <time>2026-09-29T14:39:21Z</time>
      </trkpt>
      <trkpt lat="41.30062900" lon="2.09420800">
        <ele>0.00</ele>
        <time>2026-09-29T14:39:25Z</time>
      </trkpt>
      <trkpt lat="41.30048000" lon="2.09391800">
        <ele>0.00</ele>
        <time>2026-09-29T14:39:29Z</time>
      </trkpt>
      <trkpt lat="41.30040000" lon="2.09364500">
        <ele>0.00</ele>
        <time>2026-09-29T14:39:32Z</time>
      </trkpt>
      <trkpt lat="41.30032000" lon="2.09339500">
        <ele>0.00</ele>
        <time>2026-09-29T14:39:35Z</time>
      </trkpt>
      <trkpt lat="41.30020500" lon="2.09309400">
        <ele>0.00</ele>
        <time>2026-09-29T14:39:39Z</time>
      </trkpt>
      <trkpt lat="41.30012500" lon="2.09285000">
        <ele>0.00</ele>
        <time>2026-09-29T14:39:42Z</time>
      </trkpt>
      <trkpt lat="41.30005300" lon="2.09263000">
        <ele>0.00</ele>
        <time>2026-09-29T14:39:45Z</time>
      </trkpt>
      <trkpt lat="41.29998000" lon="2.09241200">
        <ele>0.00</ele>
        <time>2026-09-29T14:39:47Z</time>
      </trkpt>
      <trkpt lat="41.29990000" lon="2.09217800">
        <ele>0.00</ele>
        <time>2026-09-29T14:39:50Z</time>
      </trkpt>
      <trkpt lat="41.29978600" lon="2.09186600">
        <ele>0.00</ele>
        <time>2026-09-29T14:39:53Z</time>
      </trkpt>
      <trkpt lat="41.29971300" lon="2.09164400">
        <ele>0.00</ele>
        <time>2026-09-29T14:39:56Z</time>
      </trkpt>
      <trkpt lat="41.29963300" lon="2.09141300">
        <ele>0.00</ele>
        <time>2026-09-29T14:39:58Z</time>
      </trkpt>
      <trkpt lat="41.29955300" lon="2.09117100">
        <ele>0.00</ele>
        <time>2026-09-29T14:40:01Z</time>
      </trkpt>
      <trkpt lat="41.29945800" lon="2.09089800">
        <ele>0.00</ele>
        <time>2026-09-29T14:40:04Z</time>
      </trkpt>
      <trkpt lat="41.29935500" lon="2.09060100">
        <ele>0.00</ele>
        <time>2026-09-29T14:40:07Z</time>
      </trkpt>
      <trkpt lat="41.29925900" lon="2.09033600">
        <ele>0.00</ele>
        <time>2026-09-29T14:40:09Z</time>
      </trkpt>
      <trkpt lat="41.29915200" lon="2.09002700">
        <ele>0.00</ele>
        <time>2026-09-29T14:40:13Z</time>
      </trkpt>
      <trkpt lat="41.29903800" lon="2.08966500">
        <ele>0.00</ele>
        <time>2026-09-29T14:40:16Z</time>
      </trkpt>
      <trkpt lat="41.29890100" lon="2.08927500">
        <ele>0.00</ele>
        <time>2026-09-29T14:40:20Z</time>
      </trkpt>
      <trkpt lat="41.29880900" lon="2.08900500">
        <ele>0.00</ele>
        <time>2026-09-29T14:40:22Z</time>
      </trkpt>
      <trkpt lat="41.29872900" lon="2.08877600">
        <ele>0.00</ele>
        <time>2026-09-29T14:40:25Z</time>
      </trkpt>
      <trkpt lat="41.29861800" lon="2.08843200">
        <ele>0.00</ele>
        <time>2026-09-29T14:40:27Z</time>
      </trkpt>
      <trkpt lat="41.29853400" lon="2.08821100">
        <ele>0.00</ele>
        <time>2026-09-29T14:40:30Z</time>
      </trkpt>
      <trkpt lat="41.29843100" lon="2.08792100">
        <ele>0.00</ele>
        <time>2026-09-29T14:40:32Z</time>
      </trkpt>
      <trkpt lat="41.29816800" lon="2.08712800">
        <ele>0.00</ele>
        <time>2026-09-29T14:40:39Z</time>
      </trkpt>
      <trkpt lat="41.29785900" lon="2.08624300">
        <ele>0.00</ele>
        <time>2026-09-29T14:40:46Z</time>
      </trkpt>
      <trkpt lat="41.29753900" lon="2.08531200">
        <ele>0.00</ele>
        <time>2026-09-29T14:40:53Z</time>
      </trkpt>
      <trkpt lat="41.29723000" lon="2.08438100">
        <ele>0.00</ele>
        <time>2026-09-29T14:41:00Z</time>
      </trkpt>
      <trkpt lat="41.29690900" lon="2.08345400">
        <ele>0.00</ele>
        <time>2026-09-29T14:41:07Z</time>
      </trkpt>
      <trkpt lat="41.29672600" lon="2.08288600">
        <ele>0.00</ele>
        <time>2026-09-29T14:41:12Z</time>
      </trkpt>
      <trkpt lat="41.29661900" lon="2.08259600">
        <ele>0.00</ele>
        <time>2026-09-29T14:41:15Z</time>
      </trkpt>
      <trkpt lat="41.29638300" lon="2.08233600">
        <ele>0.00</ele>
        <time>2026-09-29T14:41:19Z</time>
      </trkpt>
      <trkpt lat="41.29612000" lon="2.08233600">
        <ele>0.00</ele>
        <time>2026-09-29T14:41:22Z</time>
      </trkpt>
      <trkpt lat="41.29590200" lon="2.08247400">
        <ele>0.00</ele>
        <time>2026-09-29T14:41:25Z</time>
      </trkpt>
      <trkpt lat="41.29568900" lon="2.08261100">
        <ele>0.00</ele>
        <time>2026-09-29T14:41:28Z</time>
      </trkpt>
      <trkpt lat="41.29539900" lon="2.08277900">
        <ele>0.00</ele>
        <time>2026-09-29T14:41:33Z</time>
      </trkpt>
      <trkpt lat="41.29513900" lon="2.08293900">
        <ele>0.00</ele>
        <time>2026-09-29T14:41:36Z</time>
      </trkpt>
      <trkpt lat="41.29491800" lon="2.08306900">
        <ele>0.00</ele>
        <time>2026-09-29T14:41:40Z</time>
      </trkpt>
      <trkpt lat="41.29441500" lon="2.08337400">
        <ele>0.00</ele>
        <time>2026-09-29T14:41:47Z</time>
      </trkpt>
      <trkpt lat="41.29395700" lon="2.08363300">
        <ele>0.00</ele>
        <time>2026-09-29T14:41:53Z</time>
      </trkpt>
      <trkpt lat="41.29344200" lon="2.08395400">
        <ele>0.00</ele>
        <time>2026-09-29T14:42:00Z</time>
      </trkpt>
      <trkpt lat="41.29296100" lon="2.08424400">
        <ele>0.00</ele>
        <time>2026-09-29T14:42:07Z</time>
      </trkpt>
      <trkpt lat="41.29273200" lon="2.08437500">
        <ele>0.00</ele>
        <time>2026-09-29T14:42:09Z</time>
      </trkpt>
      <trkpt lat="41.29245800" lon="2.08451800">
        <ele>0.00</ele>
        <time>2026-09-29T14:42:13Z</time>
      </trkpt>
      <trkpt lat="41.29225500" lon="2.08454700">
        <ele>0.00</ele>
        <time>2026-09-29T14:42:16Z</time>
      </trkpt>
      <trkpt lat="41.29198500" lon="2.08446900">
        <ele>0.00</ele>
        <time>2026-09-29T14:42:19Z</time>
      </trkpt>
      <trkpt lat="41.29178200" lon="2.08436600">
        <ele>0.00</ele>
        <time>2026-09-29T14:42:21Z</time>
      </trkpt>
      <trkpt lat="41.29154200" lon="2.08425900">
        <ele>0.00</ele>
        <time>2026-09-29T14:42:24Z</time>
      </trkpt>
      <trkpt lat="41.29132500" lon="2.08415200">
        <ele>0.00</ele>
        <time>2026-09-29T14:42:27Z</time>
      </trkpt>
      <trkpt lat="41.29100800" lon="2.08401600">
        <ele>0.00</ele>
        <time>2026-09-29T14:42:31Z</time>
      </trkpt>
      <trkpt lat="41.29075200" lon="2.08390700">
        <ele>0.00</ele>
        <time>2026-09-29T14:42:34Z</time>
      </trkpt>
      <trkpt lat="41.29054600" lon="2.08380100">
        <ele>0.00</ele>
        <time>2026-09-29T14:42:36Z</time>
      </trkpt>
      <trkpt lat="41.29028700" lon="2.08368800">
        <ele>0.00</ele>
        <time>2026-09-29T14:42:39Z</time>
      </trkpt>
      <trkpt lat="41.29003100" lon="2.08357200">
        <ele>0.00</ele>
        <time>2026-09-29T14:42:43Z</time>
      </trkpt>
      <trkpt lat="41.28978700" lon="2.08345400">
        <ele>0.00</ele>
        <time>2026-09-29T14:42:46Z</time>
      </trkpt>
      <trkpt lat="41.28923800" lon="2.08320500">
        <ele>0.00</ele>
        <time>2026-09-29T14:42:54Z</time>
      </trkpt>
      <trkpt lat="41.28877300" lon="2.08300200">
        <ele>0.00</ele>
        <time>2026-09-29T14:43:00Z</time>
      </trkpt>
      <trkpt lat="41.28823500" lon="2.08274800">
        <ele>0.00</ele>
        <time>2026-09-29T14:43:07Z</time>
      </trkpt>
      <trkpt lat="41.28775000" lon="2.08253300">
        <ele>0.00</ele>
        <time>2026-09-29T14:43:15Z</time>
      </trkpt>
      <trkpt lat="41.28734200" lon="2.08236200">
        <ele>0.00</ele>
        <time>2026-09-29T14:43:22Z</time>
      </trkpt>
      <trkpt lat="41.28713600" lon="2.08227500">
        <ele>0.00</ele>
        <time>2026-09-29T14:43:28Z</time>
      </trkpt>
      <trkpt lat="41.28691900" lon="2.08210800">
        <ele>0.00</ele>
        <time>2026-09-29T14:43:37Z</time>
      </trkpt>
      <trkpt lat="41.28678100" lon="2.08189400">
        <ele>0.00</ele>
        <time>2026-09-29T14:43:45Z</time>
      </trkpt>
      <trkpt lat="41.28671300" lon="2.08167500">
        <ele>0.00</ele>
        <time>2026-09-29T14:43:50Z</time>
      </trkpt>
      <trkpt lat="41.28664400" lon="2.08145700">
        <ele>0.00</ele>
        <time>2026-09-29T14:43:55Z</time>
      </trkpt>
      <trkpt lat="41.28655200" lon="2.08122300">
        <ele>0.00</ele>
        <time>2026-09-29T14:43:58Z</time>
      </trkpt>
      <trkpt lat="41.28646100" lon="2.08097800">
        <ele>0.00</ele>
        <time>2026-09-29T14:44:02Z</time>
      </trkpt>
      <trkpt lat="41.28636600" lon="2.08072300">
        <ele>0.00</ele>
        <time>2026-09-29T14:44:05Z</time>
      </trkpt>
      <trkpt lat="41.28630100" lon="2.08052100">
        <ele>0.00</ele>
        <time>2026-09-29T14:44:08Z</time>
      </trkpt>
      <trkpt lat="41.28623200" lon="2.08024600">
        <ele>0.00</ele>
        <time>2026-09-29T14:44:11Z</time>
      </trkpt>
      <trkpt lat="41.28627000" lon="2.07997400">
        <ele>0.00</ele>
        <time>2026-09-29T14:44:14Z</time>
      </trkpt>
      <trkpt lat="41.28644900" lon="2.07974200">
        <ele>0.00</ele>
        <time>2026-09-29T14:44:18Z</time>
      </trkpt>
      <trkpt lat="41.28669000" lon="2.07955900">
        <ele>0.00</ele>
        <time>2026-09-29T14:44:22Z</time>
      </trkpt>
      <trkpt lat="41.28690000" lon="2.07944300">
        <ele>0.00</ele>
        <time>2026-09-29T14:44:26Z</time>
      </trkpt>
      <trkpt lat="41.28729600" lon="2.07922400">
        <ele>0.00</ele>
        <time>2026-09-29T14:44:33Z</time>
      </trkpt>
      <trkpt lat="41.28765900" lon="2.07900600">
        <ele>0.00</ele>
        <time>2026-09-29T14:44:40Z</time>
      </trkpt>
      <trkpt lat="41.28813600" lon="2.07871000">
        <ele>0.00</ele>
        <time>2026-09-29T14:44:47Z</time>
      </trkpt>
      <trkpt lat="41.28889800" lon="2.07885700">
        <ele>0.00</ele>
        <time>2026-09-29T14:45:01Z</time>
      </trkpt>
      <trkpt lat="41.28905900" lon="2.07943700">
        <ele>0.00</ele>
        <time>2026-09-29T14:45:11Z</time>
      </trkpt>
      <trkpt lat="41.28906600" lon="2.07964600">
        <ele>0.00</ele>
        <time>2026-09-29T14:45:16Z</time>
      </trkpt>
      <trkpt lat="41.28891400" lon="2.07986500">
        <ele>0.00</ele>
        <time>2026-09-29T14:45:21Z</time>
      </trkpt>
      <trkpt lat="41.28870400" lon="2.07980300">
        <ele>0.00</ele>
        <time>2026-09-29T14:45:26Z</time>
      </trkpt>
      <trkpt lat="41.28844800" lon="2.07961500">
        <ele>0.00</ele>
        <time>2026-09-29T14:45:34Z</time>
      </trkpt>
    </trkseg>
  </trk>
</gpx>