<?xml version="1.0" encoding="UTF-8"?>
<!-- track-length = 525134 filtered ascend = 956 plain-ascend = 52 cost=525134 energy=6.4kwh time=11h 40m 10s -->
<gpx 
 xmlns="http://www.topografix.com/GPX/1/1" 
 xmlns:xsi="http://www.w3.org/2001/XMLSchema-instance" 
 xsi:schemaLocation="http://www.topografix.com/GPX/1/1 http://www.topografix.com/GPX/1/1/gpx.xsd" 
 version="1.1" 
 creator="BRouter-Web 0.18.1">
 <trk>
  <name>paris</name>
  <trkseg>
   <trkpt lat="52.378967" lon="4.900558"><ele>1.75</ele></trkpt>
   <trkpt lat="52.379064" lon="4.900291"><ele>2.25</ele></trkpt>
   <trkpt lat="52.379069" lon="4.900278"><ele>2.25</ele></trkpt>
   <trkpt lat="52.37907" lon="4.900274"><ele>2.25</ele></trkpt>
   <trkpt lat="52.379071" lon="4.900274"><ele>2.25</ele></trkpt>
   <trkpt lat="52.379373" lon="4.899446"><ele>2</ele></trkpt>
   <trkpt lat="52.379495" lon="4.899108"><ele>2</ele></trkpt>
   <trkpt lat="52.379506" lon="4.899078"><ele>2</ele></trkpt>
   <trkpt lat="52.379507" lon="4.899077"><ele>2</ele></trkpt>
   <trkpt lat="52.379828" lon="4.898194"><ele>1.5</ele></trkpt>
   <trkpt lat="52.379929" lon="4.897916"><ele>1.25</ele></trkpt>
   <trkpt lat="52.380119" lon="4.897383"><ele>1</ele></trkpt>
   <trkpt lat="52.380238" lon="4.897012"><ele>2</ele></trkpt>
   <trkpt lat="52.380347" lon="4.896608"><ele>3</ele></trkpt>
   <trkpt lat="52.380532" lon="4.895919"><ele>4.75</ele></trkpt>
   <trkpt lat="52.380619" lon="4.895646"><ele>5.75</ele></trkpt>
   <trkpt lat="52.380703" lon="4.895417"><ele>5.75</ele></trkpt>
   <trkpt lat="52.38104" lon="4.894689"><ele>6</ele></trkpt>
   <trkpt lat="52.381261" lon="4.894212"><ele>6</ele></trkpt>
   <trkpt lat="52.381372" lon="4.893973"><ele>5.75</ele></trkpt>
   <trkpt lat="52.381483" lon="4.893735"><ele>6</ele></trkpt>
   <trkpt lat="52.381593" lon="4.893496"><ele>6</ele></trkpt>
   <trkpt lat="52.381669" lon="4.893224"><ele>6</ele></trkpt>
   <trkpt lat="52.381909" lon="4.892564"><ele>6</ele></trkpt>
   <trkpt lat="52.381927" lon="4.892515"><ele>6</ele></trkpt>
   <trkpt lat="52.381956" lon="4.892437"><ele>6</ele></trkpt>
   <trkpt lat="52.382043" lon="4.8922"><ele>6</ele></trkpt>
   <trkpt lat="52.382063" lon="4.892141"><ele>6</ele></trkpt>
   <trkpt lat="52.382474" lon="4.890959"><ele>5.25</ele></trkpt>
   <trkpt lat="52.382612" lon="4.890556"><ele>5</ele></trkpt>
   <trkpt lat="52.382892" lon="4.889738"><ele>4.75</ele></trkpt>
   <trkpt lat="52.383069" lon="4.889239"><ele>4.5</ele></trkpt>
   <trkpt lat="52.38319" lon="4.888933"><ele>4.25</ele></trkpt>
   <trkpt lat="52.383307" lon="4.888664"><ele>4</ele></trkpt>
   <trkpt lat="52.383439" lon="4.88839"><ele>4</ele></trkpt>
   <trkpt lat="52.383619" lon="4.88805"><ele>3.75</ele></trkpt>
   <trkpt lat="52.383942" lon="4.887474"><ele>3.25</ele></trkpt>
   <trkpt lat="52.384773" lon="4.885989"><ele>2.5</ele></trkpt>
   <trkpt lat="52.384778" lon="4.885981"><ele>2.5</ele></trkpt>
   <trkpt lat="52.384779" lon="4.885978"><ele>2.5</ele></trkpt>
   <trkpt lat="52.384806" lon="4.885931"><ele>2.5</ele></trkpt>
   <trkpt lat="52.385203" lon="4.885206"><ele>2</ele></trkpt>
   <trkpt lat="52.385358" lon="4.884897"><ele>1.75</ele></trkpt>
   <trkpt lat="52.385582" lon="4.884392"><ele>1.5</ele></trkpt>
   <trkpt lat="52.385757" lon="4.883934"><ele>1.25</ele></trkpt>
   <trkpt lat="52.385943" lon="4.883418"><ele>1</ele></trkpt>
   <trkpt lat="52.386027" lon="4.883181"><ele>1.75</ele></trkpt>
   <trkpt lat="52.386091" lon="4.882997"><ele>2.5</ele></trkpt>
   <trkpt lat="52.386189" lon="4.882713"><ele>3.5</ele></trkpt>
   <trkpt lat="52.386229" lon="4.882599"><ele>3.5</ele></trkpt>
   <trkpt lat="52.386238" lon="4.882572"><ele>3.75</ele></trkpt>
   <trkpt lat="52.386247" lon="4.882548"><ele>4</ele></trkpt>
   <trkpt lat="52.386545" lon="4.881691"><ele>3.75</ele></trkpt>
   <trkpt lat="52.386646" lon="4.881389"><ele>4.75</ele></trkpt>
   <trkpt lat="52.386669" lon="4.88132"><ele>5</ele></trkpt>
   <trkpt lat="52.386766" lon="4.881022"><ele>4</ele></trkpt>
   <trkpt lat="52.387002" lon="4.880291"><ele>4.75</ele></trkpt>
   <trkpt lat="52.387405" lon="4.879037"><ele>4.25</ele></trkpt>
   <trkpt lat="52.387553" lon="4.878579"><ele>3.5</ele></trkpt>
   <trkpt lat="52.387558" lon="4.878561"><ele>3.5</ele></trkpt>
   <trkpt lat="52.387642" lon="4.878323"><ele>4.5</ele></trkpt>
   <trkpt lat="52.38778" lon="4.877932"><ele>4.75</ele></trkpt>
   <trkpt lat="52.388108" lon="4.877058"><ele>4.25</ele></trkpt>
   <trkpt lat="52.388174" lon="4.876872"><ele>4.25</ele></trkpt>
   <trkpt lat="52.388193" lon="4.876817"><ele>4.25</ele></trkpt>
   <trkpt lat="52.388221" lon="4.876739"><ele>4</ele></trkpt>
   <trkpt lat="52.388302" lon="4.876511"><ele>4</ele></trkpt>
   <trkpt lat="52.388471" lon="4.876008"><ele>4.5</ele></trkpt>
   <trkpt lat="52.388602" lon="4.875589"><ele>4</ele></trkpt>
   <trkpt lat="52.388697" lon="4.875246"><ele>3.75</ele></trkpt>
   <trkpt lat="52.389112" lon="4.873666"><ele>3.5</ele></trkpt>
   <trkpt lat="52.389135" lon="4.873576"><ele>3</ele></trkpt>
   <trkpt lat="52.389159" lon="4.873484"><ele>2.5</ele></trkpt>
   <trkpt lat="52.389278" lon="4.873034"><ele>2.75</ele></trkpt>
   <trkpt lat="52.389322" lon="4.872805"><ele>2.25</ele></trkpt>
   <trkpt lat="52.389378" lon="4.872388"><ele>2.25</ele></trkpt>
   <trkpt lat="52.389432" lon="4.871789"><ele>2</ele></trkpt>
   <trkpt lat="52.389455" lon="4.87159"><ele>2.25</ele></trkpt>
   <trkpt lat="52.38953" lon="4.871109"><ele>2.5</ele></trkpt>
   <trkpt lat="52.3896" lon="4.870768"><ele>1.75</ele></trkpt>
   <trkpt lat="52.389664" lon="4.870513"><ele>1.75</ele></trkpt>
   <trkpt lat="52.389942" lon="4.869609"><ele>1.75</ele></trkpt>
   <trkpt lat="52.390107" lon="4.869134"><ele>1.75</ele></trkpt>
   <trkpt lat="52.390256" lon="4.868753"><ele>1.75</ele></trkpt>
   <trkpt lat="52.390489" lon="4.868216"><ele>1.75</ele></trkpt>
   <trkpt lat="52.390798" lon="4.867543"><ele>2</ele></trkpt>
   <trkpt lat="52.39101" lon="4.867119"><ele>2</ele></trkpt>
   <trkpt lat="52.391198" lon="4.86676"><ele>2</ele></trkpt>
   <trkpt lat="52.391396" lon="4.866418"><ele>2</ele></trkpt>
   <trkpt lat="52.39178" lon="4.865873"><ele>2</ele></trkpt>
   <trkpt lat="52.391947" lon="4.865655"><ele>2.5</ele></trkpt>
   <trkpt lat="52.39262" lon="4.864701"><ele>1.75</ele></trkpt>
   <trkpt lat="52.392706" lon="4.864584"><ele>1.75</ele></trkpt>
   <trkpt lat="52.39289" lon="4.864342"><ele>1.75</ele></trkpt>
   <trkpt lat="52.392962" lon="4.864248"><ele>1.75</ele></trkpt>
   <trkpt lat="52.393356" lon="4.863654"><ele>2</ele></trkpt>
   <trkpt lat="52.393548" lon="4.8634"><ele>2.5</ele></trkpt>
   <trkpt lat="52.393642" lon="4.863272"><ele>2.5</ele></trkpt>
   <trkpt lat="52.39389" lon="4.86292"><ele>2.5</ele></trkpt>
   <trkpt lat="52.394005" lon="4.862734"><ele>1.75</ele></trkpt>
   <trkpt lat="52.394246" lon="4.862305"><ele>1.5</ele></trkpt>
   <trkpt lat="52.394388" lon="4.86202"><ele>2.75</ele></trkpt>
   <trkpt lat="52.394516" lon="4.861743"><ele>2.25</ele></trkpt>
   <trkpt lat="52.39475" lon="4.861161"><ele>2</ele></trkpt>
   <trkpt lat="52.394921" lon="4.860651"><ele>2</ele></trkpt>
   <trkpt lat="52.395085" lon="4.860062"><ele>1.75</ele></trkpt>
   <trkpt lat="52.395184" lon="4.859626"><ele>1.75</ele></trkpt>
   <trkpt lat="52.395262" lon="4.859215"><ele>1.75</ele></trkpt>
   <trkpt lat="52.3953" lon="4.858979"><ele>1.75</ele></trkpt>
   <trkpt lat="52.39536" lon="4.858534"><ele>1.5</ele></trkpt>
   <trkpt lat="52.395379" lon="4.858364"><ele>1.75</ele></trkpt>
   <trkpt lat="52.395418" lon="4.85789"><ele>1.5</ele></trkpt>
   <trkpt lat="52.395438" lon="4.857503"><ele>2</ele></trkpt>
   <trkpt lat="52.395446" lon="4.857217"><ele>2.75</ele></trkpt>
   <trkpt lat="52.395449" lon="4.856438"><ele>3</ele></trkpt>
   <trkpt lat="52.395444" lon="4.855668"><ele>3.25</ele></trkpt>
   <trkpt lat="52.395439" lon="4.854881"><ele>3.75</ele></trkpt>
   <trkpt lat="52.395418" lon="4.851419"><ele>3.75</ele></trkpt>
   <trkpt lat="52.395416" lon="4.851124"><ele>4</ele></trkpt>
   <trkpt lat="52.395414" lon="4.850731"><ele>3</ele></trkpt>
   <trkpt lat="52.395413" lon="4.850528"><ele>1.25</ele></trkpt>
   <trkpt lat="52.395393" lon="4.847103"><ele>0.5</ele></trkpt>
   <trkpt lat="52.395391" lon="4.846757"><ele>0.5</ele></trkpt>
   <trkpt lat="52.395377" lon="4.845905"><ele>1.5</ele></trkpt>
   <trkpt lat="52.39536" lon="4.845532"><ele>1</ele></trkpt>
   <trkpt lat="52.395334" lon="4.845178"><ele>1.25</ele></trkpt>
   <trkpt lat="52.395305" lon="4.844852"><ele>1.25</ele></trkpt>
   <trkpt lat="52.395272" lon="4.844584"><ele>2</ele></trkpt>
   <trkpt lat="52.395171" lon="4.843931"><ele>3.5</ele></trkpt>
   <trkpt lat="52.3951" lon="4.843573"><ele>1.5</ele></trkpt>
   <trkpt lat="52.395017" lon="4.843206"><ele>1.5</ele></trkpt>
   <trkpt lat="52.394893" lon="4.842747"><ele>1.5</ele></trkpt>
   <trkpt lat="52.394716" lon="4.842201"><ele>1.75</ele></trkpt>
   <trkpt lat="52.394499" lon="4.841648"><ele>2</ele></trkpt>
   <trkpt lat="52.394314" lon="4.84124"><ele>2.5</ele></trkpt>
   <trkpt lat="52.39412" lon="4.840862"><ele>2.5</ele></trkpt>
   <trkpt lat="52.39392" lon="4.840519"><ele>3</ele></trkpt>
   <trkpt lat="52.393774" lon="4.840293"><ele>3</ele></trkpt>
   <trkpt lat="52.3936" lon="4.840044"><ele>4.25</ele></trkpt>
   <trkpt lat="52.39333" lon="4.839703"><ele>4.75</ele></trkpt>
   <trkpt lat="52.39314" lon="4.83949"><ele>5</ele></trkpt>
   <trkpt lat="52.39285" lon="4.839205"><ele>5.5</ele></trkpt>
   <trkpt lat="52.392636" lon="4.83902"><ele>5.75</ele></trkpt>
   <trkpt lat="52.392623" lon="4.839009"><ele>5.75</ele></trkpt>
   <trkpt lat="52.392459" lon="4.838886"><ele>6.5</ele></trkpt>
   <trkpt lat="52.392174" lon="4.838693"><ele>6.5</ele></trkpt>
   <trkpt lat="52.391826" lon="4.838503"><ele>6.5</ele></trkpt>
   <trkpt lat="52.391642" lon="4.838422"><ele>6.5</ele></trkpt>
   <trkpt lat="52.39147" lon="4.838358"><ele>6.5</ele></trkpt>
   <trkpt lat="52.391156" lon="4.838267"><ele>6.5</ele></trkpt>
   <trkpt lat="52.3909" lon="4.838219"><ele>6.5</ele></trkpt>
   <trkpt lat="52.390588" lon="4.838187"><ele>6.5</ele></trkpt>
   <trkpt lat="52.38992" lon="4.838187"><ele>6.5</ele></trkpt>
   <trkpt lat="52.389668" lon="4.838192"><ele>6.5</ele></trkpt>
   <trkpt lat="52.389424" lon="4.838198"><ele>6.5</ele></trkpt>
   <trkpt lat="52.389238" lon="4.838202"><ele>6.5</ele></trkpt>
   <trkpt lat="52.388753" lon="4.838213"><ele>6.5</ele></trkpt>
   <trkpt lat="52.388356" lon="4.838245"><ele>6.5</ele></trkpt>
   <trkpt lat="52.388103" lon="4.838281"><ele>6.5</ele></trkpt>
   <trkpt lat="52.387632" lon="4.838381"><ele>6.5</ele></trkpt>
   <trkpt lat="52.387311" lon="4.838474"><ele>6.5</ele></trkpt>
   <trkpt lat="52.385164" lon="4.839153"><ele>6.5</ele></trkpt>
   <trkpt lat="52.384963" lon="4.839213"><ele>6.5</ele></trkpt>
   <trkpt lat="52.384684" lon="4.839281"><ele>6.5</ele></trkpt>
   <trkpt lat="52.38449" lon="4.839318"><ele>6.5</ele></trkpt>
   <trkpt lat="52.384471" lon="4.839321"><ele>6.5</ele></trkpt>
   <trkpt lat="52.384182" lon="4.839357"><ele>6.5</ele></trkpt>
   <trkpt lat="52.383862" lon="4.839376"><ele>6.5</ele></trkpt>
   <trkpt lat="52.383728" lon="4.839376"><ele>6.5</ele></trkpt>
   <trkpt lat="52.383332" lon="4.839345"><ele>6.25</ele></trkpt>
   <trkpt lat="52.383077" lon="4.839308"><ele>6.25</ele></trkpt>
   <trkpt lat="52.382774" lon="4.839244"><ele>6.25</ele></trkpt>
   <trkpt lat="52.382448" lon="4.839147"><ele>6.25</ele></trkpt>
   <trkpt lat="52.38218" lon="4.83905"><ele>6.5</ele></trkpt>
   <trkpt lat="52.381823" lon="4.838902"><ele>6.75</ele></trkpt>
   <trkpt lat="52.381638" lon="4.838824"><ele>6.75</ele></trkpt>
   <trkpt lat="52.379892" lon="4.838092"><ele>7</ele></trkpt>
   <trkpt lat="52.379882" lon="4.838088"><ele>7</ele></trkpt>
   <trkpt lat="52.379667" lon="4.837998"><ele>6.75</ele></trkpt>
   <trkpt lat="52.379604" lon="4.837972"><ele>6.75</ele></trkpt>
   <trkpt lat="52.379119" lon="4.837771"><ele>4.25</ele></trkpt>
   <trkpt lat="52.378588" lon="4.837548"><ele>3.75</ele></trkpt>
   <trkpt lat="52.376752" lon="4.836782"><ele>5</ele></trkpt>
   <trkpt lat="52.376726" lon="4.836771"><ele>4.75</ele></trkpt>
   <trkpt lat="52.376705" lon="4.836762"><ele>4.5</ele></trkpt>
   <trkpt lat="52.376195" lon="4.836549"><ele>4</ele></trkpt>
   <trkpt lat="52.376194" lon="4.836548"><ele>4</ele></trkpt>
   <trkpt lat="52.376011" lon="4.836472"><ele>4</ele></trkpt>
   <trkpt lat="52.375977" lon="4.836458"><ele>4</ele></trkpt>
   <trkpt lat="52.374604" lon="4.835884"><ele>6.75</ele></trkpt>
   <trkpt lat="52.374153" lon="4.835695"><ele>6.5</ele></trkpt>
   <trkpt lat="52.373418" lon="4.835385"><ele>2.25</ele></trkpt>
   <trkpt lat="52.372903" lon="4.835169"><ele>4</ele></trkpt>
   <trkpt lat="52.372635" lon="4.835058"><ele>6.5</ele></trkpt>
   <trkpt lat="52.372036" lon="4.834812"><ele>6.75</ele></trkpt>
   <trkpt lat="52.371438" lon="4.8346"><ele>5.75</ele></trkpt>
   <trkpt lat="52.370894" lon="4.834448"><ele>5.75</ele></trkpt>
   <trkpt lat="52.370466" lon="4.834354"><ele>6</ele></trkpt>
   <trkpt lat="52.369897" lon="4.834248"><ele>6.25</ele></trkpt>
   <trkpt lat="52.369345" lon="4.834153"><ele>6.5</ele></trkpt>
   <trkpt lat="52.368432" lon="4.833935"><ele>6.5</ele></trkpt>
   <trkpt lat="52.368274" lon="4.833907"><ele>7</ele></trkpt>
   <trkpt lat="52.368107" lon="4.833879"><ele>7.5</ele></trkpt>
   <trkpt lat="52.367953" lon="4.833855"><ele>7.25</ele></trkpt>
   <trkpt lat="52.367652" lon="4.833806"><ele>6.75</ele></trkpt>
   <trkpt lat="52.366924" lon="4.833732"><ele>6.25</ele></trkpt>
   <trkpt lat="52.366688" lon="4.833715"><ele>6.75</ele></trkpt>
   <trkpt lat="52.365041" lon="4.833669"><ele>5.75</ele></trkpt>
   <trkpt lat="52.364329" lon="4.833672"><ele>5.5</ele></trkpt>
   <trkpt lat="52.36377" lon="4.833684"><ele>5.25</ele></trkpt>
   <trkpt lat="52.362965" lon="4.833708"><ele>4.75</ele></trkpt>
   <trkpt lat="52.362544" lon="4.833721"><ele>4.75</ele></trkpt>
   <trkpt lat="52.362018" lon="4.833737"><ele>4.5</ele></trkpt>
   <trkpt lat="52.360777" lon="4.833822"><ele>4.5</ele></trkpt>
   <trkpt lat="52.359552" lon="4.833868"><ele>2.75</ele></trkpt>
   <trkpt lat="52.359503" lon="4.83387"><ele>2.75</ele></trkpt>
   <trkpt lat="52.359327" lon="4.833875"><ele>2.75</ele></trkpt>
   <trkpt lat="52.357834" lon="4.83392"><ele>2.75</ele></trkpt>
   <trkpt lat="52.357738" lon="4.833923"><ele>2.75</ele></trkpt>
   <trkpt lat="52.357236" lon="4.833938"><ele>2.75</ele></trkpt>
   <trkpt lat="52.356994" lon="4.833945"><ele>2.75</ele></trkpt>
   <trkpt lat="52.356758" lon="4.833952"><ele>2.75</ele></trkpt>
   <trkpt lat="52.356725" lon="4.833953"><ele>2.75</ele></trkpt>
   <trkpt lat="52.356221" lon="4.833968"><ele>2.75</ele></trkpt>
   <trkpt lat="52.356147" lon="4.83397"><ele>2.75</ele></trkpt>
   <trkpt lat="52.356061" lon="4.833973"><ele>2.75</ele></trkpt>
   <trkpt lat="52.356037" lon="4.833973"><ele>2.75</ele></trkpt>
   <trkpt lat="52.355424" lon="4.833985"><ele>5.25</ele></trkpt>
   <trkpt lat="52.35461" lon="4.833977"><ele>5</ele></trkpt>
   <trkpt lat="52.353894" lon="4.833977"><ele>5.25</ele></trkpt>
   <trkpt lat="52.35324" lon="4.833996"><ele>5</ele></trkpt>
   <trkpt lat="52.352221" lon="4.834026"><ele>4.75</ele></trkpt>
   <trkpt lat="52.352152" lon="4.834028"><ele>4.75</ele></trkpt>
   <trkpt lat="52.351243" lon="4.834055"><ele>4.75</ele></trkpt>
   <trkpt lat="52.349702" lon="4.834102"><ele>4.75</ele></trkpt>
   <trkpt lat="52.347774" lon="4.83416"><ele>4.75</ele></trkpt>
   <trkpt lat="52.347284" lon="4.834174"><ele>3.75</ele></trkpt>
   <trkpt lat="52.347181" lon="4.834177"><ele>3.5</ele></trkpt>
   <trkpt lat="52.346739" lon="4.834191"><ele>2.75</ele></trkpt>
   <trkpt lat="52.346323" lon="4.834203"><ele>2</ele></trkpt>
   <trkpt lat="52.34585" lon="4.834216"><ele>2.5</ele></trkpt>
   <trkpt lat="52.34535" lon="4.834232"><ele>3.25</ele></trkpt>
   <trkpt lat="52.344747" lon="4.834251"><ele>4.25</ele></trkpt>
   <trkpt lat="52.34396" lon="4.834255"><ele>4.25</ele></trkpt>
   <trkpt lat="52.343468" lon="4.834246"><ele>3.75</ele></trkpt>
   <trkpt lat="52.343295" lon="4.834239"><ele>3.5</ele></trkpt>
   <trkpt lat="52.343282" lon="4.834238"><ele>3.5</ele></trkpt>
   <trkpt lat="52.343095" lon="4.834231"><ele>3.75</ele></trkpt>
   <trkpt lat="52.342803" lon="4.834207"><ele>3.5</ele></trkpt>
   <trkpt lat="52.342516" lon="4.834165"><ele>3.5</ele></trkpt>
   <trkpt lat="52.34228" lon="4.834107"><ele>3.5</ele></trkpt>
   <trkpt lat="52.342095" lon="4.834048"><ele>3.5</ele></trkpt>
   <trkpt lat="52.341884" lon="4.833965"><ele>3.5</ele></trkpt>
   <trkpt lat="52.341708" lon="4.833877"><ele>3.5</ele></trkpt>
   <trkpt lat="52.341615" lon="4.833831"><ele>3.5</ele></trkpt>
   <trkpt lat="52.341333" lon="4.833659"><ele>4</ele></trkpt>
   <trkpt lat="52.341032" lon="4.833434"><ele>4.5</ele></trkpt>
   <trkpt lat="52.340818" lon="4.833246"><ele>5</ele></trkpt>
   <trkpt lat="52.340605" lon="4.833033"><ele>5</ele></trkpt>
   <trkpt lat="52.340373" lon="4.832768"><ele>4.75</ele></trkpt>
   <trkpt lat="52.340188" lon="4.832532"><ele>4.75</ele></trkpt>
   <trkpt lat="52.34002" lon="4.832292"><ele>4.75</ele></trkpt>
   <trkpt lat="52.339831" lon="4.831991"><ele>5</ele></trkpt>
   <trkpt lat="52.339671" lon="4.831707"><ele>5.25</ele></trkpt>
   <trkpt lat="52.339538" lon="4.831446"><ele>5.25</ele></trkpt>
   <trkpt lat="52.339413" lon="4.831172"><ele>5.25</ele></trkpt>
   <trkpt lat="52.339326" lon="4.830969"><ele>5.25</ele></trkpt>
   <trkpt lat="52.339169" lon="4.830559"><ele>5.25</ele></trkpt>
   <trkpt lat="52.339051" lon="4.830205"><ele>5.25</ele></trkpt>
   <trkpt lat="52.338965" lon="4.829913"><ele>5.25</ele></trkpt>
   <trkpt lat="52.338896" lon="4.82965"><ele>5.25</ele></trkpt>
   <trkpt lat="52.338793" lon="4.829194"><ele>5.5</ele></trkpt>
   <trkpt lat="52.338724" lon="4.828821"><ele>5.5</ele></trkpt>
   <trkpt lat="52.338637" lon="4.828144"><ele>5.5</ele></trkpt>
   <trkpt lat="52.338595" lon="4.827671"><ele>5.5</ele></trkpt>
   <trkpt lat="52.338572" lon="4.827277"><ele>5.5</ele></trkpt>
   <trkpt lat="52.338567" lon="4.826683"><ele>5.75</ele></trkpt>
   <trkpt lat="52.338575" lon="4.825694"><ele>5.75</ele></trkpt>
   <trkpt lat="52.338575" lon="4.82564"><ele>5.75</ele></trkpt>
   <trkpt lat="52.338605" lon="4.823413"><ele>6.75</ele></trkpt>
   <trkpt lat="52.338601" lon="4.823185"><ele>6.75</ele></trkpt>
   <trkpt lat="52.338596" lon="4.822706"><ele>6.5</ele></trkpt>
   <trkpt lat="52.338592" lon="4.821683"><ele>2</ele></trkpt>
   <trkpt lat="52.338591" lon="4.821513"><ele>3.5</ele></trkpt>
   <trkpt lat="52.338595" lon="4.819225"><ele>5.75</ele></trkpt>
   <trkpt lat="52.338595" lon="4.818411"><ele>5.75</ele></trkpt>
   <trkpt lat="52.338592" lon="4.818019"><ele>5.75</ele></trkpt>
   <trkpt lat="52.338577" lon="4.817325"><ele>5.75</ele></trkpt>
   <trkpt lat="52.338541" lon="4.816602"><ele>6</ele></trkpt>
   <trkpt lat="52.338501" lon="4.816073"><ele>5.75</ele></trkpt>
   <trkpt lat="52.338435" lon="4.815415"><ele>5.75</ele></trkpt>
   <trkpt lat="52.33838" lon="4.814964"><ele>5.5</ele></trkpt>
   <trkpt lat="52.338311" lon="4.814481"><ele>5.25</ele></trkpt>
   <trkpt lat="52.338211" lon="4.813895"><ele>5.25</ele></trkpt>
   <trkpt lat="52.338101" lon="4.813326"><ele>5.25</ele></trkpt>
   <trkpt lat="52.337993" lon="4.812841"><ele>5.25</ele></trkpt>
   <trkpt lat="52.337946" lon="4.81265"><ele>5.25</ele></trkpt>
   <trkpt lat="52.337873" lon="4.812359"><ele>5.75</ele></trkpt>
   <trkpt lat="52.337786" lon="4.812034"><ele>5.75</ele></trkpt>
   <trkpt lat="52.33763" lon="4.811501"><ele>5.75</ele></trkpt>
   <trkpt lat="52.337506" lon="4.811112"><ele>5.75</ele></trkpt>
   <trkpt lat="52.337329" lon="4.810598"><ele>6</ele></trkpt>
   <trkpt lat="52.337178" lon="4.810195"><ele>6</ele></trkpt>
   <trkpt lat="52.336978" lon="4.809703"><ele>6.75</ele></trkpt>
   <trkpt lat="52.336744" lon="4.809177"><ele>6.5</ele></trkpt>
   <trkpt lat="52.336579" lon="4.808832"><ele>6.25</ele></trkpt>
   <trkpt lat="52.336336" lon="4.808355"><ele>6.75</ele></trkpt>
   <trkpt lat="52.336203" lon="4.808109"><ele>6.5</ele></trkpt>
   <trkpt lat="52.335802" lon="4.807403"><ele>7</ele></trkpt>
   <trkpt lat="52.335319" lon="4.806601"><ele>6.75</ele></trkpt>
   <trkpt lat="52.333568" lon="4.803745"><ele>6.5</ele></trkpt>
   <trkpt lat="52.333194" lon="4.803134"><ele>6.25</ele></trkpt>
   <trkpt lat="52.33255" lon="4.802082"><ele>6.25</ele></trkpt>
   <trkpt lat="52.330872" lon="4.799336"><ele>6</ele></trkpt>
   <trkpt lat="52.330499" lon="4.798687"><ele>6</ele></trkpt>
   <trkpt lat="52.33031" lon="4.798343"><ele>6</ele></trkpt>
   <trkpt lat="52.330033" lon="4.797819"><ele>6</ele></trkpt>
   <trkpt lat="52.329589" lon="4.796921"><ele>4.75</ele></trkpt>
   <trkpt lat="52.329305" lon="4.796307"><ele>3.5</ele></trkpt>
   <trkpt lat="52.328958" lon="4.795508"><ele>2.25</ele></trkpt>
   <trkpt lat="52.32867" lon="4.794799"><ele>1.25</ele></trkpt>
   <trkpt lat="52.328544" lon="4.794472"><ele>0.75</ele></trkpt>
   <trkpt lat="52.328235" lon="4.793625"><ele>0</ele></trkpt>
   <trkpt lat="52.328084" lon="4.793174"><ele>-0.25</ele></trkpt>
   <trkpt lat="52.327941" lon="4.792716"><ele>-0.75</ele></trkpt>
   <trkpt lat="52.327703" lon="4.791884"><ele>-1.75</ele></trkpt>
   <trkpt lat="52.32755" lon="4.791312"><ele>-1.75</ele></trkpt>
   <trkpt lat="52.327401" lon="4.790723"><ele>-2</ele></trkpt>
   <trkpt lat="52.327384" lon="4.790652"><ele>-2</ele></trkpt>
   <trkpt lat="52.327202" lon="4.789883"><ele>-3</ele></trkpt>
   <trkpt lat="52.327065" lon="4.789264"><ele>-2.75</ele></trkpt>
   <trkpt lat="52.326909" lon="4.788506"><ele>-3</ele></trkpt>
   <trkpt lat="52.326443" lon="4.78614"><ele>-3.75</ele></trkpt>
   <trkpt lat="52.326329" lon="4.785584"><ele>-3.75</ele></trkpt>
   <trkpt lat="52.326163" lon="4.78484"><ele>-3.25</ele></trkpt>
   <trkpt lat="52.32615" lon="4.784785"><ele>-3</ele></trkpt>
   <trkpt lat="52.326141" lon="4.784746"><ele>-3</ele></trkpt>
   <trkpt lat="52.326119" lon="4.784653"><ele>-3</ele></trkpt>
   <trkpt lat="52.326108" lon="4.784611"><ele>-3</ele></trkpt>
   <trkpt lat="52.326085" lon="4.784514"><ele>-3</ele></trkpt>
   <trkpt lat="52.326075" lon="4.784472"><ele>-3</ele></trkpt>
   <trkpt lat="52.326051" lon="4.784378"><ele>-3</ele></trkpt>
   <trkpt lat="52.326041" lon="4.784338"><ele>-3</ele></trkpt>
   <trkpt lat="52.326017" lon="4.784242"><ele>-3</ele></trkpt>
   <trkpt lat="52.326006" lon="4.784201"><ele>-3</ele></trkpt>
   <trkpt lat="52.325981" lon="4.784107"><ele>-3</ele></trkpt>
   <trkpt lat="52.325971" lon="4.784067"><ele>-3</ele></trkpt>
   <trkpt lat="52.325953" lon="4.783999"><ele>-3</ele></trkpt>
   <trkpt lat="52.32579" lon="4.78341"><ele>-3</ele></trkpt>
   <trkpt lat="52.325591" lon="4.782752"><ele>-3</ele></trkpt>
   <trkpt lat="52.325422" lon="4.782234"><ele>-3</ele></trkpt>
   <trkpt lat="52.325289" lon="4.781851"><ele>-3</ele></trkpt>
   <trkpt lat="52.325057" lon="4.781223"><ele>-3</ele></trkpt>
   <trkpt lat="52.324911" lon="4.780853"><ele>-3</ele></trkpt>
   <trkpt lat="52.324709" lon="4.780368"><ele>-3</ele></trkpt>
   <trkpt lat="52.32445" lon="4.779784"><ele>-3</ele></trkpt>
   <trkpt lat="52.324295" lon="4.779456"><ele>-3</ele></trkpt>
   <trkpt lat="52.323918" lon="4.778707"><ele>-3</ele></trkpt>
   <trkpt lat="52.323533" lon="4.778011"><ele>-3</ele></trkpt>
   <trkpt lat="52.323129" lon="4.777343"><ele>-3</ele></trkpt>
   <trkpt lat="52.322684" lon="4.776673"><ele>-3</ele></trkpt>
   <trkpt lat="52.322244" lon="4.77607"><ele>-3</ele></trkpt>
   <trkpt lat="52.321861" lon="4.775587"><ele>-3</ele></trkpt>
   <trkpt lat="52.321434" lon="4.775092"><ele>-3</ele></trkpt>
   <trkpt lat="52.320666" lon="4.774262"><ele>-3</ele></trkpt>
   <trkpt lat="52.319937" lon="4.773483"><ele>-3.25</ele></trkpt>
   <trkpt lat="52.316037" lon="4.769311"><ele>-3.25</ele></trkpt>
   <trkpt lat="52.315969" lon="4.769238"><ele>-3.25</ele></trkpt>
   <trkpt lat="52.315675" lon="4.768924"><ele>-3.25</ele></trkpt>
   <trkpt lat="52.314173" lon="4.767318"><ele>-3.25</ele></trkpt>
   <trkpt lat="52.313" lon="4.766064"><ele>-3.25</ele></trkpt>
   <trkpt lat="52.312996" lon="4.76606"><ele>-3.25</ele></trkpt>
   <trkpt lat="52.312802" lon="4.76585"><ele>-3.25</ele></trkpt>
   <trkpt lat="52.312735" lon="4.765779"><ele>-3.25</ele></trkpt>
   <trkpt lat="52.312734" lon="4.765778"><ele>-3.25</ele></trkpt>
   <trkpt lat="52.312615" lon="4.765649"><ele>-3.25</ele></trkpt>
   <trkpt lat="52.312268" lon="4.765249"><ele>-3.5</ele></trkpt>
   <trkpt lat="52.311508" lon="4.76431"><ele>-3.5</ele></trkpt>
   <trkpt lat="52.311095" lon="4.763759"><ele>-3.5</ele></trkpt>
   <trkpt lat="52.310874" lon="4.763445"><ele>-3.5</ele></trkpt>
   <trkpt lat="52.31071" lon="4.763211"><ele>-3.5</ele></trkpt>
   <trkpt lat="52.310595" lon="4.763046"><ele>-3.5</ele></trkpt>
   <trkpt lat="52.310218" lon="4.762527"><ele>-3.5</ele></trkpt>
   <trkpt lat="52.31015" lon="4.762437"><ele>-3.5</ele></trkpt>
   <trkpt lat="52.309819" lon="4.762012"><ele>-3.5</ele></trkpt>
   <trkpt lat="52.309763" lon="4.761939"><ele>-3.5</ele></trkpt>
   <trkpt lat="52.309514" lon="4.76162"><ele>-3.5</ele></trkpt>
   <trkpt lat="52.309207" lon="4.761226"><ele>-3.5</ele></trkpt>
   <trkpt lat="52.308952" lon="4.760899"><ele>-3.5</ele></trkpt>
   <trkpt lat="52.308583" lon="4.760426"><ele>-3.5</ele></trkpt>
   <trkpt lat="52.308219" lon="4.759958"><ele>-3.5</ele></trkpt>
   <trkpt lat="52.308043" lon="4.75973"><ele>-3.5</ele></trkpt>
   <trkpt lat="52.307763" lon="4.759359"><ele>-3.5</ele></trkpt>
   <trkpt lat="52.307618" lon="4.759161"><ele>-3.5</ele></trkpt>
   <trkpt lat="52.307564" lon="4.759086"><ele>-3.5</ele></trkpt>
   <trkpt lat="52.3074" lon="4.758853"><ele>-3.5</ele></trkpt>
   <trkpt lat="52.307204" lon="4.75857"><ele>-3.5</ele></trkpt>
   <trkpt lat="52.306799" lon="4.75796"><ele>-3.5</ele></trkpt>
   <trkpt lat="52.306493" lon="4.757473"><ele>-3.5</ele></trkpt>
   <trkpt lat="52.306377" lon="4.757272"><ele>-3.5</ele></trkpt>
   <trkpt lat="52.306243" lon="4.75704"><ele>-3.5</ele></trkpt>
   <trkpt lat="52.306241" lon="4.757038"><ele>-3.5</ele></trkpt>
   <trkpt lat="52.305948" lon="4.756521"><ele>-3.5</ele></trkpt>
   <trkpt lat="52.305654" lon="4.755962"><ele>-3.5</ele></trkpt>
   <trkpt lat="52.305464" lon="4.755578"><ele>-3.75</ele></trkpt>
   <trkpt lat="52.305203" lon="4.755012"><ele>-3.75</ele></trkpt>
   <trkpt lat="52.305098" lon="4.754767"><ele>-3.75</ele></trkpt>
   <trkpt lat="52.305089" lon="4.754746"><ele>-3.75</ele></trkpt>
   <trkpt lat="52.304973" lon="4.754468"><ele>-3.75</ele></trkpt>
   <trkpt lat="52.304724" lon="4.753838"><ele>-3.75</ele></trkpt>
   <trkpt lat="52.303467" lon="4.750565"><ele>-3.75</ele></trkpt>
   <trkpt lat="52.303452" lon="4.750527"><ele>-3.75</ele></trkpt>
   <trkpt lat="52.303438" lon="4.750489"><ele>-3.75</ele></trkpt>
   <trkpt lat="52.302244" lon="4.747381"><ele>-3.75</ele></trkpt>
   <trkpt lat="52.301679" lon="4.745911"><ele>-3.75</ele></trkpt>
   <trkpt lat="52.300579" lon="4.743036"><ele>-4</ele></trkpt>
   <trkpt lat="52.300117" lon="4.741761"><ele>-4</ele></trkpt>
   <trkpt lat="52.299752" lon="4.740691"><ele>-4</ele></trkpt>
   <trkpt lat="52.299434" lon="4.739674"><ele>-4</ele></trkpt>
   <trkpt lat="52.299111" lon="4.73858"><ele>-4</ele></trkpt>
   <trkpt lat="52.298883" lon="4.737761"><ele>-4</ele></trkpt>
   <trkpt lat="52.298742" lon="4.737228"><ele>-4</ele></trkpt>
   <trkpt lat="52.298487" lon="4.736211"><ele>-4</ele></trkpt>
   <trkpt lat="52.298199" lon="4.734971"><ele>-4</ele></trkpt>
   <trkpt lat="52.297991" lon="4.733992"><ele>-4</ele></trkpt>
   <trkpt lat="52.297798" lon="4.733014"><ele>-4</ele></trkpt>
   <trkpt lat="52.297555" lon="4.731652"><ele>-4</ele></trkpt>
   <trkpt lat="52.29745" lon="4.731004"><ele>-4</ele></trkpt>
   <trkpt lat="52.297316" lon="4.730108"><ele>-4.25</ele></trkpt>
   <trkpt lat="52.297309" lon="4.730064"><ele>-4.25</ele></trkpt>
   <trkpt lat="52.297304" lon="4.730029"><ele>-4.25</ele></trkpt>
   <trkpt lat="52.297299" lon="4.729991"><ele>-4.25</ele></trkpt>
   <trkpt lat="52.297293" lon="4.729952"><ele>-4.25</ele></trkpt>
   <trkpt lat="52.29727" lon="4.729783"><ele>-4</ele></trkpt>
   <trkpt lat="52.297264" lon="4.729743"><ele>-4</ele></trkpt>
   <trkpt lat="52.29726" lon="4.729707"><ele>-4</ele></trkpt>
   <trkpt lat="52.297254" lon="4.729667"><ele>-4.25</ele></trkpt>
   <trkpt lat="52.29723" lon="4.729493"><ele>-5.5</ele></trkpt>
   <trkpt lat="52.297225" lon="4.729452"><ele>-5.75</ele></trkpt>
   <trkpt lat="52.29722" lon="4.729418"><ele>-6</ele></trkpt>
   <trkpt lat="52.297215" lon="4.729375"><ele>-6</ele></trkpt>
   <trkpt lat="52.297211" lon="4.729344"><ele>-6.25</ele></trkpt>
   <trkpt lat="52.2971" lon="4.728466"><ele>-6.5</ele></trkpt>
   <trkpt lat="52.297011" lon="4.727671"><ele>-5.25</ele></trkpt>
   <trkpt lat="52.296935" lon="4.726928"><ele>-5.75</ele></trkpt>
   <trkpt lat="52.296838" lon="4.725847"><ele>-5</ele></trkpt>
   <trkpt lat="52.296768" lon="4.725004"><ele>-4.25</ele></trkpt>
   <trkpt lat="52.296493" lon="4.721703"><ele>-2.25</ele></trkpt>
   <trkpt lat="52.296424" lon="4.720696"><ele>-1.75</ele></trkpt>
   <trkpt lat="52.29637" lon="4.719648"><ele>-1</ele></trkpt>
   <trkpt lat="52.296348" lon="4.719181"><ele>-0.75</ele></trkpt>
   <trkpt lat="52.296248" lon="4.717014"><ele>0.25</ele></trkpt>
   <trkpt lat="52.296201" lon="4.716109"><ele>0.25</ele></trkpt>
   <trkpt lat="52.296177" lon="4.715712"><ele>0.25</ele></trkpt>
   <trkpt lat="52.296127" lon="4.71499"><ele>0.75</ele></trkpt>
   <trkpt lat="52.296114" lon="4.714822"><ele>0.75</ele></trkpt>
   <trkpt lat="52.296023" lon="4.713739"><ele>1.5</ele></trkpt>
   <trkpt lat="52.295944" lon="4.712979"><ele>2</ele></trkpt>
   <trkpt lat="52.295865" lon="4.712347"><ele>2</ele></trkpt>
   <trkpt lat="52.295757" lon="4.711608"><ele>2</ele></trkpt>
   <trkpt lat="52.295663" lon="4.711051"><ele>2</ele></trkpt>
   <trkpt lat="52.295581" lon="4.710575"><ele>2.25</ele></trkpt>
   <trkpt lat="52.295545" lon="4.710397"><ele>2.25</ele></trkpt>
   <trkpt lat="52.295292" lon="4.709148"><ele>1.5</ele></trkpt>
   <trkpt lat="52.295233" lon="4.70881"><ele>1.5</ele></trkpt>
   <trkpt lat="52.295045" lon="4.707899"><ele>1</ele></trkpt>
   <trkpt lat="52.294853" lon="4.706974"><ele>0.5</ele></trkpt>
   <trkpt lat="52.294792" lon="4.706621"><ele>0.5</ele></trkpt>
   <trkpt lat="52.294656" lon="4.705952"><ele>0.25</ele></trkpt>
   <trkpt lat="52.294408" lon="4.704871"><ele>0</ele></trkpt>
   <trkpt lat="52.294287" lon="4.704258"><ele>0</ele></trkpt>
   <trkpt lat="52.294145" lon="4.703609"><ele>-0.25</ele></trkpt>
   <trkpt lat="52.294061" lon="4.703251"><ele>-0.25</ele></trkpt>
   <trkpt lat="52.293943" lon="4.702774"><ele>0</ele></trkpt>
   <trkpt lat="52.293763" lon="4.702093"><ele>0</ele></trkpt>
   <trkpt lat="52.29372" lon="4.701948"><ele>0</ele></trkpt>
   <trkpt lat="52.293719" lon="4.701942"><ele>0</ele></trkpt>
   <trkpt lat="52.293541" lon="4.70134"><ele>0</ele></trkpt>
   <trkpt lat="52.293324" lon="4.700661"><ele>0</ele></trkpt>
   <trkpt lat="52.293224" lon="4.700366"><ele>0</ele></trkpt>
   <trkpt lat="52.293089" lon="4.699981"><ele>-0.25</ele></trkpt>
   <trkpt lat="52.293063" lon="4.69991"><ele>-0.25</ele></trkpt>
   <trkpt lat="52.292847" lon="4.699332"><ele>-0.75</ele></trkpt>
   <trkpt lat="52.292833" lon="4.699296"><ele>-0.75</ele></trkpt>
   <trkpt lat="52.292806" lon="4.699229"><ele>-0.75</ele></trkpt>
   <trkpt lat="52.292705" lon="4.698973"><ele>-0.75</ele></trkpt>
   <trkpt lat="52.292682" lon="4.698918"><ele>-1</ele></trkpt>
   <trkpt lat="52.29268" lon="4.698911"><ele>-1</ele></trkpt>
   <trkpt lat="52.292629" lon="4.698787"><ele>-1</ele></trkpt>
   <trkpt lat="52.292527" lon="4.698542"><ele>-1.5</ele></trkpt>
   <trkpt lat="52.292449" lon="4.698359"><ele>-1.25</ele></trkpt>
   <trkpt lat="52.292278" lon="4.697965"><ele>-1.25</ele></trkpt>
   <trkpt lat="52.292078" lon="4.697533"><ele>-1.25</ele></trkpt>
   <trkpt lat="52.291828" lon="4.696958"><ele>-1.25</ele></trkpt>
   <trkpt lat="52.291511" lon="4.696174"><ele>-1.25</ele></trkpt>
   <trkpt lat="52.29121" lon="4.695474"><ele>-1.75</ele></trkpt>
   <trkpt lat="52.290904" lon="4.694801"><ele>-1.75</ele></trkpt>
   <trkpt lat="52.290595" lon="4.69415"><ele>-1.75</ele></trkpt>
   <trkpt lat="52.290334" lon="4.693607"><ele>-1.75</ele></trkpt>
   <trkpt lat="52.290006" lon="4.692922"><ele>-1.75</ele></trkpt>
   <trkpt lat="52.288282" lon="4.689327"><ele>-1.75</ele></trkpt>
   <trkpt lat="52.288278" lon="4.689318"><ele>-1.75</ele></trkpt>
   <trkpt lat="52.28814" lon="4.689042"><ele>-1.75</ele></trkpt>
   <trkpt lat="52.288088" lon="4.688938"><ele>-1.75</ele></trkpt>
   <trkpt lat="52.287841" lon="4.688455"><ele>-1.75</ele></trkpt>
   <trkpt lat="52.287412" lon="4.687648"><ele>-1.75</ele></trkpt>
   <trkpt lat="52.287012" lon="4.686905"><ele>-1.75</ele></trkpt>
   <trkpt lat="52.286042" lon="4.685111"><ele>-1.75</ele></trkpt>
   <trkpt lat="52.285665" lon="4.684447"><ele>-2</ele></trkpt>
   <trkpt lat="52.28525" lon="4.683743"><ele>-2</ele></trkpt>
   <trkpt lat="52.284895" lon="4.683165"><ele>-2.75</ele></trkpt>
   <trkpt lat="52.284553" lon="4.682629"><ele>-3.25</ele></trkpt>
   <trkpt lat="52.28406" lon="4.68189"><ele>-4</ele></trkpt>
   <trkpt lat="52.283687" lon="4.681353"><ele>-4</ele></trkpt>
   <trkpt lat="52.283076" lon="4.680515"><ele>-3.75</ele></trkpt>
   <trkpt lat="52.282518" lon="4.679793"><ele>-3</ele></trkpt>
   <trkpt lat="52.281364" lon="4.678347"><ele>-1.75</ele></trkpt>
   <trkpt lat="52.281024" lon="4.677908"><ele>-1.5</ele></trkpt>
   <trkpt lat="52.280234" lon="4.676846"><ele>-0.5</ele></trkpt>
   <trkpt lat="52.279611" lon="4.675967"><ele>0</ele></trkpt>
   <trkpt lat="52.279607" lon="4.675962"><ele>0</ele></trkpt>
   <trkpt lat="52.279235" lon="4.675423"><ele>0.5</ele></trkpt>
   <trkpt lat="52.279152" lon="4.6753"><ele>0.25</ele></trkpt>
   <trkpt lat="52.278648" lon="4.674565"><ele>-0.5</ele></trkpt>
   <trkpt lat="52.276932" lon="4.67206"><ele>-3.75</ele></trkpt>
   <trkpt lat="52.275685" lon="4.670241"><ele>-4</ele></trkpt>
   <trkpt lat="52.275258" lon="4.669617"><ele>-4</ele></trkpt>
   <trkpt lat="52.274503" lon="4.668515"><ele>-4</ele></trkpt>
   <trkpt lat="52.273966" lon="4.667732"><ele>-4</ele></trkpt>
   <trkpt lat="52.273501" lon="4.667053"><ele>-4.25</ele></trkpt>
   <trkpt lat="52.27222" lon="4.665186"><ele>-4</ele></trkpt>
   <trkpt lat="52.271117" lon="4.663575"><ele>-4</ele></trkpt>
   <trkpt lat="52.266472" lon="4.656799"><ele>-4.25</ele></trkpt>
   <trkpt lat="52.265421" lon="4.655265"><ele>-4.25</ele></trkpt>
   <trkpt lat="52.263449" lon="4.65239"><ele>-4.75</ele></trkpt>
   <trkpt lat="52.263212" lon="4.652045"><ele>-4.5</ele></trkpt>
   <trkpt lat="52.262305" lon="4.650723"><ele>-3.25</ele></trkpt>
   <trkpt lat="52.261835" lon="4.65005"><ele>-3.25</ele></trkpt>
   <trkpt lat="52.261394" lon="4.649421"><ele>-2</ele></trkpt>
   <trkpt lat="52.2606" lon="4.648317"><ele>-2</ele></trkpt>
   <trkpt lat="52.260011" lon="4.647524"><ele>-2</ele></trkpt>
   <trkpt lat="52.259241" lon="4.646533"><ele>-2</ele></trkpt>
   <trkpt lat="52.258619" lon="4.645761"><ele>-2</ele></trkpt>
   <trkpt lat="52.258345" lon="4.645428"><ele>-2</ele></trkpt>
   <trkpt lat="52.25742" lon="4.644348"><ele>-2</ele></trkpt>
   <trkpt lat="52.256678" lon="4.643522"><ele>-2</ele></trkpt>
   <trkpt lat="52.256223" lon="4.643037"><ele>-2</ele></trkpt>
   <trkpt lat="52.255585" lon="4.642372"><ele>-2.5</ele></trkpt>
   <trkpt lat="52.255111" lon="4.641894"><ele>-3.25</ele></trkpt>
   <trkpt lat="52.254516" lon="4.641312"><ele>-3.75</ele></trkpt>
   <trkpt lat="52.254056" lon="4.640879"><ele>-4.75</ele></trkpt>
   <trkpt lat="52.253808" lon="4.640648"><ele>-4.5</ele></trkpt>
   <trkpt lat="52.25286" lon="4.639802"><ele>-4.25</ele></trkpt>
   <trkpt lat="52.251911" lon="4.639002"><ele>-5</ele></trkpt>
   <trkpt lat="52.250925" lon="4.63822"><ele>-5</ele></trkpt>
   <trkpt lat="52.250027" lon="4.637547"><ele>-4</ele></trkpt>
   <trkpt lat="52.249439" lon="4.637128"><ele>-5</ele></trkpt>
   <trkpt lat="52.248639" lon="4.636583"><ele>-4.75</ele></trkpt>
   <trkpt lat="52.247864" lon="4.636085"><ele>-5</ele></trkpt>
   <trkpt lat="52.247413" lon="4.635807"><ele>-5</ele></trkpt>
   <trkpt lat="52.246283" lon="4.63515"><ele>-5</ele></trkpt>
   <trkpt lat="52.245693" lon="4.634829"><ele>-5</ele></trkpt>
   <trkpt lat="52.24485" lon="4.634397"><ele>-5</ele></trkpt>
   <trkpt lat="52.244283" lon="4.634122"><ele>-5</ele></trkpt>
   <trkpt lat="52.243369" lon="4.633706"><ele>-5</ele></trkpt>
   <trkpt lat="52.242306" lon="4.633264"><ele>-4.75</ele></trkpt>
   <trkpt lat="52.241377" lon="4.632916"><ele>-5</ele></trkpt>
   <trkpt lat="52.240949" lon="4.632765"><ele>-5</ele></trkpt>
   <trkpt lat="52.240374" lon="4.632578"><ele>-4.5</ele></trkpt>
   <trkpt lat="52.239229" lon="4.632237"><ele>-4</ele></trkpt>
   <trkpt lat="52.238513" lon="4.63205"><ele>-4.25</ele></trkpt>
   <trkpt lat="52.237169" lon="4.631731"><ele>-3</ele></trkpt>
   <trkpt lat="52.236096" lon="4.631503"><ele>-2.25</ele></trkpt>
   <trkpt lat="52.235083" lon="4.631295"><ele>-1.5</ele></trkpt>
   <trkpt lat="52.234453" lon="4.631166"><ele>-0.75</ele></trkpt>
   <trkpt lat="52.23209" lon="4.630685"><ele>-1</ele></trkpt>
   <trkpt lat="52.228664" lon="4.629986"><ele>-1.5</ele></trkpt>
   <trkpt lat="52.226435" lon="4.629528"><ele>-2</ele></trkpt>
   <trkpt lat="52.225889" lon="4.629418"><ele>-2.25</ele></trkpt>
   <trkpt lat="52.22516" lon="4.629272"><ele>-2.25</ele></trkpt>
   <trkpt lat="52.223598" lon="4.628934"><ele>-2.75</ele></trkpt>
   <trkpt lat="52.222334" lon="4.628627"><ele>-2.75</ele></trkpt>
   <trkpt lat="52.221715" lon="4.628458"><ele>-4.25</ele></trkpt>
   <trkpt lat="52.221015" lon="4.62825"><ele>-4.5</ele></trkpt>
   <trkpt lat="52.220117" lon="4.62796"><ele>-5.25</ele></trkpt>
   <trkpt lat="52.219485" lon="4.62774"><ele>-6.75</ele></trkpt>
   <trkpt lat="52.218288" lon="4.62728"><ele>-8</ele></trkpt>
   <trkpt lat="52.217411" lon="4.626916"><ele>-7</ele></trkpt>
   <trkpt lat="52.216717" lon="4.626603"><ele>-6.75</ele></trkpt>
   <trkpt lat="52.215986" lon="4.626259"><ele>-6.5</ele></trkpt>
   <trkpt lat="52.215075" lon="4.625794"><ele>-6.5</ele></trkpt>
   <trkpt lat="52.214661" lon="4.625577"><ele>-6.25</ele></trkpt>
   <trkpt lat="52.21384" lon="4.625122"><ele>-6.5</ele></trkpt>
   <trkpt lat="52.212809" lon="4.624513"><ele>-6.75</ele></trkpt>
   <trkpt lat="52.211984" lon="4.623995"><ele>-5.5</ele></trkpt>
   <trkpt lat="52.211262" lon="4.62352"><ele>-4.5</ele></trkpt>
   <trkpt lat="52.210706" lon="4.623138"><ele>-4</ele></trkpt>
   <trkpt lat="52.210058" lon="4.622677"><ele>-4</ele></trkpt>
   <trkpt lat="52.209056" lon="4.621929"><ele>-3</ele></trkpt>
   <trkpt lat="52.208291" lon="4.621329"><ele>-3.25</ele></trkpt>
   <trkpt lat="52.207409" lon="4.620602"><ele>-3.25</ele></trkpt>
   <trkpt lat="52.206475" lon="4.619792"><ele>-3</ele></trkpt>
   <trkpt lat="52.205452" lon="4.618871"><ele>-3</ele></trkpt>
   <trkpt lat="52.204983" lon="4.618438"><ele>-2.75</ele></trkpt>
   <trkpt lat="52.202134" lon="4.615789"><ele>-2.75</ele></trkpt>
   <trkpt lat="52.201993" lon="4.615658"><ele>-2.75</ele></trkpt>
   <trkpt lat="52.19985" lon="4.613663"><ele>-2.75</ele></trkpt>
   <trkpt lat="52.199511" lon="4.613346"><ele>-2.75</ele></trkpt>
   <trkpt lat="52.197548" lon="4.611516"><ele>-2.5</ele></trkpt>
   <trkpt lat="52.196759" lon="4.610782"><ele>-2.5</ele></trkpt>
   <trkpt lat="52.193387" lon="4.607639"><ele>-2.5</ele></trkpt>
   <trkpt lat="52.192599" lon="4.606888"><ele>-2.5</ele></trkpt>
   <trkpt lat="52.191661" lon="4.605966"><ele>-2.25</ele></trkpt>
   <trkpt lat="52.191185" lon="4.605479"><ele>-2.5</ele></trkpt>
   <trkpt lat="52.190657" lon="4.604919"><ele>-2.5</ele></trkpt>
   <trkpt lat="52.190158" lon="4.60437"><ele>-3.25</ele></trkpt>
   <trkpt lat="52.189439" lon="4.603552"><ele>-3</ele></trkpt>
   <trkpt lat="52.188868" lon="4.602869"><ele>-3.25</ele></trkpt>
   <trkpt lat="52.188289" lon="4.60215"><ele>-3.25</ele></trkpt>
   <trkpt lat="52.187916" lon="4.601673"><ele>-3</ele></trkpt>
   <trkpt lat="52.18751" lon="4.601138"><ele>-3</ele></trkpt>
   <trkpt lat="52.186863" lon="4.600253"><ele>-2.5</ele></trkpt>
   <trkpt lat="52.186421" lon="4.599627"><ele>-2.5</ele></trkpt>
   <trkpt lat="52.185863" lon="4.598807"><ele>-1.75</ele></trkpt>
   <trkpt lat="52.185111" lon="4.597647"><ele>-0.75</ele></trkpt>
   <trkpt lat="52.18449" lon="4.596645"><ele>0</ele></trkpt>
   <trkpt lat="52.184166" lon="4.596101"><ele>0</ele></trkpt>
   <trkpt lat="52.183689" lon="4.595279"><ele>0.5</ele></trkpt>
   <trkpt lat="52.183145" lon="4.594302"><ele>2.5</ele></trkpt>
   <trkpt lat="52.182976" lon="4.593987"><ele>3.25</ele></trkpt>
   <trkpt lat="52.182668" lon="4.59341"><ele>4.5</ele></trkpt>
   <trkpt lat="52.182207" lon="4.592513"><ele>4.5</ele></trkpt>
   <trkpt lat="52.181881" lon="4.591859"><ele>1.25</ele></trkpt>
   <trkpt lat="52.18139" lon="4.590837"><ele>3.75</ele></trkpt>
   <trkpt lat="52.181126" lon="4.590271"><ele>3.5</ele></trkpt>
   <trkpt lat="52.18071" lon="4.589349"><ele>2.5</ele></trkpt>
   <trkpt lat="52.180234" lon="4.588258"><ele>3.25</ele></trkpt>
   <trkpt lat="52.179521" lon="4.586567"><ele>1</ele></trkpt>
   <trkpt lat="52.178059" lon="4.582984"><ele>0.25</ele></trkpt>
   <trkpt lat="52.177731" lon="4.582183"><ele>0</ele></trkpt>
   <trkpt lat="52.177138" lon="4.580756"><ele>-0.5</ele></trkpt>
   <trkpt lat="52.176445" lon="4.579141"><ele>-1</ele></trkpt>
   <trkpt lat="52.176079" lon="4.578316"><ele>-1.5</ele></trkpt>
   <trkpt lat="52.175761" lon="4.577623"><ele>-1.25</ele></trkpt>
   <trkpt lat="52.175052" lon="4.576141"><ele>-1.25</ele></trkpt>
   <trkpt lat="52.174605" lon="4.575251"><ele>-1</ele></trkpt>
   <trkpt lat="52.173922" lon="4.573948"><ele>-1</ele></trkpt>
   <trkpt lat="52.173336" lon="4.572886"><ele>-0.25</ele></trkpt>
   <trkpt lat="52.172677" lon="4.571738"><ele>0.25</ele></trkpt>
   <trkpt lat="52.172261" lon="4.571046"><ele>0.5</ele></trkpt>
   <trkpt lat="52.171834" lon="4.570355"><ele>1</ele></trkpt>
   <trkpt lat="52.171086" lon="4.56919"><ele>1.75</ele></trkpt>
   <trkpt lat="52.170547" lon="4.568387"><ele>2.25</ele></trkpt>
   <trkpt lat="52.170165" lon="4.567836"><ele>2.75</ele></trkpt>
   <trkpt lat="52.169729" lon="4.567223"><ele>2.75</ele></trkpt>
   <trkpt lat="52.169278" lon="4.566608"><ele>1.75</ele></trkpt>
   <trkpt lat="52.168503" lon="4.565591"><ele>2</ele></trkpt>
   <trkpt lat="52.167711" lon="4.564605"><ele>2.25</ele></trkpt>
   <trkpt lat="52.166867" lon="4.563615"><ele>1.5</ele></trkpt>
   <trkpt lat="52.166573" lon="4.56328"><ele>1.25</ele></trkpt>
   <trkpt lat="52.166105" lon="4.562763"><ele>0.75</ele></trkpt>
   <trkpt lat="52.165864" lon="4.562505"><ele>0.5</ele></trkpt>
   <trkpt lat="52.165677" lon="4.562304"><ele>0.25</ele></trkpt>
   <trkpt lat="52.164961" lon="4.561563"><ele>-0.25</ele></trkpt>
   <trkpt lat="52.164158" lon="4.560775"><ele>-1</ele></trkpt>
   <trkpt lat="52.163608" lon="4.560259"><ele>-1.5</ele></trkpt>
   <trkpt lat="52.163113" lon="4.55981"><ele>-1.5</ele></trkpt>
   <trkpt lat="52.16231" lon="4.559113"><ele>-2.25</ele></trkpt>
   <trkpt lat="52.161357" lon="4.558335"><ele>-2.25</ele></trkpt>
   <trkpt lat="52.160209" lon="4.55746"><ele>-2.25</ele></trkpt>
   <trkpt lat="52.15955" lon="4.556992"><ele>-2.5</ele></trkpt>
   <trkpt lat="52.159085" lon="4.556673"><ele>-2.5</ele></trkpt>
   <trkpt lat="52.158443" lon="4.556254"><ele>-2.5</ele></trkpt>
   <trkpt lat="52.157428" lon="4.555633"><ele>-2.75</ele></trkpt>
   <trkpt lat="52.156672" lon="4.555202"><ele>-2.75</ele></trkpt>
   <trkpt lat="52.156144" lon="4.554917"><ele>-2.75</ele></trkpt>
   <trkpt lat="52.155678" lon="4.554674"><ele>-3</ele></trkpt>
   <trkpt lat="52.154663" lon="4.554174"><ele>-3</ele></trkpt>
   <trkpt lat="52.153329" lon="4.553609"><ele>-3.25</ele></trkpt>
   <trkpt lat="52.152605" lon="4.553327"><ele>-3.25</ele></trkpt>
   <trkpt lat="52.151766" lon="4.55303"><ele>-3.25</ele></trkpt>
   <trkpt lat="52.150802" lon="4.552733"><ele>-3.5</ele></trkpt>
   <trkpt lat="52.150274" lon="4.55258"><ele>-3.5</ele></trkpt>
   <trkpt lat="52.149514" lon="4.552388"><ele>-3.5</ele></trkpt>
   <trkpt lat="52.14879" lon="4.552221"><ele>-3.5</ele></trkpt>
   <trkpt lat="52.148317" lon="4.552127"><ele>-3.75</ele></trkpt>
   <trkpt lat="52.147437" lon="4.551974"><ele>-3.75</ele></trkpt>
   <trkpt lat="52.146976" lon="4.551909"><ele>-3.75</ele></trkpt>
   <trkpt lat="52.146074" lon="4.5518"><ele>-4</ele></trkpt>
   <trkpt lat="52.145364" lon="4.551741"><ele>-4</ele></trkpt>
   <trkpt lat="52.144206" lon="4.551685"><ele>-4</ele></trkpt>
   <trkpt lat="52.143609" lon="4.551679"><ele>-4.25</ele></trkpt>
   <trkpt lat="52.143005" lon="4.551685"><ele>-4.25</ele></trkpt>
   <trkpt lat="52.141873" lon="4.551735"><ele>-4.25</ele></trkpt>
   <trkpt lat="52.140619" lon="4.551837"><ele>-4.5</ele></trkpt>
   <trkpt lat="52.139329" lon="4.551979"><ele>-4.5</ele></trkpt>
   <trkpt lat="52.138255" lon="4.552115"><ele>-4.75</ele></trkpt>
   <trkpt lat="52.136185" lon="4.552406"><ele>-5</ele></trkpt>
   <trkpt lat="52.134218" lon="4.552717"><ele>-5.25</ele></trkpt>
   <trkpt lat="52.133317" lon="4.552872"><ele>-5.25</ele></trkpt>
   <trkpt lat="52.132232" lon="4.553072"><ele>-5.25</ele></trkpt>
   <trkpt lat="52.130946" lon="4.553316"><ele>-5.5</ele></trkpt>
   <trkpt lat="52.129008" lon="4.553716"><ele>-5.75</ele></trkpt>
   <trkpt lat="52.127939" lon="4.55395"><ele>-5.75</ele></trkpt>
   <trkpt lat="52.126886" lon="4.554194"><ele>-6</ele></trkpt>
   <trkpt lat="52.125338" lon="4.554569"><ele>-6</ele></trkpt>
   <trkpt lat="52.124875" lon="4.554685"><ele>-6.25</ele></trkpt>
   <trkpt lat="52.124848" lon="4.554692"><ele>-6.25</ele></trkpt>
   <trkpt lat="52.123205" lon="4.55512"><ele>-6.25</ele></trkpt>
   <trkpt lat="52.121051" lon="4.555721"><ele>-6.5</ele></trkpt>
   <trkpt lat="52.119612" lon="4.556147"><ele>-6.75</ele></trkpt>
   <trkpt lat="52.11786" lon="4.556692"><ele>-7</ele></trkpt>
   <trkpt lat="52.115412" lon="4.557494"><ele>-7.25</ele></trkpt>
   <trkpt lat="52.103518" lon="4.561477"><ele>-8.5</ele></trkpt>
   <trkpt lat="52.103018" lon="4.561644"><ele>-8.5</ele></trkpt>
   <trkpt lat="52.100611" lon="4.562452"><ele>-8.75</ele></trkpt>
   <trkpt lat="52.097846" lon="4.563366"><ele>-9</ele></trkpt>
   <trkpt lat="52.096941" lon="4.563676"><ele>-9.25</ele></trkpt>
   <trkpt lat="52.095874" lon="4.563995"><ele>-9.25</ele></trkpt>
   <trkpt lat="52.094236" lon="4.564436"><ele>-9.5</ele></trkpt>
   <trkpt lat="52.093204" lon="4.56466"><ele>-9.5</ele></trkpt>
   <trkpt lat="52.092497" lon="4.5648"><ele>-9.75</ele></trkpt>
   <trkpt lat="52.091381" lon="4.564991"><ele>-9.75</ele></trkpt>
   <trkpt lat="52.090314" lon="4.565136"><ele>-6</ele></trkpt>
   <trkpt lat="52.089275" lon="4.565244"><ele>-5</ele></trkpt>
   <trkpt lat="52.088303" lon="4.565315"><ele>-4</ele></trkpt>
   <trkpt lat="52.087791" lon="4.565343"><ele>-3.25</ele></trkpt>
   <trkpt lat="52.08705" lon="4.565369"><ele>-2.75</ele></trkpt>
   <trkpt lat="52.086163" lon="4.56538"><ele>-2</ele></trkpt>
   <trkpt lat="52.085529" lon="4.565378"><ele>-2</ele></trkpt>
   <trkpt lat="52.08483" lon="4.565364"><ele>-2</ele></trkpt>
   <trkpt lat="52.083783" lon="4.565312"><ele>-2</ele></trkpt>
   <trkpt lat="52.083468" lon="4.565292"><ele>-2</ele></trkpt>
   <trkpt lat="52.082505" lon="4.565206"><ele>-2.25</ele></trkpt>
   <trkpt lat="52.081297" lon="4.565059"><ele>-2.25</ele></trkpt>
   <trkpt lat="52.0806" lon="4.564954"><ele>-2.25</ele></trkpt>
   <trkpt lat="52.079879" lon="4.56483"><ele>-2.5</ele></trkpt>
   <trkpt lat="52.078661" lon="4.564583"><ele>-2</ele></trkpt>
   <trkpt lat="52.078195" lon="4.564477"><ele>-2</ele></trkpt>
   <trkpt lat="52.077475" lon="4.564303"><ele>-1.75</ele></trkpt>
   <trkpt lat="52.076518" lon="4.564043"><ele>-1.25</ele></trkpt>
   <trkpt lat="52.075611" lon="4.563767"><ele>-1.5</ele></trkpt>
   <trkpt lat="52.074895" lon="4.563532"><ele>-1.25</ele></trkpt>
   <trkpt lat="52.074741" lon="4.563478"><ele>-1.5</ele></trkpt>
   <trkpt lat="52.074022" lon="4.563225"><ele>-1.25</ele></trkpt>
   <trkpt lat="52.073449" lon="4.563009"><ele>-1.25</ele></trkpt>
   <trkpt lat="52.072729" lon="4.562723"><ele>-1.5</ele></trkpt>
   <trkpt lat="52.072083" lon="4.562452"><ele>-1.75</ele></trkpt>
   <trkpt lat="52.071077" lon="4.562002"><ele>-2</ele></trkpt>
   <trkpt lat="52.070342" lon="4.561652"><ele>-2.5</ele></trkpt>
   <trkpt lat="52.069612" lon="4.561285"><ele>-2.5</ele></trkpt>
   <trkpt lat="52.069314" lon="4.56113"><ele>-2.25</ele></trkpt>
   <trkpt lat="52.068598" lon="4.560746"><ele>-2.25</ele></trkpt>
   <trkpt lat="52.068092" lon="4.560463"><ele>-2.25</ele></trkpt>
   <trkpt lat="52.066958" lon="4.559794"><ele>-2</ele></trkpt>
   <trkpt lat="52.066297" lon="4.559384"><ele>-2</ele></trkpt>
   <trkpt lat="52.065666" lon="4.558977"><ele>-2</ele></trkpt>
   <trkpt lat="52.065455" lon="4.558836"><ele>-1.75</ele></trkpt>
   <trkpt lat="52.064913" lon="4.558471"><ele>-1.75</ele></trkpt>
   <trkpt lat="52.063826" lon="4.557703"><ele>-1.75</ele></trkpt>
   <trkpt lat="52.062651" lon="4.556819"><ele>-1.5</ele></trkpt>
   <trkpt lat="52.062118" lon="4.556399"><ele>-1.5</ele></trkpt>
   <trkpt lat="52.061275" lon="4.555712"><ele>-1.25</ele></trkpt>
   <trkpt lat="52.060628" lon="4.555166"><ele>-1.25</ele></trkpt>
   <trkpt lat="52.059856" lon="4.554489"><ele>-1.25</ele></trkpt>
   <trkpt lat="52.059083" lon="4.553784"><ele>-1.25</ele></trkpt>
   <trkpt lat="52.057998" lon="4.552749"><ele>-1.25</ele></trkpt>
   <trkpt lat="52.057244" lon="4.551994"><ele>-1.25</ele></trkpt>
   <trkpt lat="52.056486" lon="4.55121"><ele>-1.5</ele></trkpt>
   <trkpt lat="52.05566" lon="4.550321"><ele>-1.5</ele></trkpt>
   <trkpt lat="52.054835" lon="4.549396"><ele>-1.5</ele></trkpt>
   <trkpt lat="52.054579" lon="4.549101"><ele>-1.5</ele></trkpt>
   <trkpt lat="52.053807" lon="4.548193"><ele>-1.5</ele></trkpt>
   <trkpt lat="52.053113" lon="4.547347"><ele>-1.5</ele></trkpt>
   <trkpt lat="52.052023" lon="4.545962"><ele>-1.5</ele></trkpt>
   <trkpt lat="52.05071" lon="4.544244"><ele>-1.75</ele></trkpt>
   <trkpt lat="52.044732" lon="4.536358"><ele>-2</ele></trkpt>
   <trkpt lat="52.04436" lon="4.535867"><ele>-2</ele></trkpt>
   <trkpt lat="52.041083" lon="4.531547"><ele>-2.25</ele></trkpt>
   <trkpt lat="52.039967" lon="4.530096"><ele>-2.25</ele></trkpt>
   <trkpt lat="52.039212" lon="4.529138"><ele>-2.25</ele></trkpt>
   <trkpt lat="52.038711" lon="4.528521"><ele>-2.25</ele></trkpt>
   <trkpt lat="52.038174" lon="4.527876"><ele>-2.25</ele></trkpt>
   <trkpt lat="52.03739" lon="4.526971"><ele>-2.25</ele></trkpt>
   <trkpt lat="52.03654" lon="4.526032"><ele>-2.5</ele></trkpt>
   <trkpt lat="52.035901" lon="4.525358"><ele>-2.5</ele></trkpt>
   <trkpt lat="52.035378" lon="4.524823"><ele>-2.5</ele></trkpt>
   <trkpt lat="52.034555" lon="4.524016"><ele>-2.5</ele></trkpt>
   <trkpt lat="52.034004" lon="4.523493"><ele>-2.5</ele></trkpt>
   <trkpt lat="52.033029" lon="4.522612"><ele>-2.5</ele></trkpt>
   <trkpt lat="52.032266" lon="4.521957"><ele>-2.5</ele></trkpt>
   <trkpt lat="52.031544" lon="4.521364"><ele>-2.75</ele></trkpt>
   <trkpt lat="52.031098" lon="4.521012"><ele>-2.75</ele></trkpt>
   <trkpt lat="52.030547" lon="4.520588"><ele>-2.75</ele></trkpt>
   <trkpt lat="52.029863" lon="4.520083"><ele>-2.75</ele></trkpt>
   <trkpt lat="52.028881" lon="4.519395"><ele>-2.75</ele></trkpt>
   <trkpt lat="52.028108" lon="4.518885"><ele>-2.75</ele></trkpt>
   <trkpt lat="52.02711" lon="4.518265"><ele>-2.75</ele></trkpt>
   <trkpt lat="52.026629" lon="4.51798"><ele>-2.75</ele></trkpt>
   <trkpt lat="52.026006" lon="4.517628"><ele>-3</ele></trkpt>
   <trkpt lat="52.02539" lon="4.517296"><ele>-3</ele></trkpt>
   <trkpt lat="52.024707" lon="4.516941"><ele>-3</ele></trkpt>
   <trkpt lat="52.02377" lon="4.516474"><ele>-3</ele></trkpt>
   <trkpt lat="52.023012" lon="4.51611"><ele>-3</ele></trkpt>
   <trkpt lat="52.022575" lon="4.515901"><ele>-3</ele></trkpt>
   <trkpt lat="52.020818" lon="4.515059"><ele>-3.25</ele></trkpt>
   <trkpt lat="52.019545" lon="4.514422"><ele>-3.25</ele></trkpt>
   <trkpt lat="52.018641" lon="4.513942"><ele>-3.25</ele></trkpt>
   <trkpt lat="52.017552" lon="4.513325"><ele>-3.25</ele></trkpt>
   <trkpt lat="52.016888" lon="4.512928"><ele>-3.25</ele></trkpt>
   <trkpt lat="52.016309" lon="4.512569"><ele>-3.25</ele></trkpt>
   <trkpt lat="52.01533" lon="4.511931"><ele>-3.25</ele></trkpt>
   <trkpt lat="52.014749" lon="4.511538"><ele>-3.5</ele></trkpt>
   <trkpt lat="52.014234" lon="4.511177"><ele>-3.5</ele></trkpt>
   <trkpt lat="52.013293" lon="4.510492"><ele>-3.5</ele></trkpt>
   <trkpt lat="52.012684" lon="4.510029"><ele>-3.5</ele></trkpt>
   <trkpt lat="52.011991" lon="4.509485"><ele>-3.5</ele></trkpt>
   <trkpt lat="52.011141" lon="4.508788"><ele>-3.5</ele></trkpt>
   <trkpt lat="52.010753" lon="4.508461"><ele>-3.5</ele></trkpt>
   <trkpt lat="52.010013" lon="4.507818"><ele>-3.5</ele></trkpt>
   <trkpt lat="52.00912" lon="4.507008"><ele>-3.75</ele></trkpt>
   <trkpt lat="52.008066" lon="4.506007"><ele>-3.75</ele></trkpt>
   <trkpt lat="52.007452" lon="4.505398"><ele>-3.75</ele></trkpt>
   <trkpt lat="52.006766" lon="4.504697"><ele>-3.75</ele></trkpt>
   <trkpt lat="52.005789" lon="4.503658"><ele>-3.75</ele></trkpt>
   <trkpt lat="52.004908" lon="4.502677"><ele>-4</ele></trkpt>
   <trkpt lat="52.004744" lon="4.50249"><ele>-4</ele></trkpt>
   <trkpt lat="52.004374" lon="4.502062"><ele>-4.75</ele></trkpt>
   <trkpt lat="52.003737" lon="4.501308"><ele>-5.5</ele></trkpt>
   <trkpt lat="52.002743" lon="4.500088"><ele>-5.75</ele></trkpt>
   <trkpt lat="52.002042" lon="4.499202"><ele>-5.75</ele></trkpt>
   <trkpt lat="52.000708" lon="4.497483"><ele>-6.5</ele></trkpt>
   <trkpt lat="51.997446" lon="4.493267"><ele>-6.5</ele></trkpt>
   <trkpt lat="51.989851" lon="4.483451"><ele>-6.25</ele></trkpt>
   <trkpt lat="51.988781" lon="4.482073"><ele>-6</ele></trkpt>
   <trkpt lat="51.987986" lon="4.481066"><ele>-6.25</ele></trkpt>
   <trkpt lat="51.987164" lon="4.480049"><ele>-5.75</ele></trkpt>
   <trkpt lat="51.986476" lon="4.479223"><ele>-6.5</ele></trkpt>
   <trkpt lat="51.985756" lon="4.478374"><ele>-6.25</ele></trkpt>
   <trkpt lat="51.984815" lon="4.477294"><ele>-5.75</ele></trkpt>
   <trkpt lat="51.984334" lon="4.476755"><ele>-5.5</ele></trkpt>
   <trkpt lat="51.983888" lon="4.47626"><ele>-5.25</ele></trkpt>
   <trkpt lat="51.983128" lon="4.475438"><ele>-5.5</ele></trkpt>
   <trkpt lat="51.982171" lon="4.474432"><ele>-4</ele></trkpt>
   <trkpt lat="51.981454" lon="4.473696"><ele>-3.75</ele></trkpt>
   <trkpt lat="51.980357" lon="4.472604"><ele>-2.25</ele></trkpt>
   <trkpt lat="51.979412" lon="4.471695"><ele>-2.5</ele></trkpt>
   <trkpt lat="51.97887" lon="4.471186"><ele>-2.25</ele></trkpt>
   <trkpt lat="51.978067" lon="4.470446"><ele>-1.75</ele></trkpt>
   <trkpt lat="51.9775" lon="4.469939"><ele>-1.75</ele></trkpt>
   <trkpt lat="51.977161" lon="4.469638"><ele>-1.75</ele></trkpt>
   <trkpt lat="51.977026" lon="4.46952"><ele>-2</ele></trkpt>
   <trkpt lat="51.976945" lon="4.469449"><ele>-1</ele></trkpt>
   <trkpt lat="51.976292" lon="4.468884"><ele>-1.5</ele></trkpt>
   <trkpt lat="51.975221" lon="4.467987"><ele>-2.75</ele></trkpt>
   <trkpt lat="51.975082" lon="4.467873"><ele>-3</ele></trkpt>
   <trkpt lat="51.974104" lon="4.467086"><ele>-3</ele></trkpt>
   <trkpt lat="51.973963" lon="4.466974"><ele>-3</ele></trkpt>
   <trkpt lat="51.972639" lon="4.465954"><ele>-4</ele></trkpt>
   <trkpt lat="51.972502" lon="4.465865"><ele>-4</ele></trkpt>
   <trkpt lat="51.971196" lon="4.46491"><ele>-5.75</ele></trkpt>
   <trkpt lat="51.97009" lon="4.464137"><ele>-6.75</ele></trkpt>
   <trkpt lat="51.968808" lon="4.463278"><ele>-8.75</ele></trkpt>
   <trkpt lat="51.968028" lon="4.462777"><ele>-9.25</ele></trkpt>
   <trkpt lat="51.967018" lon="4.46215"><ele>-5.75</ele></trkpt>
   <trkpt lat="51.966292" lon="4.461715"><ele>-6.25</ele></trkpt>
   <trkpt lat="51.965405" lon="4.461191"><ele>-6.75</ele></trkpt>
   <trkpt lat="51.963981" lon="4.460405"><ele>-8</ele></trkpt>
   <trkpt lat="51.96293" lon="4.459852"><ele>-8</ele></trkpt>
   <trkpt lat="51.962024" lon="4.4594"><ele>-10</ele></trkpt>
   <trkpt lat="51.961294" lon="4.459049"><ele>-8.75</ele></trkpt>
   <trkpt lat="51.960639" lon="4.458742"><ele>-7.5</ele></trkpt>
   <trkpt lat="51.959773" lon="4.458356"><ele>-10</ele></trkpt>
   <trkpt lat="51.95897" lon="4.458012"><ele>-10.5</ele></trkpt>
   <trkpt lat="51.958284" lon="4.457734"><ele>-10.25</ele></trkpt>
   <trkpt lat="51.957442" lon="4.457398"><ele>-9.75</ele></trkpt>
   <trkpt lat="51.955915" lon="4.456846"><ele>-9.25</ele></trkpt>
   <trkpt lat="51.954608" lon="4.456392"><ele>-8.75</ele></trkpt>
   <trkpt lat="51.9526" lon="4.455783"><ele>-8.25</ele></trkpt>
   <trkpt lat="51.951072" lon="4.455287"><ele>-7.75</ele></trkpt>
   <trkpt lat="51.949931" lon="4.454934"><ele>-7.25</ele></trkpt>
   <trkpt lat="51.948165" lon="4.454387"><ele>-6.75</ele></trkpt>
   <trkpt lat="51.947944" lon="4.454319"><ele>-6.5</ele></trkpt>
   <trkpt lat="51.946399" lon="4.453841"><ele>-6</ele></trkpt>
   <trkpt lat="51.943309" lon="4.452894"><ele>-5</ele></trkpt>
   <trkpt lat="51.943308" lon="4.452894"><ele>-5</ele></trkpt>
   <trkpt lat="51.940263" lon="4.451949"><ele>-4</ele></trkpt>
   <trkpt lat="51.940107" lon="4.451901"><ele>-3.75</ele></trkpt>
   <trkpt lat="51.938859" lon="4.451515"><ele>-4</ele></trkpt>
   <trkpt lat="51.937797" lon="4.451187"><ele>-2.5</ele></trkpt>
   <trkpt lat="51.93757" lon="4.451117"><ele>-2</ele></trkpt>
   <trkpt lat="51.937467" lon="4.451085"><ele>-2</ele></trkpt>
   <trkpt lat="51.936984" lon="4.450935"><ele>-1.75</ele></trkpt>
   <trkpt lat="51.936339" lon="4.450729"><ele>-1.75</ele></trkpt>
   <trkpt lat="51.935085" lon="4.450314"><ele>-1.75</ele></trkpt>
   <trkpt lat="51.933572" lon="4.449833"><ele>-1.75</ele></trkpt>
   <trkpt lat="51.931921" lon="4.449324"><ele>-1.75</ele></trkpt>
   <trkpt lat="51.931323" lon="4.44914"><ele>-1.75</ele></trkpt>
   <trkpt lat="51.931304" lon="4.449134"><ele>-1.75</ele></trkpt>
   <trkpt lat="51.930415" lon="4.44886"><ele>-1.75</ele></trkpt>
   <trkpt lat="51.929518" lon="4.448523"><ele>-1.75</ele></trkpt>
   <trkpt lat="51.928418" lon="4.448184"><ele>-1.75</ele></trkpt>
   <trkpt lat="51.927991" lon="4.448078"><ele>-1.75</ele></trkpt>
   <trkpt lat="51.927702" lon="4.448021"><ele>-1.75</ele></trkpt>
   <trkpt lat="51.927537" lon="4.447995"><ele>-1.75</ele></trkpt>
   <trkpt lat="51.927198" lon="4.44796"><ele>-1.75</ele></trkpt>
   <trkpt lat="51.926857" lon="4.447956"><ele>-1.5</ele></trkpt>
   <trkpt lat="51.926709" lon="4.447968"><ele>-1.75</ele></trkpt>
   <trkpt lat="51.926469" lon="4.448012"><ele>-2</ele></trkpt>
   <trkpt lat="51.926317" lon="4.448055"><ele>-1.75</ele></trkpt>
   <trkpt lat="51.926141" lon="4.448118"><ele>-1.75</ele></trkpt>
   <trkpt lat="51.925968" lon="4.448196"><ele>-1.75</ele></trkpt>
   <trkpt lat="51.925841" lon="4.448264"><ele>-2</ele></trkpt>
   <trkpt lat="51.925548" lon="4.448455"><ele>-2</ele></trkpt>
   <trkpt lat="51.925387" lon="4.448583"><ele>-2.5</ele></trkpt>
   <trkpt lat="51.92523" lon="4.448725"><ele>-2.25</ele></trkpt>
   <trkpt lat="51.925078" lon="4.448879"><ele>-2</ele></trkpt>
   <trkpt lat="51.924931" lon="4.449047"><ele>-2</ele></trkpt>
   <trkpt lat="51.924711" lon="4.449337"><ele>-2</ele></trkpt>
   <trkpt lat="51.924566" lon="4.449557"><ele>-1.5</ele></trkpt>
   <trkpt lat="51.924433" lon="4.449783"><ele>-1</ele></trkpt>
   <trkpt lat="51.924318" lon="4.45"><ele>-0.75</ele></trkpt>
   <trkpt lat="51.924142" lon="4.450385"><ele>-0.25</ele></trkpt>
   <trkpt lat="51.923977" lon="4.450822"><ele>0</ele></trkpt>
   <trkpt lat="51.923874" lon="4.451154"><ele>0.25</ele></trkpt>
   <trkpt lat="51.923788" lon="4.451478"><ele>0.5</ele></trkpt>
   <trkpt lat="51.92372" lon="4.451789"><ele>0.75</ele></trkpt>
   <trkpt lat="51.923677" lon="4.452026"><ele>1</ele></trkpt>
   <trkpt lat="51.923635" lon="4.452301"><ele>1</ele></trkpt>
   <trkpt lat="51.923601" lon="4.452588"><ele>1</ele></trkpt>
   <trkpt lat="51.923563" lon="4.453113"><ele>1</ele></trkpt>
   <trkpt lat="51.923548" lon="4.45367"><ele>1</ele></trkpt>
   <trkpt lat="51.923547" lon="4.454217"><ele>1.25</ele></trkpt>
   <trkpt lat="51.923554" lon="4.454645"><ele>2</ele></trkpt>
   <trkpt lat="51.923573" lon="4.455173"><ele>1.75</ele></trkpt>
   <trkpt lat="51.923604" lon="4.455721"><ele>1.75</ele></trkpt>
   <trkpt lat="51.923626" lon="4.456038"><ele>1.75</ele></trkpt>
   <trkpt lat="51.923712" lon="4.457222"><ele>1.5</ele></trkpt>
   <trkpt lat="51.923737" lon="4.457564"><ele>1.5</ele></trkpt>
   <trkpt lat="51.923826" lon="4.458792"><ele>2</ele></trkpt>
   <trkpt lat="51.923936" lon="4.460043"><ele>2</ele></trkpt>
   <trkpt lat="51.923881" lon="4.459563"><ele>2</ele></trkpt>
   <trkpt lat="51.923804" lon="4.459021"><ele>2</ele></trkpt>
   <trkpt lat="51.923992" lon="4.461109"><ele>2</ele></trkpt>
   <trkpt lat="51.924059" lon="4.461948"><ele>2.25</ele></trkpt>
   <trkpt lat="51.92416" lon="4.462999"><ele>3</ele></trkpt>
   <trkpt lat="51.924173" lon="4.463115"><ele>3</ele></trkpt>
   <trkpt lat="51.924205" lon="4.463472"><ele>2.75</ele></trkpt>
   <trkpt lat="51.92431" lon="4.465046"><ele>3</ele></trkpt>
   <trkpt lat="51.924352" lon="4.465449"><ele>3</ele></trkpt>
   <trkpt lat="51.924418" lon="4.465922"><ele>3</ele></trkpt>
   <trkpt lat="51.924519" lon="4.46659"><ele>3</ele></trkpt>
   <trkpt lat="51.924582" lon="4.467018"><ele>3</ele></trkpt>
   <trkpt lat="51.924595" lon="4.46708"><ele>3</ele></trkpt>
   <trkpt lat="51.924642" lon="4.467295"><ele>3</ele></trkpt>
   <trkpt lat="51.924656" lon="4.467364"><ele>3</ele></trkpt>
   <trkpt lat="51.924657" lon="4.467368"><ele>3</ele></trkpt>
   <trkpt lat="51.924661" lon="4.467387"><ele>3</ele></trkpt>
   <trkpt lat="51.924716" lon="4.467657"><ele>3</ele></trkpt>
   <trkpt lat="51.924978" lon="4.468949"><ele>3</ele></trkpt>
   <trkpt lat="51.925018" lon="4.46915"><ele>3</ele></trkpt>
   <trkpt lat="51.925174" lon="4.469911"><ele>3</ele></trkpt>
   <trkpt lat="51.925375" lon="4.470904"><ele>3</ele></trkpt>
   <trkpt lat="51.925377" lon="4.470914"><ele>3</ele></trkpt>
   <trkpt lat="51.925377" lon="4.470916"><ele>3</ele></trkpt>
   <trkpt lat="51.925382" lon="4.47094"><ele>3</ele></trkpt>
   <trkpt lat="51.925423" lon="4.471137"><ele>3</ele></trkpt>
   <trkpt lat="51.925653" lon="4.472272"><ele>3</ele></trkpt>
   <trkpt lat="51.925703" lon="4.472521"><ele>3</ele></trkpt>
   <trkpt lat="51.925797" lon="4.473028"><ele>3</ele></trkpt>
   <trkpt lat="51.92591" lon="4.473879"><ele>3</ele></trkpt>
   <trkpt lat="51.925962" lon="4.474262"><ele>2.75</ele></trkpt>
   <trkpt lat="51.925989" lon="4.474606"><ele>2.75</ele></trkpt>
   <trkpt lat="51.926021" lon="4.475296"><ele>2.75</ele></trkpt>
   <trkpt lat="51.926052" lon="4.475982"><ele>2.75</ele></trkpt>
   <trkpt lat="51.926052" lon="4.475986"><ele>2.75</ele></trkpt>
   <trkpt lat="51.926056" lon="4.476031"><ele>2.75</ele></trkpt>
   <trkpt lat="51.926077" lon="4.476303"><ele>2.75</ele></trkpt>
   <trkpt lat="51.926085" lon="4.476461"><ele>2.75</ele></trkpt>
   <trkpt lat="51.926087" lon="4.476509"><ele>2.75</ele></trkpt>
   <trkpt lat="51.926091" lon="4.476583"><ele>2.75</ele></trkpt>
   <trkpt lat="51.9261" lon="4.476919"><ele>2.75</ele></trkpt>
   <trkpt lat="51.926097" lon="4.477324"><ele>2.75</ele></trkpt>
   <trkpt lat="51.926079" lon="4.477779"><ele>2.75</ele></trkpt>
   <trkpt lat="51.926057" lon="4.478056"><ele>2.75</ele></trkpt>
   <trkpt lat="51.926017" lon="4.478451"><ele>2.75</ele></trkpt>
   <trkpt lat="51.926014" lon="4.478474"><ele>2.75</ele></trkpt>
   <trkpt lat="51.925997" lon="4.478608"><ele>2.75</ele></trkpt>
   <trkpt lat="51.925917" lon="4.479118"><ele>2.75</ele></trkpt>
   <trkpt lat="51.925848" lon="4.479461"><ele>2.75</ele></trkpt>
   <trkpt lat="51.925754" lon="4.479854"><ele>2.75</ele></trkpt>
   <trkpt lat="51.925666" lon="4.480174"><ele>2.75</ele></trkpt>
   <trkpt lat="51.925569" lon="4.480486"><ele>2.75</ele></trkpt>
   <trkpt lat="51.925509" lon="4.480662"><ele>2.75</ele></trkpt>
   <trkpt lat="51.925409" lon="4.480932"><ele>2.75</ele></trkpt>
   <trkpt lat="51.925283" lon="4.481241"><ele>2.75</ele></trkpt>
   <trkpt lat="51.925177" lon="4.481473"><ele>2.75</ele></trkpt>
   <trkpt lat="51.925046" lon="4.481738"><ele>2.75</ele></trkpt>
   <trkpt lat="51.924886" lon="4.482028"><ele>2.75</ele></trkpt>
   <trkpt lat="51.924555" lon="4.482563"><ele>2.75</ele></trkpt>
   <trkpt lat="51.924427" lon="4.482756"><ele>2.75</ele></trkpt>
   <trkpt lat="51.924385" lon="4.482819"><ele>2.75</ele></trkpt>
   <trkpt lat="51.924126" lon="4.483208"><ele>2.75</ele></trkpt>
   <trkpt lat="51.923686" lon="4.483854"><ele>2.75</ele></trkpt>
   <trkpt lat="51.923204" lon="4.48454"><ele>2.75</ele></trkpt>
   <trkpt lat="51.921971" lon="4.486253"><ele>2.75</ele></trkpt>
   <trkpt lat="51.921175" lon="4.487295"><ele>2.75</ele></trkpt>
   <trkpt lat="51.920994" lon="4.487527"><ele>2.75</ele></trkpt>
   <trkpt lat="51.920804" lon="4.487772"><ele>2.75</ele></trkpt>
   <trkpt lat="51.920757" lon="4.487834"><ele>2.75</ele></trkpt>
   <trkpt lat="51.920472" lon="4.48821"><ele>2.75</ele></trkpt>
   <trkpt lat="51.92005" lon="4.48879"><ele>2.75</ele></trkpt>
   <trkpt lat="51.920037" lon="4.488809"><ele>2.75</ele></trkpt>
   <trkpt lat="51.919955" lon="4.488922"><ele>2.75</ele></trkpt>
   <trkpt lat="51.919612" lon="4.489403"><ele>2.75</ele></trkpt>
   <trkpt lat="51.91952" lon="4.489533"><ele>2.75</ele></trkpt>
   <trkpt lat="51.919444" lon="4.489643"><ele>2.75</ele></trkpt>
   <trkpt lat="51.919415" lon="4.489686"><ele>2.75</ele></trkpt>
   <trkpt lat="51.91926" lon="4.489913"><ele>2.75</ele></trkpt>
   <trkpt lat="51.918899" lon="4.490465"><ele>2.75</ele></trkpt>
   <trkpt lat="51.918847" lon="4.490548"><ele>2.75</ele></trkpt>
   <trkpt lat="51.918565" lon="4.491008"><ele>2.75</ele></trkpt>
   <trkpt lat="51.91854" lon="4.491049"><ele>2.75</ele></trkpt>
   <trkpt lat="51.918486" lon="4.49114"><ele>2.75</ele></trkpt>
   <trkpt lat="51.918474" lon="4.491161"><ele>2.75</ele></trkpt>
   <trkpt lat="51.917931" lon="4.492099"><ele>2.75</ele></trkpt>
   <trkpt lat="51.916703" lon="4.494232"><ele>2.75</ele></trkpt>
   <trkpt lat="51.916459" lon="4.494657"><ele>2.75</ele></trkpt>
   <trkpt lat="51.915851" lon="4.495715"><ele>2.75</ele></trkpt>
   <trkpt lat="51.915294" lon="4.496675"><ele>2.75</ele></trkpt>
   <trkpt lat="51.914775" lon="4.497509"><ele>2.75</ele></trkpt>
   <trkpt lat="51.914245" lon="4.498294"><ele>2.75</ele></trkpt>
   <trkpt lat="51.913668" lon="4.49908"><ele>2.75</ele></trkpt>
   <trkpt lat="51.912983" lon="4.499956"><ele>2.75</ele></trkpt>
   <trkpt lat="51.912487" lon="4.500586"><ele>2.75</ele></trkpt>
   <trkpt lat="51.912488" lon="4.500586"><ele>2.75</ele></trkpt>
   <trkpt lat="51.910898" lon="4.502611"><ele>2.75</ele></trkpt>
   <trkpt lat="51.90967" lon="4.50418"><ele>2.75</ele></trkpt>
   <trkpt lat="51.909531" lon="4.504362"><ele>2.75</ele></trkpt>
   <trkpt lat="51.909325" lon="4.504636"><ele>2.75</ele></trkpt>
   <trkpt lat="51.908585" lon="4.505626"><ele>2.75</ele></trkpt>
   <trkpt lat="51.908237" lon="4.506078"><ele>2.75</ele></trkpt>
   <trkpt lat="51.907778" lon="4.506646"><ele>2.75</ele></trkpt>
   <trkpt lat="51.907202" lon="4.507318"><ele>2.75</ele></trkpt>
   <trkpt lat="51.90701" lon="4.50753"><ele>2.75</ele></trkpt>
   <trkpt lat="51.906675" lon="4.50789"><ele>2.75</ele></trkpt>
   <trkpt lat="51.906152" lon="4.508426"><ele>2.75</ele></trkpt>
   <trkpt lat="51.905437" lon="4.509113"><ele>3</ele></trkpt>
   <trkpt lat="51.905223" lon="4.509317"><ele>3</ele></trkpt>
   <trkpt lat="51.905215" lon="4.509326"><ele>3</ele></trkpt>
   <trkpt lat="51.90506" lon="4.509471"><ele>3.5</ele></trkpt>
   <trkpt lat="51.905041" lon="4.509489"><ele>3.5</ele></trkpt>
   <trkpt lat="51.904845" lon="4.509677"><ele>3.5</ele></trkpt>
   <trkpt lat="51.90391" lon="4.510569"><ele>3.75</ele></trkpt>
   <trkpt lat="51.902952" lon="4.511482"><ele>3.5</ele></trkpt>
   <trkpt lat="51.902951" lon="4.511483"><ele>3.25</ele></trkpt>
   <trkpt lat="51.902887" lon="4.511544"><ele>3</ele></trkpt>
   <trkpt lat="51.90276" lon="4.511665"><ele>2</ele></trkpt>
   <trkpt lat="51.902602" lon="4.511814"><ele>3.25</ele></trkpt>
   <trkpt lat="51.901884" lon="4.512455"><ele>4</ele></trkpt>
   <trkpt lat="51.901603" lon="4.512696"><ele>3.75</ele></trkpt>
   <trkpt lat="51.901594" lon="4.512703"><ele>3.75</ele></trkpt>
   <trkpt lat="51.90142" lon="4.51285"><ele>3.25</ele></trkpt>
   <trkpt lat="51.901291" lon="4.512959"><ele>3.25</ele></trkpt>
   <trkpt lat="51.900987" lon="4.513215"><ele>2.75</ele></trkpt>
   <trkpt lat="51.900174" lon="4.513904"><ele>2.5</ele></trkpt>
   <trkpt lat="51.900022" lon="4.514032"><ele>2</ele></trkpt>
   <trkpt lat="51.899224" lon="4.514771"><ele>2</ele></trkpt>
   <trkpt lat="51.898618" lon="4.515293"><ele>1</ele></trkpt>
   <trkpt lat="51.89775" lon="4.516067"><ele>1</ele></trkpt>
   <trkpt lat="51.897385" lon="4.516421"><ele>0.75</ele></trkpt>
   <trkpt lat="51.896766" lon="4.517063"><ele>0.75</ele></trkpt>
   <trkpt lat="51.896304" lon="4.517541"><ele>0.5</ele></trkpt>
   <trkpt lat="51.895842" lon="4.51802"><ele>0.5</ele></trkpt>
   <trkpt lat="51.895794" lon="4.518069"><ele>0.5</ele></trkpt>
   <trkpt lat="51.895789" lon="4.518075"><ele>0.5</ele></trkpt>
   <trkpt lat="51.895783" lon="4.518081"><ele>0.5</ele></trkpt>
   <trkpt lat="51.895598" lon="4.518272"><ele>0.25</ele></trkpt>
   <trkpt lat="51.895549" lon="4.518321"><ele>0.25</ele></trkpt>
   <trkpt lat="51.895393" lon="4.518476"><ele>0.25</ele></trkpt>
   <trkpt lat="51.895182" lon="4.518675"><ele>0.25</ele></trkpt>
   <trkpt lat="51.894969" lon="4.518863"><ele>0.25</ele></trkpt>
   <trkpt lat="51.894752" lon="4.519048"><ele>0.25</ele></trkpt>
   <trkpt lat="51.894539" lon="4.519229"><ele>0</ele></trkpt>
   <trkpt lat="51.894298" lon="4.519433"><ele>0</ele></trkpt>
   <trkpt lat="51.894102" lon="4.519599"><ele>0</ele></trkpt>
   <trkpt lat="51.893847" lon="4.519816"><ele>0</ele></trkpt>
   <trkpt lat="51.893665" lon="4.51997"><ele>0</ele></trkpt>
   <trkpt lat="51.89359" lon="4.520034"><ele>0</ele></trkpt>
   <trkpt lat="51.89352" lon="4.520094"><ele>0</ele></trkpt>
   <trkpt lat="51.893136" lon="4.520419"><ele>0</ele></trkpt>
   <trkpt lat="51.892922" lon="4.520596"><ele>0</ele></trkpt>
   <trkpt lat="51.892706" lon="4.52077"><ele>0</ele></trkpt>
   <trkpt lat="51.892487" lon="4.520944"><ele>0</ele></trkpt>
   <trkpt lat="51.892268" lon="4.521118"><ele>-0.25</ele></trkpt>
   <trkpt lat="51.89209" lon="4.521257"><ele>-0.25</ele></trkpt>
   <trkpt lat="51.89182" lon="4.52147"><ele>-0.25</ele></trkpt>
   <trkpt lat="51.89178" lon="4.521501"><ele>-0.25</ele></trkpt>
   <trkpt lat="51.891357" lon="4.521829"><ele>-0.25</ele></trkpt>
   <trkpt lat="51.891071" lon="4.522122"><ele>-0.5</ele></trkpt>
   <trkpt lat="51.890848" lon="4.522324"><ele>-0.5</ele></trkpt>
   <trkpt lat="51.890042" lon="4.522953"><ele>-0.75</ele></trkpt>
   <trkpt lat="51.888264" lon="4.52441"><ele>-1</ele></trkpt>
   <trkpt lat="51.886818" lon="4.52554"><ele>-1.5</ele></trkpt>
   <trkpt lat="51.886438" lon="4.525851"><ele>-1.5</ele></trkpt>
   <trkpt lat="51.885774" lon="4.526413"><ele>-1.75</ele></trkpt>
   <trkpt lat="51.884772" lon="4.527265"><ele>-1.75</ele></trkpt>
   <trkpt lat="51.88454" lon="4.527466"><ele>-2</ele></trkpt>
   <trkpt lat="51.88422" lon="4.527753"><ele>-2</ele></trkpt>
   <trkpt lat="51.883507" lon="4.528419"><ele>-2.25</ele></trkpt>
   <trkpt lat="51.882076" lon="4.529833"><ele>-2.5</ele></trkpt>
   <trkpt lat="51.881534" lon="4.530339"><ele>-2.75</ele></trkpt>
   <trkpt lat="51.881454" lon="4.530411"><ele>-2.75</ele></trkpt>
   <trkpt lat="51.881449" lon="4.530415"><ele>-2.75</ele></trkpt>
   <trkpt lat="51.881153" lon="4.530675"><ele>-2.75</ele></trkpt>
   <trkpt lat="51.88094" lon="4.530858"><ele>-2.75</ele></trkpt>
   <trkpt lat="51.880528" lon="4.531207"><ele>-3</ele></trkpt>
   <trkpt lat="51.880426" lon="4.531293"><ele>-3</ele></trkpt>
   <trkpt lat="51.880338" lon="4.531367"><ele>-2.5</ele></trkpt>
   <trkpt lat="51.880115" lon="4.531558"><ele>-1.75</ele></trkpt>
   <trkpt lat="51.879961" lon="4.531685"><ele>-1</ele></trkpt>
   <trkpt lat="51.879907" lon="4.531733"><ele>-0.75</ele></trkpt>
   <trkpt lat="51.8794" lon="4.532165"><ele>-0.75</ele></trkpt>
   <trkpt lat="51.878846" lon="4.532634"><ele>-0.75</ele></trkpt>
   <trkpt lat="51.878767" lon="4.532701"><ele>-0.75</ele></trkpt>
   <trkpt lat="51.878701" lon="4.532757"><ele>-1</ele></trkpt>
   <trkpt lat="51.87793" lon="4.533391"><ele>-1</ele></trkpt>
   <trkpt lat="51.876665" lon="4.534374"><ele>-1.25</ele></trkpt>
   <trkpt lat="51.876027" lon="4.534897"><ele>-1.5</ele></trkpt>
   <trkpt lat="51.875478" lon="4.535361"><ele>-1.5</ele></trkpt>
   <trkpt lat="51.872916" lon="4.53753"><ele>-1.25</ele></trkpt>
   <trkpt lat="51.872773" lon="4.53765"><ele>-1.25</ele></trkpt>
   <trkpt lat="51.872488" lon="4.537886"><ele>-1</ele></trkpt>
   <trkpt lat="51.871762" lon="4.538462"><ele>-1</ele></trkpt>
   <trkpt lat="51.870808" lon="4.539174"><ele>-1</ele></trkpt>
   <trkpt lat="51.870332" lon="4.539543"><ele>-1</ele></trkpt>
   <trkpt lat="51.869436" lon="4.540288"><ele>-1</ele></trkpt>
   <trkpt lat="51.868096" lon="4.541422"><ele>-1</ele></trkpt>
   <trkpt lat="51.866984" lon="4.542365"><ele>-0.75</ele></trkpt>
   <trkpt lat="51.863263" lon="4.545514"><ele>-0.5</ele></trkpt>
   <trkpt lat="51.861388" lon="4.547151"><ele>-0.5</ele></trkpt>
   <trkpt lat="51.860331" lon="4.548079"><ele>-0.5</ele></trkpt>
   <trkpt lat="51.857697" lon="4.550391"><ele>-0.25</ele></trkpt>
   <trkpt lat="51.857109" lon="4.550922"><ele>-0.25</ele></trkpt>
   <trkpt lat="51.856812" lon="4.551206"><ele>-0.25</ele></trkpt>
   <trkpt lat="51.856419" lon="4.551599"><ele>-0.25</ele></trkpt>
   <trkpt lat="51.856026" lon="4.552014"><ele>-0.25</ele></trkpt>
   <trkpt lat="51.855518" lon="4.552571"><ele>-0.25</ele></trkpt>
   <trkpt lat="51.854547" lon="4.553653"><ele>-0.25</ele></trkpt>
   <trkpt lat="51.853435" lon="4.554933"><ele>0</ele></trkpt>
   <trkpt lat="51.852603" lon="4.555917"><ele>0</ele></trkpt>
   <trkpt lat="51.852276" lon="4.556315"><ele>0</ele></trkpt>
   <trkpt lat="51.851824" lon="4.556893"><ele>0</ele></trkpt>
   <trkpt lat="51.851374" lon="4.557505"><ele>0</ele></trkpt>
   <trkpt lat="51.850936" lon="4.558139"><ele>0</ele></trkpt>
   <trkpt lat="51.850311" lon="4.559106"><ele>0</ele></trkpt>
   <trkpt lat="51.849729" lon="4.560056"><ele>0</ele></trkpt>
   <trkpt lat="51.849539" lon="4.560379"><ele>0</ele></trkpt>
   <trkpt lat="51.84947" lon="4.560511"><ele>0</ele></trkpt>
   <trkpt lat="51.849167" lon="4.561025"><ele>0</ele></trkpt>
   <trkpt lat="51.848975" lon="4.561369"><ele>0</ele></trkpt>
   <trkpt lat="51.848529" lon="4.562191"><ele>0</ele></trkpt>
   <trkpt lat="51.848222" lon="4.562781"><ele>0</ele></trkpt>
   <trkpt lat="51.847937" lon="4.56335"><ele>0</ele></trkpt>
   <trkpt lat="51.84748" lon="4.564298"><ele>0</ele></trkpt>
   <trkpt lat="51.847092" lon="4.565142"><ele>0</ele></trkpt>
   <trkpt lat="51.846737" lon="4.565955"><ele>0</ele></trkpt>
   <trkpt lat="51.846416" lon="4.566716"><ele>0</ele></trkpt>
   <trkpt lat="51.845349" lon="4.56928"><ele>0</ele></trkpt>
   <trkpt lat="51.843819" lon="4.572961"><ele>-0.25</ele></trkpt>
   <trkpt lat="51.842389" lon="4.576421"><ele>-0.5</ele></trkpt>
   <trkpt lat="51.841958" lon="4.577454"><ele>-0.5</ele></trkpt>
   <trkpt lat="51.838506" lon="4.585745"><ele>-1</ele></trkpt>
   <trkpt lat="51.836161" lon="4.591377"><ele>-0.75</ele></trkpt>
   <trkpt lat="51.835164" lon="4.593769"><ele>-0.5</ele></trkpt>
   <trkpt lat="51.831395" lon="4.602816"><ele>-0.25</ele></trkpt>
   <trkpt lat="51.830944" lon="4.603897"><ele>-0.25</ele></trkpt>
   <trkpt lat="51.830627" lon="4.604634"><ele>-0.25</ele></trkpt>
   <trkpt lat="51.829383" lon="4.607389"><ele>0</ele></trkpt>
   <trkpt lat="51.828973" lon="4.608321"><ele>0</ele></trkpt>
   <trkpt lat="51.828634" lon="4.60913"><ele>0</ele></trkpt>
   <trkpt lat="51.828266" lon="4.610035"><ele>0</ele></trkpt>
   <trkpt lat="51.827665" lon="4.611522"><ele>0</ele></trkpt>
   <trkpt lat="51.825127" lon="4.617628"><ele>0.25</ele></trkpt>
   <trkpt lat="51.823833" lon="4.620881"><ele>0.5</ele></trkpt>
   <trkpt lat="51.823384" lon="4.621994"><ele>0.75</ele></trkpt>
   <trkpt lat="51.823332" lon="4.622118"><ele>0.75</ele></trkpt>
   <trkpt lat="51.82305" lon="4.622801"><ele>0.75</ele></trkpt>
   <trkpt lat="51.82232" lon="4.624566"><ele>0.75</ele></trkpt>
   <trkpt lat="51.822188" lon="4.624881"><ele>0.75</ele></trkpt>
   <trkpt lat="51.822057" lon="4.625189"><ele>0.75</ele></trkpt>
   <trkpt lat="51.82128" lon="4.627009"><ele>1</ele></trkpt>
   <trkpt lat="51.820627" lon="4.628573"><ele>1</ele></trkpt>
   <trkpt lat="51.8199" lon="4.630257"><ele>1.25</ele></trkpt>
   <trkpt lat="51.818757" lon="4.63299"><ele>1.25</ele></trkpt>
   <trkpt lat="51.818626" lon="4.633303"><ele>1.5</ele></trkpt>
   <trkpt lat="51.817991" lon="4.634827"><ele>0.5</ele></trkpt>
   <trkpt lat="51.816666" lon="4.637996"><ele>3</ele></trkpt>
   <trkpt lat="51.816304" lon="4.638881"><ele>1.75</ele></trkpt>
   <trkpt lat="51.816171" lon="4.639201"><ele>2.5</ele></trkpt>
   <trkpt lat="51.816078" lon="4.63943"><ele>0.75</ele></trkpt>
   <trkpt lat="51.815934" lon="4.639794"><ele>2</ele></trkpt>
   <trkpt lat="51.815796" lon="4.640146"><ele>2.5</ele></trkpt>
   <trkpt lat="51.815795" lon="4.64015"><ele>2.5</ele></trkpt>
   <trkpt lat="51.815599" lon="4.640651"><ele>4</ele></trkpt>
   <trkpt lat="51.815383" lon="4.641204"><ele>2.5</ele></trkpt>
   <trkpt lat="51.815042" lon="4.642049"><ele>4.5</ele></trkpt>
   <trkpt lat="51.81504" lon="4.642055"><ele>4.25</ele></trkpt>
   <trkpt lat="51.814462" lon="4.643389"><ele>2.75</ele></trkpt>
   <trkpt lat="51.814415" lon="4.6435"><ele>2.75</ele></trkpt>
   <trkpt lat="51.814251" lon="4.64389"><ele>2.25</ele></trkpt>
   <trkpt lat="51.813903" lon="4.64476"><ele>1.25</ele></trkpt>
   <trkpt lat="51.813895" lon="4.644781"><ele>1</ele></trkpt>
   <trkpt lat="51.813813" lon="4.644993"><ele>0.75</ele></trkpt>
   <trkpt lat="51.813487" lon="4.645852"><ele>1</ele></trkpt>
   <trkpt lat="51.813401" lon="4.646078"><ele>4.25</ele></trkpt>
   <trkpt lat="51.813062" lon="4.64695"><ele>8.75</ele></trkpt>
   <trkpt lat="51.812753" lon="4.647704"><ele>9.75</ele></trkpt>
   <trkpt lat="51.812638" lon="4.647979"><ele>8.5</ele></trkpt>
   <trkpt lat="51.812598" lon="4.648075"><ele>8.75</ele></trkpt>
   <trkpt lat="51.812521" lon="4.648261"><ele>9.75</ele></trkpt>
   <trkpt lat="51.812493" lon="4.648328"><ele>9.75</ele></trkpt>
   <trkpt lat="51.811077" lon="4.651722"><ele>1</ele></trkpt>
   <trkpt lat="51.810792" lon="4.652409"><ele>2.75</ele></trkpt>
   <trkpt lat="51.810467" lon="4.653181"><ele>5</ele></trkpt>
   <trkpt lat="51.810439" lon="4.653246"><ele>5.25</ele></trkpt>
   <trkpt lat="51.81012" lon="4.653943"><ele>7.5</ele></trkpt>
   <trkpt lat="51.810038" lon="4.654116"><ele>7.5</ele></trkpt>
   <trkpt lat="51.809761" lon="4.654707"><ele>7.25</ele></trkpt>
   <trkpt lat="51.809499" lon="4.655295"><ele>6.75</ele></trkpt>
   <trkpt lat="51.809146" lon="4.656154"><ele>6.5</ele></trkpt>
   <trkpt lat="51.809042" lon="4.656432"><ele>5.25</ele></trkpt>
   <trkpt lat="51.808912" lon="4.656812"><ele>5.75</ele></trkpt>
   <trkpt lat="51.808804" lon="4.657158"><ele>4.5</ele></trkpt>
   <trkpt lat="51.808703" lon="4.65752"><ele>3.75</ele></trkpt>
   <trkpt lat="51.808626" lon="4.657818"><ele>4.5</ele></trkpt>
   <trkpt lat="51.808534" lon="4.658223"><ele>3.75</ele></trkpt>
   <trkpt lat="51.808449" lon="4.658647"><ele>3</ele></trkpt>
   <trkpt lat="51.808386" lon="4.659019"><ele>2.5</ele></trkpt>
   <trkpt lat="51.808369" lon="4.65913"><ele>2.25</ele></trkpt>
   <trkpt lat="51.808349" lon="4.659272"><ele>2</ele></trkpt>
   <trkpt lat="51.80829" lon="4.659725"><ele>1.25</ele></trkpt>
   <trkpt lat="51.808234" lon="4.660227"><ele>1.25</ele></trkpt>
   <trkpt lat="51.808175" lon="4.660615"><ele>1.5</ele></trkpt>
   <trkpt lat="51.808111" lon="4.660956"><ele>1.75</ele></trkpt>
   <trkpt lat="51.808041" lon="4.661336"><ele>2</ele></trkpt>
   <trkpt lat="51.807973" lon="4.661713"><ele>2</ele></trkpt>
   <trkpt lat="51.807867" lon="4.662285"><ele>1.75</ele></trkpt>
   <trkpt lat="51.807729" lon="4.663029"><ele>1.5</ele></trkpt>
   <trkpt lat="51.80765" lon="4.663737"><ele>1.25</ele></trkpt>
   <trkpt lat="51.807562" lon="4.664437"><ele>1</ele></trkpt>
   <trkpt lat="51.807482" lon="4.664945"><ele>1</ele></trkpt>
   <trkpt lat="51.807387" lon="4.665493"><ele>0.75</ele></trkpt>
   <trkpt lat="51.807285" lon="4.666152"><ele>0.75</ele></trkpt>
   <trkpt lat="51.80722" lon="4.666681"><ele>0.75</ele></trkpt>
   <trkpt lat="51.80702" lon="4.668489"><ele>0.75</ele></trkpt>
   <trkpt lat="51.806964" lon="4.668995"><ele>0.75</ele></trkpt>
   <trkpt lat="51.806925" lon="4.669345"><ele>0.75</ele></trkpt>
   <trkpt lat="51.806885" lon="4.669706"><ele>0.75</ele></trkpt>
   <trkpt lat="51.806862" lon="4.669918"><ele>0.75</ele></trkpt>
   <trkpt lat="51.806859" lon="4.66995"><ele>0.75</ele></trkpt>
   <trkpt lat="51.806844" lon="4.670099"><ele>0.75</ele></trkpt>
   <trkpt lat="51.806809" lon="4.670504"><ele>0.75</ele></trkpt>
   <trkpt lat="51.806755" lon="4.671348"><ele>0.75</ele></trkpt>
   <trkpt lat="51.806714" lon="4.671968"><ele>0.75</ele></trkpt>
   <trkpt lat="51.806633" lon="4.672735"><ele>0.75</ele></trkpt>
   <trkpt lat="51.806617" lon="4.672986"><ele>0.75</ele></trkpt>
   <trkpt lat="51.806593" lon="4.67335"><ele>0.75</ele></trkpt>
   <trkpt lat="51.806554" lon="4.673785"><ele>0.75</ele></trkpt>
   <trkpt lat="51.806485" lon="4.6743"><ele>0.75</ele></trkpt>
   <trkpt lat="51.806449" lon="4.674513"><ele>0.75</ele></trkpt>
   <trkpt lat="51.806386" lon="4.674827"><ele>0.75</ele></trkpt>
   <trkpt lat="51.806284" lon="4.675243"><ele>0.75</ele></trkpt>
   <trkpt lat="51.80622" lon="4.675463"><ele>0.75</ele></trkpt>
   <trkpt lat="51.806199" lon="4.67553"><ele>0.75</ele></trkpt>
   <trkpt lat="51.806069" lon="4.675902"><ele>0.75</ele></trkpt>
   <trkpt lat="51.805957" lon="4.676178"><ele>0.75</ele></trkpt>
   <trkpt lat="51.80587" lon="4.676369"><ele>0.75</ele></trkpt>
   <trkpt lat="51.805755" lon="4.6766"><ele>0.75</ele></trkpt>
   <trkpt lat="51.80566" lon="4.676774"><ele>0.75</ele></trkpt>
   <trkpt lat="51.805579" lon="4.676911"><ele>0.75</ele></trkpt>
   <trkpt lat="51.805433" lon="4.677135"><ele>0.75</ele></trkpt>
   <trkpt lat="51.805298" lon="4.67732"><ele>0.75</ele></trkpt>
   <trkpt lat="51.805117" lon="4.677541"><ele>0.75</ele></trkpt>
   <trkpt lat="51.804909" lon="4.67776"><ele>0.75</ele></trkpt>
   <trkpt lat="51.804684" lon="4.677961"><ele>0.75</ele></trkpt>
   <trkpt lat="51.804648" lon="4.67799"><ele>0.75</ele></trkpt>
   <trkpt lat="51.804436" lon="4.678145"><ele>0.75</ele></trkpt>
   <trkpt lat="51.804223" lon="4.678274"><ele>0.75</ele></trkpt>
   <trkpt lat="51.804055" lon="4.678359"><ele>0.75</ele></trkpt>
   <trkpt lat="51.803907" lon="4.678422"><ele>0.75</ele></trkpt>
   <trkpt lat="51.803667" lon="4.678505"><ele>0.75</ele></trkpt>
   <trkpt lat="51.803455" lon="4.678561"><ele>0.75</ele></trkpt>
   <trkpt lat="51.803241" lon="4.678602"><ele>0.75</ele></trkpt>
   <trkpt lat="51.803007" lon="4.678626"><ele>0.75</ele></trkpt>
   <trkpt lat="51.802793" lon="4.678632"><ele>0.75</ele></trkpt>
   <trkpt lat="51.80249" lon="4.678608"><ele>0.75</ele></trkpt>
   <trkpt lat="51.802484" lon="4.678607"><ele>0.75</ele></trkpt>
   <trkpt lat="51.802159" lon="4.678545"><ele>0.75</ele></trkpt>
   <trkpt lat="51.801909" lon="4.678472"><ele>0.75</ele></trkpt>
   <trkpt lat="51.801529" lon="4.67833"><ele>0.5</ele></trkpt>
   <trkpt lat="51.800878" lon="4.678057"><ele>0.5</ele></trkpt>
   <trkpt lat="51.800193" lon="4.677828"><ele>0.5</ele></trkpt>
   <trkpt lat="51.799772" lon="4.677672"><ele>0.5</ele></trkpt>
   <trkpt lat="51.799445" lon="4.677531"><ele>0.5</ele></trkpt>
   <trkpt lat="51.799444" lon="4.677531"><ele>0.5</ele></trkpt>
   <trkpt lat="51.799297" lon="4.677467"><ele>0.5</ele></trkpt>
   <trkpt lat="51.799251" lon="4.677446"><ele>0.5</ele></trkpt>
   <trkpt lat="51.799024" lon="4.677348"><ele>0.5</ele></trkpt>
   <trkpt lat="51.797349" lon="4.676621"><ele>0.5</ele></trkpt>
   <trkpt lat="51.796995" lon="4.676468"><ele>0.5</ele></trkpt>
   <trkpt lat="51.79665" lon="4.676315"><ele>0.5</ele></trkpt>
   <trkpt lat="51.796207" lon="4.676108"><ele>0.5</ele></trkpt>
   <trkpt lat="51.795629" lon="4.675815"><ele>0.5</ele></trkpt>
   <trkpt lat="51.795233" lon="4.675598"><ele>0.5</ele></trkpt>
   <trkpt lat="51.794694" lon="4.675274"><ele>0.5</ele></trkpt>
   <trkpt lat="51.794254" lon="4.674987"><ele>0.5</ele></trkpt>
   <trkpt lat="51.793721" lon="4.674609"><ele>0.5</ele></trkpt>
   <trkpt lat="51.793255" lon="4.674251"><ele>0.5</ele></trkpt>
   <trkpt lat="51.792878" lon="4.673942"><ele>0.5</ele></trkpt>
   <trkpt lat="51.792748" lon="4.673832"><ele>0.5</ele></trkpt>
   <trkpt lat="51.791924" lon="4.673111"><ele>0.5</ele></trkpt>
   <trkpt lat="51.790271" lon="4.671633"><ele>0.5</ele></trkpt>
   <trkpt lat="51.789659" lon="4.671086"><ele>0.75</ele></trkpt>
   <trkpt lat="51.789613" lon="4.671045"><ele>0.75</ele></trkpt>
   <trkpt lat="51.78846" lon="4.670013"><ele>0.75</ele></trkpt>
   <trkpt lat="51.78476" lon="4.6667"><ele>1.25</ele></trkpt>
   <trkpt lat="51.784688" lon="4.666634"><ele>1.25</ele></trkpt>
   <trkpt lat="51.784608" lon="4.666562"><ele>1.25</ele></trkpt>
   <trkpt lat="51.784546" lon="4.666506"><ele>1.25</ele></trkpt>
   <trkpt lat="51.780822" lon="4.663176"><ele>1.75</ele></trkpt>
   <trkpt lat="51.777038" lon="4.65979"><ele>2.25</ele></trkpt>
   <trkpt lat="51.77696" lon="4.659721"><ele>2.25</ele></trkpt>
   <trkpt lat="51.776825" lon="4.6596"><ele>2.25</ele></trkpt>
   <trkpt lat="51.776771" lon="4.659552"><ele>2.25</ele></trkpt>
   <trkpt lat="51.771943" lon="4.655232"><ele>2.75</ele></trkpt>
   <trkpt lat="51.7713" lon="4.654658"><ele>2.75</ele></trkpt>
   <trkpt lat="51.767967" lon="4.651684"><ele>3.25</ele></trkpt>
   <trkpt lat="51.767516" lon="4.651299"><ele>3.25</ele></trkpt>
   <trkpt lat="51.767126" lon="4.650983"><ele>3.25</ele></trkpt>
   <trkpt lat="51.766606" lon="4.650589"><ele>3.5</ele></trkpt>
   <trkpt lat="51.766286" lon="4.650363"><ele>3.5</ele></trkpt>
   <trkpt lat="51.76579" lon="4.650035"><ele>3.5</ele></trkpt>
   <trkpt lat="51.7653" lon="4.649735"><ele>3.5</ele></trkpt>
   <trkpt lat="51.764931" lon="4.649523"><ele>3.5</ele></trkpt>
   <trkpt lat="51.764429" lon="4.64925"><ele>3.25</ele></trkpt>
   <trkpt lat="51.759565" lon="4.646712"><ele>3.25</ele></trkpt>
   <trkpt lat="51.755777" lon="4.644737"><ele>3</ele></trkpt>
   <trkpt lat="51.748467" lon="4.640926"><ele>2.75</ele></trkpt>
   <trkpt lat="51.747539" lon="4.64044"><ele>2.75</ele></trkpt>
   <trkpt lat="51.744821" lon="4.639024"><ele>2.75</ele></trkpt>
   <trkpt lat="51.744369" lon="4.638787"><ele>2.75</ele></trkpt>
   <trkpt lat="51.743846" lon="4.638576"><ele>2.75</ele></trkpt>
   <trkpt lat="51.74354" lon="4.638418"><ele>2.75</ele></trkpt>
   <trkpt lat="51.743002" lon="4.638135"><ele>2.75</ele></trkpt>
   <trkpt lat="51.741612" lon="4.637417"><ele>3</ele></trkpt>
   <trkpt lat="51.740833" lon="4.637033"><ele>3</ele></trkpt>
   <trkpt lat="51.740366" lon="4.636824"><ele>2</ele></trkpt>
   <trkpt lat="51.739734" lon="4.636577"><ele>2</ele></trkpt>
   <trkpt lat="51.73918" lon="4.63639"><ele>2</ele></trkpt>
   <trkpt lat="51.73851" lon="4.636203"><ele>2</ele></trkpt>
   <trkpt lat="51.737869" lon="4.636065"><ele>2</ele></trkpt>
   <trkpt lat="51.737392" lon="4.635985"><ele>2</ele></trkpt>
   <trkpt lat="51.737066" lon="4.635944"><ele>2</ele></trkpt>
   <trkpt lat="51.736488" lon="4.635892"><ele>2.25</ele></trkpt>
   <trkpt lat="51.735883" lon="4.635873"><ele>2.5</ele></trkpt>
   <trkpt lat="51.735875" lon="4.635873"><ele>2.5</ele></trkpt>
   <trkpt lat="51.735208" lon="4.635886"><ele>2.75</ele></trkpt>
   <trkpt lat="51.734522" lon="4.635945"><ele>3.25</ele></trkpt>
   <trkpt lat="51.734027" lon="4.636012"><ele>3.5</ele></trkpt>
   <trkpt lat="51.733695" lon="4.636069"><ele>3.5</ele></trkpt>
   <trkpt lat="51.732974" lon="4.636231"><ele>3.75</ele></trkpt>
   <trkpt lat="51.732347" lon="4.63641"><ele>4.25</ele></trkpt>
   <trkpt lat="51.73175" lon="4.636616"><ele>4.25</ele></trkpt>
   <trkpt lat="51.731183" lon="4.636844"><ele>3.75</ele></trkpt>
   <trkpt lat="51.73053" lon="4.637144"><ele>4.25</ele></trkpt>
   <trkpt lat="51.729985" lon="4.637431"><ele>4.25</ele></trkpt>
   <trkpt lat="51.729375" lon="4.637785"><ele>4.75</ele></trkpt>
   <trkpt lat="51.729059" lon="4.63798"><ele>4.5</ele></trkpt>
   <trkpt lat="51.728138" lon="4.638581"><ele>5.25</ele></trkpt>
   <trkpt lat="51.724743" lon="4.640817"><ele>7.5</ele></trkpt>
   <trkpt lat="51.724736" lon="4.640821"><ele>7.25</ele></trkpt>
   <trkpt lat="51.723596" lon="4.641571"><ele>7.25</ele></trkpt>
   <trkpt lat="51.719324" lon="4.644387"><ele>7</ele></trkpt>
   <trkpt lat="51.71825" lon="4.645092"><ele>7</ele></trkpt>
   <trkpt lat="51.718084" lon="4.645202"><ele>7</ele></trkpt>
   <trkpt lat="51.717996" lon="4.645259"><ele>7</ele></trkpt>
   <trkpt lat="51.715536" lon="4.646878"><ele>6.75</ele></trkpt>
   <trkpt lat="51.714598" lon="4.647497"><ele>6.75</ele></trkpt>
   <trkpt lat="51.713126" lon="4.648464"><ele>6.75</ele></trkpt>
   <trkpt lat="51.712602" lon="4.648809"><ele>6.5</ele></trkpt>
   <trkpt lat="51.711732" lon="4.649317"><ele>6</ele></trkpt>
   <trkpt lat="51.711014" lon="4.649793"><ele>5.25</ele></trkpt>
   <trkpt lat="51.710159" lon="4.650361"><ele>3.25</ele></trkpt>
   <trkpt lat="51.709902" lon="4.650533"><ele>2.5</ele></trkpt>
   <trkpt lat="51.708636" lon="4.651379"><ele>4.75</ele></trkpt>
   <trkpt lat="51.705495" lon="4.653451"><ele>3</ele></trkpt>
   <trkpt lat="51.705286" lon="4.653589"><ele>2.75</ele></trkpt>
   <trkpt lat="51.702829" lon="4.655204"><ele>1.5</ele></trkpt>
   <trkpt lat="51.70261" lon="4.655348"><ele>1.5</ele></trkpt>
   <trkpt lat="51.70244" lon="4.655459"><ele>1.25</ele></trkpt>
   <trkpt lat="51.701906" lon="4.655809"><ele>1.25</ele></trkpt>
   <trkpt lat="51.700892" lon="4.656474"><ele>1.25</ele></trkpt>
   <trkpt lat="51.700706" lon="4.656596"><ele>1.25</ele></trkpt>
   <trkpt lat="51.697644" lon="4.658603"><ele>1</ele></trkpt>
   <trkpt lat="51.694255" lon="4.660819"><ele>1</ele></trkpt>
   <trkpt lat="51.693678" lon="4.661197"><ele>1</ele></trkpt>
   <trkpt lat="51.692262" lon="4.662128"><ele>1</ele></trkpt>
   <trkpt lat="51.690206" lon="4.663481"><ele>1</ele></trkpt>
   <trkpt lat="51.690074" lon="4.663568"><ele>1</ele></trkpt>
   <trkpt lat="51.690047" lon="4.663585"><ele>1</ele></trkpt>
   <trkpt lat="51.689967" lon="4.663638"><ele>1</ele></trkpt>
   <trkpt lat="51.689959" lon="4.663644"><ele>1</ele></trkpt>
   <trkpt lat="51.689826" lon="4.663731"><ele>1</ele></trkpt>
   <trkpt lat="51.688941" lon="4.664312"><ele>1</ele></trkpt>
   <trkpt lat="51.688744" lon="4.664442"><ele>1</ele></trkpt>
   <trkpt lat="51.687905" lon="4.665056"><ele>1</ele></trkpt>
   <trkpt lat="51.687742" lon="4.665164"><ele>1</ele></trkpt>
   <trkpt lat="51.687504" lon="4.66532"><ele>1</ele></trkpt>
   <trkpt lat="51.685468" lon="4.666659"><ele>1</ele></trkpt>
   <trkpt lat="51.685318" lon="4.666758"><ele>1</ele></trkpt>
   <trkpt lat="51.68367" lon="4.667835"><ele>1</ele></trkpt>
   <trkpt lat="51.683423" lon="4.667993"><ele>1</ele></trkpt>
   <trkpt lat="51.682697" lon="4.668429"><ele>1</ele></trkpt>
   <trkpt lat="51.682301" lon="4.668643"><ele>1</ele></trkpt>
   <trkpt lat="51.682065" lon="4.668762"><ele>2</ele></trkpt>
   <trkpt lat="51.68163" lon="4.668959"><ele>4</ele></trkpt>
   <trkpt lat="51.681421" lon="4.669048"><ele>5</ele></trkpt>
   <trkpt lat="51.681224" lon="4.669124"><ele>6</ele></trkpt>
   <trkpt lat="51.680917" lon="4.669243"><ele>7.5</ele></trkpt>
   <trkpt lat="51.680376" lon="4.669422"><ele>7.5</ele></trkpt>
   <trkpt lat="51.679654" lon="4.669599"><ele>6.25</ele></trkpt>
   <trkpt lat="51.679193" lon="4.669687"><ele>1.75</ele></trkpt>
   <trkpt lat="51.678792" lon="4.669744"><ele>1.75</ele></trkpt>
   <trkpt lat="51.678331" lon="4.669789"><ele>1.75</ele></trkpt>
   <trkpt lat="51.678037" lon="4.669806"><ele>1.75</ele></trkpt>
   <trkpt lat="51.677612" lon="4.669814"><ele>2</ele></trkpt>
   <trkpt lat="51.677289" lon="4.669808"><ele>2</ele></trkpt>
   <trkpt lat="51.676958" lon="4.66979"><ele>2</ele></trkpt>
   <trkpt lat="51.67649" lon="4.669745"><ele>2</ele></trkpt>
   <trkpt lat="51.676067" lon="4.669684"><ele>2</ele></trkpt>
   <trkpt lat="51.675205" lon="4.669501"><ele>1.75</ele></trkpt>
   <trkpt lat="51.674749" lon="4.669371"><ele>1.75</ele></trkpt>
   <trkpt lat="51.67421" lon="4.669189"><ele>1.75</ele></trkpt>
   <trkpt lat="51.67361" lon="4.668947"><ele>1.75</ele></trkpt>
   <trkpt lat="51.673155" lon="4.668733"><ele>1.75</ele></trkpt>
   <trkpt lat="51.672598" lon="4.66844"><ele>1.75</ele></trkpt>
   <trkpt lat="51.672114" lon="4.668153"><ele>1.75</ele></trkpt>
   <trkpt lat="51.671614" lon="4.667826"><ele>1.75</ele></trkpt>
   <trkpt lat="51.671223" lon="4.667546"><ele>1.75</ele></trkpt>
   <trkpt lat="51.67099" lon="4.667368"><ele>1.5</ele></trkpt>
   <trkpt lat="51.670465" lon="4.666941"><ele>1.5</ele></trkpt>
   <trkpt lat="51.670181" lon="4.666693"><ele>1.5</ele></trkpt>
   <trkpt lat="51.669522" lon="4.666064"><ele>1.5</ele></trkpt>
   <trkpt lat="51.669029" lon="4.665547"><ele>1.5</ele></trkpt>
   <trkpt lat="51.668594" lon="4.665051"><ele>1.5</ele></trkpt>
   <trkpt lat="51.66816" lon="4.664521"><ele>1.5</ele></trkpt>
   <trkpt lat="51.667811" lon="4.664063"><ele>1.5</ele></trkpt>
   <trkpt lat="51.66751" lon="4.663646"><ele>1.5</ele></trkpt>
   <trkpt lat="51.667259" lon="4.663282"><ele>1.5</ele></trkpt>
   <trkpt lat="51.666826" lon="4.662613"><ele>1.25</ele></trkpt>
   <trkpt lat="51.666356" lon="4.661824"><ele>1.25</ele></trkpt>
   <trkpt lat="51.666222" lon="4.661587"><ele>1.25</ele></trkpt>
   <trkpt lat="51.665851" lon="4.660891"><ele>1.25</ele></trkpt>
   <trkpt lat="51.665469" lon="4.660119"><ele>1.25</ele></trkpt>
   <trkpt lat="51.665077" lon="4.65925"><ele>1.25</ele></trkpt>
   <trkpt lat="51.664838" lon="4.658685"><ele>1.25</ele></trkpt>
   <trkpt lat="51.664609" lon="4.658117"><ele>1.25</ele></trkpt>
   <trkpt lat="51.664074" lon="4.656741"><ele>1.25</ele></trkpt>
   <trkpt lat="51.661387" lon="4.649761"><ele>1</ele></trkpt>
   <trkpt lat="51.65685" lon="4.637972"><ele>0.5</ele></trkpt>
   <trkpt lat="51.655895" lon="4.63549"><ele>0.5</ele></trkpt>
   <trkpt lat="51.654255" lon="4.63123"><ele>0.25</ele></trkpt>
   <trkpt lat="51.651459" lon="4.623965"><ele>0</ele></trkpt>
   <trkpt lat="51.651333" lon="4.62364"><ele>0</ele></trkpt>
   <trkpt lat="51.65075" lon="4.622148"><ele>0</ele></trkpt>
   <trkpt lat="51.650376" lon="4.621274"><ele>0</ele></trkpt>
   <trkpt lat="51.650174" lon="4.620839"><ele>0</ele></trkpt>
   <trkpt lat="51.649754" lon="4.619985"><ele>0</ele></trkpt>
   <trkpt lat="51.649569" lon="4.619632"><ele>0</ele></trkpt>
   <trkpt lat="51.649212" lon="4.618987"><ele>0</ele></trkpt>
   <trkpt lat="51.648889" lon="4.618442"><ele>0</ele></trkpt>
   <trkpt lat="51.648554" lon="4.61791"><ele>0</ele></trkpt>
   <trkpt lat="51.648119" lon="4.617265"><ele>0</ele></trkpt>
   <trkpt lat="51.647714" lon="4.616708"><ele>0</ele></trkpt>
   <trkpt lat="51.647319" lon="4.616202"><ele>0</ele></trkpt>
   <trkpt lat="51.646867" lon="4.615661"><ele>0</ele></trkpt>
   <trkpt lat="51.646798" lon="4.615581"><ele>0</ele></trkpt>
   <trkpt lat="51.646725" lon="4.6155"><ele>0</ele></trkpt>
   <trkpt lat="51.646026" lon="4.614764"><ele>0</ele></trkpt>
   <trkpt lat="51.64236" lon="4.611128"><ele>0</ele></trkpt>
   <trkpt lat="51.642305" lon="4.611073"><ele>0</ele></trkpt>
   <trkpt lat="51.642259" lon="4.611033"><ele>0</ele></trkpt>
   <trkpt lat="51.642227" lon="4.611"><ele>0</ele></trkpt>
   <trkpt lat="51.641406" lon="4.610182"><ele>0</ele></trkpt>
   <trkpt lat="51.641369" lon="4.610144"><ele>0</ele></trkpt>
   <trkpt lat="51.641276" lon="4.610052"><ele>0.25</ele></trkpt>
   <trkpt lat="51.640247" lon="4.609031"><ele>0.25</ele></trkpt>
   <trkpt lat="51.640202" lon="4.608987"><ele>0.25</ele></trkpt>
   <trkpt lat="51.640142" lon="4.608927"><ele>0.25</ele></trkpt>
   <trkpt lat="51.639634" lon="4.608422"><ele>0.25</ele></trkpt>
   <trkpt lat="51.633111" lon="4.601952"><ele>0.5</ele></trkpt>
   <trkpt lat="51.632595" lon="4.60144"><ele>0.5</ele></trkpt>
   <trkpt lat="51.63232" lon="4.601167"><ele>0.5</ele></trkpt>
   <trkpt lat="51.630941" lon="4.599799"><ele>0.5</ele></trkpt>
   <trkpt lat="51.630916" lon="4.599774"><ele>0.5</ele></trkpt>
   <trkpt lat="51.627885" lon="4.59677"><ele>0.75</ele></trkpt>
   <trkpt lat="51.624866" lon="4.593776"><ele>0.75</ele></trkpt>
   <trkpt lat="51.624467" lon="4.593377"><ele>0.75</ele></trkpt>
   <trkpt lat="51.624243" lon="4.593155"><ele>1</ele></trkpt>
   <trkpt lat="51.623075" lon="4.591993"><ele>0.75</ele></trkpt>
   <trkpt lat="51.622714" lon="4.591622"><ele>0.75</ele></trkpt>
   <trkpt lat="51.622335" lon="4.591212"><ele>0.75</ele></trkpt>
   <trkpt lat="51.622055" lon="4.590894"><ele>0.75</ele></trkpt>
   <trkpt lat="51.621731" lon="4.590507"><ele>0.75</ele></trkpt>
   <trkpt lat="51.621505" lon="4.590229"><ele>0.75</ele></trkpt>
   <trkpt lat="51.621236" lon="4.589882"><ele>0.75</ele></trkpt>
   <trkpt lat="51.621226" lon="4.58987"><ele>0.75</ele></trkpt>
   <trkpt lat="51.620873" lon="4.589397"><ele>0.75</ele></trkpt>
   <trkpt lat="51.620576" lon="4.588978"><ele>0.75</ele></trkpt>
   <trkpt lat="51.620287" lon="4.588551"><ele>0.75</ele></trkpt>
   <trkpt lat="51.619853" lon="4.587874"><ele>0.75</ele></trkpt>
   <trkpt lat="51.619383" lon="4.587093"><ele>0.75</ele></trkpt>
   <trkpt lat="51.618095" lon="4.584896"><ele>0.75</ele></trkpt>
   <trkpt lat="51.610247" lon="4.571529"><ele>1.25</ele></trkpt>
   <trkpt lat="51.608081" lon="4.567841"><ele>1.5</ele></trkpt>
   <trkpt lat="51.60247" lon="4.558292"><ele>1.75</ele></trkpt>
   <trkpt lat="51.60093" lon="4.555672"><ele>2</ele></trkpt>
   <trkpt lat="51.600744" lon="4.555355"><ele>2</ele></trkpt>
   <trkpt lat="51.599229" lon="4.552777"><ele>1.75</ele></trkpt>
   <trkpt lat="51.595002" lon="4.545584"><ele>2</ele></trkpt>
   <trkpt lat="51.591572" lon="4.539749"><ele>3.75</ele></trkpt>
   <trkpt lat="51.591571" lon="4.539747"><ele>3.75</ele></trkpt>
   <trkpt lat="51.589021" lon="4.535411"><ele>3</ele></trkpt>
   <trkpt lat="51.588919" lon="4.535238"><ele>3</ele></trkpt>
   <trkpt lat="51.588643" lon="4.53477"><ele>3</ele></trkpt>
   <trkpt lat="51.588586" lon="4.534673"><ele>3</ele></trkpt>
   <trkpt lat="51.588513" lon="4.534549"><ele>3</ele></trkpt>
   <trkpt lat="51.588154" lon="4.533939"><ele>3</ele></trkpt>
   <trkpt lat="51.587996" lon="4.53367"><ele>3</ele></trkpt>
   <trkpt lat="51.58781" lon="4.533354"><ele>3</ele></trkpt>
   <trkpt lat="51.5842" lon="4.527223"><ele>1.75</ele></trkpt>
   <trkpt lat="51.584057" lon="4.526979"><ele>2</ele></trkpt>
   <trkpt lat="51.584011" lon="4.526901"><ele>2</ele></trkpt>
   <trkpt lat="51.583565" lon="4.526143"><ele>1.5</ele></trkpt>
   <trkpt lat="51.583463" lon="4.525969"><ele>1.25</ele></trkpt>
   <trkpt lat="51.582281" lon="4.523954"><ele>1.75</ele></trkpt>
   <trkpt lat="51.580892" lon="4.521595"><ele>2.25</ele></trkpt>
   <trkpt lat="51.580614" lon="4.521123"><ele>2.75</ele></trkpt>
   <trkpt lat="51.580474" lon="4.520885"><ele>3</ele></trkpt>
   <trkpt lat="51.578846" lon="4.51812"><ele>2.75</ele></trkpt>
   <trkpt lat="51.577255" lon="4.515414"><ele>3.25</ele></trkpt>
   <trkpt lat="51.577135" lon="4.51521"><ele>3.25</ele></trkpt>
   <trkpt lat="51.573217" lon="4.508558"><ele>3.5</ele></trkpt>
   <trkpt lat="51.570199" lon="4.503432"><ele>5</ele></trkpt>
   <trkpt lat="51.564193" lon="4.493242"><ele>3.5</ele></trkpt>
   <trkpt lat="51.564097" lon="4.493079"><ele>3</ele></trkpt>
   <trkpt lat="51.560304" lon="4.486648"><ele>3.75</ele></trkpt>
   <trkpt lat="51.556532" lon="4.480254"><ele>4.75</ele></trkpt>
   <trkpt lat="51.556397" lon="4.480024"><ele>5.75</ele></trkpt>
   <trkpt lat="51.553297" lon="4.474768"><ele>5.5</ele></trkpt>
   <trkpt lat="51.553268" lon="4.474719"><ele>5.75</ele></trkpt>
   <trkpt lat="51.553161" lon="4.474538"><ele>5</ele></trkpt>
   <trkpt lat="51.553133" lon="4.474492"><ele>5</ele></trkpt>
   <trkpt lat="51.552628" lon="4.473644"><ele>5.75</ele></trkpt>
   <trkpt lat="51.552558" lon="4.473527"><ele>5.75</ele></trkpt>
   <trkpt lat="51.552486" lon="4.473411"><ele>5.75</ele></trkpt>
   <trkpt lat="51.552317" lon="4.473145"><ele>5</ele></trkpt>
   <trkpt lat="51.552084" lon="4.472807"><ele>5</ele></trkpt>
   <trkpt lat="51.551952" lon="4.472632"><ele>5.5</ele></trkpt>
   <trkpt lat="51.551713" lon="4.472336"><ele>5.5</ele></trkpt>
   <trkpt lat="51.551364" lon="4.471956"><ele>5</ele></trkpt>
   <trkpt lat="51.551206" lon="4.471799"><ele>5</ele></trkpt>
   <trkpt lat="51.550891" lon="4.471519"><ele>5</ele></trkpt>
   <trkpt lat="51.550652" lon="4.471332"><ele>5</ele></trkpt>
   <trkpt lat="51.550393" lon="4.471147"><ele>5</ele></trkpt>
   <trkpt lat="51.550204" lon="4.47102"><ele>4.75</ele></trkpt>
   <trkpt lat="51.550129" lon="4.47097"><ele>4.75</ele></trkpt>
   <trkpt lat="51.548377" lon="4.469821"><ele>4.75</ele></trkpt>
   <trkpt lat="51.548368" lon="4.469816"><ele>4.75</ele></trkpt>
   <trkpt lat="51.547971" lon="4.469537"><ele>4.25</ele></trkpt>
   <trkpt lat="51.547709" lon="4.469332"><ele>4.5</ele></trkpt>
   <trkpt lat="51.547311" lon="4.468989"><ele>5</ele></trkpt>
   <trkpt lat="51.547059" lon="4.468749"><ele>5</ele></trkpt>
   <trkpt lat="51.546831" lon="4.468515"><ele>5</ele></trkpt>
   <trkpt lat="51.546393" lon="4.46802"><ele>4</ele></trkpt>
   <trkpt lat="51.546157" lon="4.467726"><ele>4</ele></trkpt>
   <trkpt lat="51.545939" lon="4.467435"><ele>4.25</ele></trkpt>
   <trkpt lat="51.545736" lon="4.467143"><ele>4</ele></trkpt>
   <trkpt lat="51.545487" lon="4.46676"><ele>4</ele></trkpt>
   <trkpt lat="51.544691" lon="4.465473"><ele>4</ele></trkpt>
   <trkpt lat="51.544548" lon="4.465288"><ele>4</ele></trkpt>
   <trkpt lat="51.544406" lon="4.465104"><ele>4</ele></trkpt>
   <trkpt lat="51.544123" lon="4.464737"><ele>4</ele></trkpt>
   <trkpt lat="51.543811" lon="4.464232"><ele>4</ele></trkpt>
   <trkpt lat="51.543754" lon="4.464138"><ele>4</ele></trkpt>
   <trkpt lat="51.543705" lon="4.46406"><ele>4</ele></trkpt>
   <trkpt lat="51.542377" lon="4.461907"><ele>4</ele></trkpt>
   <trkpt lat="51.542355" lon="4.461873"><ele>4</ele></trkpt>
   <trkpt lat="51.541973" lon="4.461253"><ele>4</ele></trkpt>
   <trkpt lat="51.541895" lon="4.461126"><ele>4</ele></trkpt>
   <trkpt lat="51.541817" lon="4.460999"><ele>4</ele></trkpt>
   <trkpt lat="51.541715" lon="4.460834"><ele>4</ele></trkpt>
   <trkpt lat="51.54138" lon="4.460292"><ele>4</ele></trkpt>
   <trkpt lat="51.541038" lon="4.459738"><ele>4</ele></trkpt>
   <trkpt lat="51.54098" lon="4.459644"><ele>4</ele></trkpt>
   <trkpt lat="51.540821" lon="4.459386"><ele>4</ele></trkpt>
   <trkpt lat="51.540637" lon="4.459088"><ele>4</ele></trkpt>
   <trkpt lat="51.540556" lon="4.458959"><ele>4</ele></trkpt>
   <trkpt lat="51.540372" lon="4.458613"><ele>4</ele></trkpt>
   <trkpt lat="51.540311" lon="4.458488"><ele>3.75</ele></trkpt>
   <trkpt lat="51.540196" lon="4.45828"><ele>4</ele></trkpt>
   <trkpt lat="51.540106" lon="4.458137"><ele>4</ele></trkpt>
   <trkpt lat="51.539354" lon="4.456923"><ele>4.25</ele></trkpt>
   <trkpt lat="51.539072" lon="4.456481"><ele>4.25</ele></trkpt>
   <trkpt lat="51.538827" lon="4.456119"><ele>4</ele></trkpt>
   <trkpt lat="51.538695" lon="4.455937"><ele>4.25</ele></trkpt>
   <trkpt lat="51.538436" lon="4.455604"><ele>4</ele></trkpt>
   <trkpt lat="51.538302" lon="4.455443"><ele>3.75</ele></trkpt>
   <trkpt lat="51.537894" lon="4.454953"><ele>3.5</ele></trkpt>
   <trkpt lat="51.537722" lon="4.45475"><ele>3.5</ele></trkpt>
   <trkpt lat="51.53747" lon="4.45448"><ele>3.75</ele></trkpt>
   <trkpt lat="51.537144" lon="4.454165"><ele>3.5</ele></trkpt>
   <trkpt lat="51.536888" lon="4.453942"><ele>3.5</ele></trkpt>
   <trkpt lat="51.536579" lon="4.453711"><ele>3</ele></trkpt>
   <trkpt lat="51.536351" lon="4.453562"><ele>3</ele></trkpt>
   <trkpt lat="51.536017" lon="4.453374"><ele>3</ele></trkpt>
   <trkpt lat="51.53543" lon="4.453078"><ele>3</ele></trkpt>
   <trkpt lat="51.534904" lon="4.452811"><ele>2.75</ele></trkpt>
   <trkpt lat="51.534531" lon="4.452624"><ele>3</ele></trkpt>
   <trkpt lat="51.534266" lon="4.452539"><ele>2.75</ele></trkpt>
   <trkpt lat="51.534108" lon="4.452471"><ele>3</ele></trkpt>
   <trkpt lat="51.53377" lon="4.452294"><ele>2.75</ele></trkpt>
   <trkpt lat="51.533719" lon="4.452265"><ele>2.75</ele></trkpt>
   <trkpt lat="51.533638" lon="4.45222"><ele>3</ele></trkpt>
   <trkpt lat="51.533494" lon="4.452139"><ele>2.5</ele></trkpt>
   <trkpt lat="51.533149" lon="4.451946"><ele>2.75</ele></trkpt>
   <trkpt lat="51.533138" lon="4.45194"><ele>2.75</ele></trkpt>
   <trkpt lat="51.532604" lon="4.451641"><ele>2.75</ele></trkpt>
   <trkpt lat="51.532142" lon="4.451396"><ele>2.5</ele></trkpt>
   <trkpt lat="51.531861" lon="4.451252"><ele>1</ele></trkpt>
   <trkpt lat="51.529963" lon="4.450272"><ele>3</ele></trkpt>
   <trkpt lat="51.527631" lon="4.449073"><ele>3</ele></trkpt>
   <trkpt lat="51.526778" lon="4.448635"><ele>3</ele></trkpt>
   <trkpt lat="51.526767" lon="4.44863"><ele>3</ele></trkpt>
   <trkpt lat="51.526338" lon="4.448418"><ele>3</ele></trkpt>
   <trkpt lat="51.525855" lon="4.448204"><ele>3</ele></trkpt>
   <trkpt lat="51.525433" lon="4.448036"><ele>3</ele></trkpt>
   <trkpt lat="51.524973" lon="4.447875"><ele>3.5</ele></trkpt>
   <trkpt lat="51.524394" lon="4.447703"><ele>3.75</ele></trkpt>
   <trkpt lat="51.523994" lon="4.447606"><ele>3.75</ele></trkpt>
   <trkpt lat="51.523937" lon="4.447592"><ele>3.75</ele></trkpt>
   <trkpt lat="51.52376" lon="4.447554"><ele>4</ele></trkpt>
   <trkpt lat="51.523659" lon="4.447535"><ele>4</ele></trkpt>
   <trkpt lat="51.523384" lon="4.44748"><ele>5.5</ele></trkpt>
   <trkpt lat="51.522728" lon="4.44738"><ele>6</ele></trkpt>
   <trkpt lat="51.5224" lon="4.447342"><ele>6</ele></trkpt>
   <trkpt lat="51.521854" lon="4.447298"><ele>6.75</ele></trkpt>
   <trkpt lat="51.521506" lon="4.447282"><ele>7</ele></trkpt>
   <trkpt lat="51.521312" lon="4.447272"><ele>7</ele></trkpt>
   <trkpt lat="51.519322" lon="4.447195"><ele>6.75</ele></trkpt>
   <trkpt lat="51.519004" lon="4.447183"><ele>7</ele></trkpt>
   <trkpt lat="51.518742" lon="4.447173"><ele>7</ele></trkpt>
   <trkpt lat="51.518647" lon="4.44717"><ele>7</ele></trkpt>
   <trkpt lat="51.518646" lon="4.44717"><ele>7</ele></trkpt>
   <trkpt lat="51.518097" lon="4.447149"><ele>8</ele></trkpt>
   <trkpt lat="51.516296" lon="4.447082"><ele>8.25</ele></trkpt>
   <trkpt lat="51.515262" lon="4.447043"><ele>7.5</ele></trkpt>
   <trkpt lat="51.515206" lon="4.447041"><ele>7.75</ele></trkpt>
   <trkpt lat="51.515152" lon="4.447039"><ele>8</ele></trkpt>
   <trkpt lat="51.514637" lon="4.447019"><ele>8</ele></trkpt>
   <trkpt lat="51.514547" lon="4.447016"><ele>8.25</ele></trkpt>
   <trkpt lat="51.513257" lon="4.446968"><ele>9.25</ele></trkpt>
   <trkpt lat="51.511613" lon="4.446906"><ele>9</ele></trkpt>
   <trkpt lat="51.511469" lon="4.446901"><ele>9</ele></trkpt>
   <trkpt lat="51.510921" lon="4.44688"><ele>9</ele></trkpt>
   <trkpt lat="51.510714" lon="4.446873"><ele>9</ele></trkpt>
   <trkpt lat="51.510576" lon="4.446868"><ele>9</ele></trkpt>
   <trkpt lat="51.508981" lon="4.446808"><ele>9</ele></trkpt>
   <trkpt lat="51.506043" lon="4.446698"><ele>8.75</ele></trkpt>
   <trkpt lat="51.502726" lon="4.446574"><ele>8</ele></trkpt>
   <trkpt lat="51.501776" lon="4.446538"><ele>8</ele></trkpt>
   <trkpt lat="51.497008" lon="4.44636"><ele>9</ele></trkpt>
   <trkpt lat="51.49572" lon="4.446312"><ele>8.75</ele></trkpt>
   <trkpt lat="51.49296" lon="4.446208"><ele>10</ele></trkpt>
   <trkpt lat="51.488146" lon="4.44603"><ele>12</ele></trkpt>
   <trkpt lat="51.48705" lon="4.445987"><ele>13</ele></trkpt>
   <trkpt lat="51.486801" lon="4.445978"><ele>13</ele></trkpt>
   <trkpt lat="51.483481" lon="4.445854"><ele>13.75</ele></trkpt>
   <trkpt lat="51.480596" lon="4.445752"><ele>13.75</ele></trkpt>
   <trkpt lat="51.480042" lon="4.445751"><ele>14</ele></trkpt>
   <trkpt lat="51.479472" lon="4.445776"><ele>13.75</ele></trkpt>
   <trkpt lat="51.479065" lon="4.445813"><ele>14</ele></trkpt>
   <trkpt lat="51.478606" lon="4.445869"><ele>13.75</ele></trkpt>
   <trkpt lat="51.478245" lon="4.445924"><ele>13.5</ele></trkpt>
   <trkpt lat="51.477627" lon="4.446051"><ele>14</ele></trkpt>
   <trkpt lat="51.476952" lon="4.446229"><ele>13.5</ele></trkpt>
   <trkpt lat="51.476593" lon="4.446341"><ele>13.75</ele></trkpt>
   <trkpt lat="51.475913" lon="4.446573"><ele>13.5</ele></trkpt>
   <trkpt lat="51.474872" lon="4.446939"><ele>13.75</ele></trkpt>
   <trkpt lat="51.473492" lon="4.447424"><ele>13.75</ele></trkpt>
   <trkpt lat="51.472207" lon="4.447876"><ele>13.75</ele></trkpt>
   <trkpt lat="51.471822" lon="4.448012"><ele>14.25</ele></trkpt>
   <trkpt lat="51.47178" lon="4.448027"><ele>14.5</ele></trkpt>
   <trkpt lat="51.471764" lon="4.448032"><ele>14.5</ele></trkpt>
   <trkpt lat="51.471529" lon="4.448115"><ele>14.5</ele></trkpt>
   <trkpt lat="51.46914" lon="4.448955"><ele>15</ele></trkpt>
   <trkpt lat="51.469114" lon="4.448963"><ele>15</ele></trkpt>
   <trkpt lat="51.468808" lon="4.44907"><ele>15</ele></trkpt>
   <trkpt lat="51.468723" lon="4.4491"><ele>15</ele></trkpt>
   <trkpt lat="51.468434" lon="4.449143"><ele>14.75</ele></trkpt>
   <trkpt lat="51.468108" lon="4.449259"><ele>15</ele></trkpt>
   <trkpt lat="51.467521" lon="4.449463"><ele>15</ele></trkpt>
   <trkpt lat="51.467047" lon="4.449629"><ele>15</ele></trkpt>
   <trkpt lat="51.4665" lon="4.44982"><ele>15</ele></trkpt>
   <trkpt lat="51.464037" lon="4.450658"><ele>16</ele></trkpt>
   <trkpt lat="51.462676" lon="4.451138"><ele>16</ele></trkpt>
   <trkpt lat="51.461382" lon="4.451597"><ele>16</ele></trkpt>
   <trkpt lat="51.459901" lon="4.452119"><ele>16</ele></trkpt>
   <trkpt lat="51.459615" lon="4.45222"><ele>16</ele></trkpt>
   <trkpt lat="51.457055" lon="4.453127"><ele>15.75</ele></trkpt>
   <trkpt lat="51.457053" lon="4.453128"><ele>15.75</ele></trkpt>
   <trkpt lat="51.457013" lon="4.453142"><ele>15.75</ele></trkpt>
   <trkpt lat="51.455308" lon="4.453739"><ele>16.25</ele></trkpt>
   <trkpt lat="51.454745" lon="4.453935"><ele>16.5</ele></trkpt>
   <trkpt lat="51.452766" lon="4.454628"><ele>17.5</ele></trkpt>
   <trkpt lat="51.449179" lon="4.455881"><ele>17.75</ele></trkpt>
   <trkpt lat="51.446358" lon="4.456867"><ele>17.5</ele></trkpt>
   <trkpt lat="51.437822" lon="4.459847"><ele>18</ele></trkpt>
   <trkpt lat="51.436913" lon="4.460163"><ele>18.5</ele></trkpt>
   <trkpt lat="51.428067" lon="4.463251"><ele>18.75</ele></trkpt>
   <trkpt lat="51.427671" lon="4.463392"><ele>18.75</ele></trkpt>
   <trkpt lat="51.425485" lon="4.46415"><ele>19</ele></trkpt>
   <trkpt lat="51.425103" lon="4.464274"><ele>19</ele></trkpt>
   <trkpt lat="51.424623" lon="4.464408"><ele>18.5</ele></trkpt>
   <trkpt lat="51.424157" lon="4.464517"><ele>18.75</ele></trkpt>
   <trkpt lat="51.423748" lon="4.464596"><ele>18.25</ele></trkpt>
   <trkpt lat="51.423171" lon="4.464677"><ele>18.75</ele></trkpt>
   <trkpt lat="51.422549" lon="4.464727"><ele>18.75</ele></trkpt>
   <trkpt lat="51.406764" lon="4.465674"><ele>19</ele></trkpt>
   <trkpt lat="51.40009" lon="4.466079"><ele>20</ele></trkpt>
   <trkpt lat="51.391992" lon="4.466569"><ele>21</ele></trkpt>
   <trkpt lat="51.391642" lon="4.466587"><ele>21</ele></trkpt>
   <trkpt lat="51.391411" lon="4.466599"><ele>20.75</ele></trkpt>
   <trkpt lat="51.387177" lon="4.466858"><ele>21.5</ele></trkpt>
   <trkpt lat="51.38708" lon="4.466864"><ele>21.5</ele></trkpt>
   <trkpt lat="51.386903" lon="4.46688"><ele>21.75</ele></trkpt>
   <trkpt lat="51.386543" lon="4.46694"><ele>21.75</ele></trkpt>
   <trkpt lat="51.386299" lon="4.466965"><ele>21.75</ele></trkpt>
   <trkpt lat="51.38577" lon="4.466991"><ele>21.5</ele></trkpt>
   <trkpt lat="51.385498" lon="4.466996"><ele>21</ele></trkpt>
   <trkpt lat="51.384984" lon="4.466987"><ele>21.75</ele></trkpt>
   <trkpt lat="51.384525" lon="4.467014"><ele>21.75</ele></trkpt>
   <trkpt lat="51.384348" lon="4.467024"><ele>22</ele></trkpt>
   <trkpt lat="51.379923" lon="4.46729"><ele>22.75</ele></trkpt>
   <trkpt lat="51.379362" lon="4.467303"><ele>23</ele></trkpt>
   <trkpt lat="51.379125" lon="4.467298"><ele>23</ele></trkpt>
   <trkpt lat="51.379095" lon="4.467296"><ele>23</ele></trkpt>
   <trkpt lat="51.378621" lon="4.467262"><ele>23</ele></trkpt>
   <trkpt lat="51.378203" lon="4.467212"><ele>23</ele></trkpt>
   <trkpt lat="51.377669" lon="4.467117"><ele>23.25</ele></trkpt>
   <trkpt lat="51.377348" lon="4.467041"><ele>23.5</ele></trkpt>
   <trkpt lat="51.376791" lon="4.466881"><ele>23.25</ele></trkpt>
   <trkpt lat="51.376554" lon="4.466801"><ele>23.25</ele></trkpt>
   <trkpt lat="51.376006" lon="4.466588"><ele>23.5</ele></trkpt>
   <trkpt lat="51.37546" lon="4.466337"><ele>23.75</ele></trkpt>
   <trkpt lat="51.375151" lon="4.466176"><ele>23.5</ele></trkpt>
   <trkpt lat="51.374638" lon="4.465898"><ele>24</ele></trkpt>
   <trkpt lat="51.365686" lon="4.461028"><ele>27</ele></trkpt>
   <trkpt lat="51.364535" lon="4.460403"><ele>26.5</ele></trkpt>
   <trkpt lat="51.351172" lon="4.453149"><ele>22</ele></trkpt>
   <trkpt lat="51.347848" lon="4.451345"><ele>20.75</ele></trkpt>
   <trkpt lat="51.347459" lon="4.451134"><ele>20</ele></trkpt>
   <trkpt lat="51.320985" lon="4.4368"><ele>11</ele></trkpt>
   <trkpt lat="51.320885" lon="4.436752"><ele>11</ele></trkpt>
   <trkpt lat="51.320664" lon="4.436668"><ele>11</ele></trkpt>
   <trkpt lat="51.320391" lon="4.436536"><ele>11</ele></trkpt>
   <trkpt lat="51.319988" lon="4.436316"><ele>11</ele></trkpt>
   <trkpt lat="51.319891" lon="4.436265"><ele>11</ele></trkpt>
   <trkpt lat="51.319808" lon="4.436222"><ele>11</ele></trkpt>
   <trkpt lat="51.319608" lon="4.436139"><ele>11</ele></trkpt>
   <trkpt lat="51.31942" lon="4.436075"><ele>10.75</ele></trkpt>
   <trkpt lat="51.319206" lon="4.435972"><ele>10.5</ele></trkpt>
   <trkpt lat="51.315116" lon="4.433761"><ele>9.5</ele></trkpt>
   <trkpt lat="51.314545" lon="4.433448"><ele>9.25</ele></trkpt>
   <trkpt lat="51.314116" lon="4.433154"><ele>9.75</ele></trkpt>
   <trkpt lat="51.313947" lon="4.433052"><ele>9</ele></trkpt>
   <trkpt lat="51.313824" lon="4.432989"><ele>9</ele></trkpt>
   <trkpt lat="51.313605" lon="4.432863"><ele>9</ele></trkpt>
   <trkpt lat="51.312523" lon="4.432279"><ele>9</ele></trkpt>
   <trkpt lat="51.312049" lon="4.432022"><ele>9</ele></trkpt>
   <trkpt lat="51.311577" lon="4.431773"><ele>9</ele></trkpt>
   <trkpt lat="51.311158" lon="4.43157"><ele>8.25</ele></trkpt>
   <trkpt lat="51.31071" lon="4.431379"><ele>8.25</ele></trkpt>
   <trkpt lat="51.310347" lon="4.431242"><ele>8.5</ele></trkpt>
   <trkpt lat="51.309868" lon="4.431088"><ele>8.25</ele></trkpt>
   <trkpt lat="51.309434" lon="4.430973"><ele>8</ele></trkpt>
   <trkpt lat="51.308943" lon="4.43087"><ele>8</ele></trkpt>
   <trkpt lat="51.308571" lon="4.430809"><ele>8</ele></trkpt>
   <trkpt lat="51.308345" lon="4.430783"><ele>8.75</ele></trkpt>
   <trkpt lat="51.307865" lon="4.430746"><ele>8</ele></trkpt>
   <trkpt lat="51.307335" lon="4.430737"><ele>8</ele></trkpt>
   <trkpt lat="51.307053" lon="4.430744"><ele>8</ele></trkpt>
   <trkpt lat="51.306771" lon="4.430764"><ele>8</ele></trkpt>
   <trkpt lat="51.306488" lon="4.43079"><ele>8</ele></trkpt>
   <trkpt lat="51.306175" lon="4.430831"><ele>7</ele></trkpt>
   <trkpt lat="51.30592" lon="4.430873"><ele>7.5</ele></trkpt>
   <trkpt lat="51.305367" lon="4.430991"><ele>8</ele></trkpt>
   <trkpt lat="51.305073" lon="4.431068"><ele>7.25</ele></trkpt>
   <trkpt lat="51.303795" lon="4.431436"><ele>7</ele></trkpt>
   <trkpt lat="51.299482" lon="4.432671"><ele>6</ele></trkpt>
   <trkpt lat="51.294529" lon="4.434089"><ele>5.5</ele></trkpt>
   <trkpt lat="51.293834" lon="4.43429"><ele>5.5</ele></trkpt>
   <trkpt lat="51.293103" lon="4.434443"><ele>5.75</ele></trkpt>
   <trkpt lat="51.290784" lon="4.435105"><ele>6.75</ele></trkpt>
   <trkpt lat="51.290509" lon="4.435187"><ele>6</ele></trkpt>
   <trkpt lat="51.289796" lon="4.43539"><ele>6</ele></trkpt>
   <trkpt lat="51.289426" lon="4.435485"><ele>6</ele></trkpt>
   <trkpt lat="51.289049" lon="4.435565"><ele>6</ele></trkpt>
   <trkpt lat="51.288488" lon="4.435655"><ele>6</ele></trkpt>
   <trkpt lat="51.288113" lon="4.435693"><ele>6</ele></trkpt>
   <trkpt lat="51.287673" lon="4.435718"><ele>6</ele></trkpt>
   <trkpt lat="51.28717" lon="4.435716"><ele>6</ele></trkpt>
   <trkpt lat="51.286666" lon="4.435685"><ele>5.75</ele></trkpt>
   <trkpt lat="51.286453" lon="4.435664"><ele>5.5</ele></trkpt>
   <trkpt lat="51.286015" lon="4.435601"><ele>5.75</ele></trkpt>
   <trkpt lat="51.285612" lon="4.435521"><ele>6</ele></trkpt>
   <trkpt lat="51.285052" lon="4.435381"><ele>5</ele></trkpt>
   <trkpt lat="51.284745" lon="4.435287"><ele>5.75</ele></trkpt>
   <trkpt lat="51.282286" lon="4.434479"><ele>5</ele></trkpt>
   <trkpt lat="51.268788" lon="4.430052"><ele>3.25</ele></trkpt>
   <trkpt lat="51.267537" lon="4.429644"><ele>4</ele></trkpt>
   <trkpt lat="51.267341" lon="4.42959"><ele>3.5</ele></trkpt>
   <trkpt lat="51.26693" lon="4.429495"><ele>3</ele></trkpt>
   <trkpt lat="51.26681" lon="4.429458"><ele>3.5</ele></trkpt>
   <trkpt lat="51.266686" lon="4.429419"><ele>3.75</ele></trkpt>
   <trkpt lat="51.266592" lon="4.429389"><ele>4</ele></trkpt>
   <trkpt lat="51.264051" lon="4.428555"><ele>4.5</ele></trkpt>
   <trkpt lat="51.263708" lon="4.428445"><ele>4</ele></trkpt>
   <trkpt lat="51.261382" lon="4.427681"><ele>4</ele></trkpt>
   <trkpt lat="51.259981" lon="4.42723"><ele>4</ele></trkpt>
   <trkpt lat="51.258908" lon="4.426958"><ele>3.5</ele></trkpt>
   <trkpt lat="51.258156" lon="4.426772"><ele>4.5</ele></trkpt>
   <trkpt lat="51.257785" lon="4.426704"><ele>4.75</ele></trkpt>
   <trkpt lat="51.257285" lon="4.426635"><ele>4.75</ele></trkpt>
   <trkpt lat="51.256848" lon="4.426554"><ele>4.25</ele></trkpt>
   <trkpt lat="51.256436" lon="4.426463"><ele>3.75</ele></trkpt>
   <trkpt lat="51.255645" lon="4.426253"><ele>3</ele></trkpt>
   <trkpt lat="51.255317" lon="4.426165"><ele>3</ele></trkpt>
   <trkpt lat="51.254165" lon="4.425748"><ele>4</ele></trkpt>
   <trkpt lat="51.253773" lon="4.425632"><ele>4.5</ele></trkpt>
   <trkpt lat="51.253412" lon="4.425538"><ele>5</ele></trkpt>
   <trkpt lat="51.251289" lon="4.424977"><ele>7.75</ele></trkpt>
   <trkpt lat="51.251005" lon="4.424902"><ele>7.5</ele></trkpt>
   <trkpt lat="51.250166" lon="4.424685"><ele>6.75</ele></trkpt>
   <trkpt lat="51.249701" lon="4.424585"><ele>6.25</ele></trkpt>
   <trkpt lat="51.249277" lon="4.424519"><ele>6</ele></trkpt>
   <trkpt lat="51.248998" lon="4.424487"><ele>5.75</ele></trkpt>
   <trkpt lat="51.248526" lon="4.424455"><ele>5.5</ele></trkpt>
   <trkpt lat="51.248052" lon="4.424451"><ele>5</ele></trkpt>
   <trkpt lat="51.247772" lon="4.42446"><ele>4.75</ele></trkpt>
   <trkpt lat="51.247074" lon="4.424501"><ele>4.25</ele></trkpt>
   <trkpt lat="51.24565" lon="4.424584"><ele>3</ele></trkpt>
   <trkpt lat="51.245045" lon="4.424619"><ele>3.25</ele></trkpt>
   <trkpt lat="51.244438" lon="4.424655"><ele>4</ele></trkpt>
   <trkpt lat="51.244368" lon="4.424659"><ele>4</ele></trkpt>
   <trkpt lat="51.241811" lon="4.424808"><ele>9.75</ele></trkpt>
   <trkpt lat="51.239444" lon="4.42496"><ele>8.5</ele></trkpt>
   <trkpt lat="51.238407" lon="4.425036"><ele>7</ele></trkpt>
   <trkpt lat="51.236024" lon="4.425215"><ele>9.25</ele></trkpt>
   <trkpt lat="51.235708" lon="4.425239"><ele>7.25</ele></trkpt>
   <trkpt lat="51.235429" lon="4.42526"><ele>7.5</ele></trkpt>
   <trkpt lat="51.234938" lon="4.425295"><ele>6.75</ele></trkpt>
   <trkpt lat="51.233218" lon="4.425424"><ele>8.75</ele></trkpt>
   <trkpt lat="51.232608" lon="4.425465"><ele>9</ele></trkpt>
   <trkpt lat="51.232305" lon="4.425475"/>
   <trkpt lat="51.23202" lon="4.425467"/>
   <trkpt lat="51.231487" lon="4.425416"/>
   <trkpt lat="51.23124" lon="4.425376"/>
   <trkpt lat="51.230993" lon="4.425328"/>
   <trkpt lat="51.230522" lon="4.425211"/>
   <trkpt lat="51.230082" lon="4.42507"/>
   <trkpt lat="51.229699" lon="4.424921"/>
   <trkpt lat="51.22936" lon="4.424771"/>
   <trkpt lat="51.229033" lon="4.424605"/>
   <trkpt lat="51.228726" lon="4.424436"/>
   <trkpt lat="51.228428" lon="4.424257"/>
   <trkpt lat="51.2265" lon="4.422962"/>
   <trkpt lat="51.226206" lon="4.42277"/>
   <trkpt lat="51.225909" lon="4.422592"/>
   <trkpt lat="51.22561" lon="4.42243"/>
   <trkpt lat="51.225285" lon="4.422277"/>
   <trkpt lat="51.22496" lon="4.422144"/>
   <trkpt lat="51.224635" lon="4.422031"/>
   <trkpt lat="51.224311" lon="4.421938"/>
   <trkpt lat="51.224057" lon="4.42188"/>
   <trkpt lat="51.223803" lon="4.421831"/>
   <trkpt lat="51.223301" lon="4.421767"/>
   <trkpt lat="51.219371" lon="4.421435"/>
   <trkpt lat="51.218602" lon="4.421321"/>
   <trkpt lat="51.217957" lon="4.421253"/>
   <trkpt lat="51.21738" lon="4.421202"/>
   <trkpt lat="51.217223" lon="4.42119"/>
   <trkpt lat="51.216518" lon="4.421129"/>
   <trkpt lat="51.216483" lon="4.421126"/>
   <trkpt lat="51.216409" lon="4.42112"/>
   <trkpt lat="51.216343" lon="4.421114"/>
   <trkpt lat="51.216018" lon="4.421095"><ele>9.25</ele></trkpt>
   <trkpt lat="51.215779" lon="4.421082"><ele>9.25</ele></trkpt>
   <trkpt lat="51.21526" lon="4.421077"><ele>9.25</ele></trkpt>
   <trkpt lat="51.215088" lon="4.421081"><ele>9.25</ele></trkpt>
   <trkpt lat="51.214682" lon="4.421121"><ele>9.25</ele></trkpt>
   <trkpt lat="51.214516" lon="4.421143"><ele>9.25</ele></trkpt>
   <trkpt lat="51.213737" lon="4.421295"><ele>9.25</ele></trkpt>
   <trkpt lat="51.213252" lon="4.421395"><ele>9.25</ele></trkpt>
   <trkpt lat="51.213205" lon="4.421407"><ele>9.25</ele></trkpt>
   <trkpt lat="51.212877" lon="4.421495"><ele>9.25</ele></trkpt>
   <trkpt lat="51.212494" lon="4.421618"><ele>9.25</ele></trkpt>
   <trkpt lat="51.211738" lon="4.421919"><ele>9.25</ele></trkpt>
   <trkpt lat="51.211684" lon="4.42194"><ele>9.25</ele></trkpt>
   <trkpt lat="51.211125" lon="4.422169"><ele>9.25</ele></trkpt>
   <trkpt lat="51.210758" lon="4.422325"><ele>9.25</ele></trkpt>
   <trkpt lat="51.210461" lon="4.422468"><ele>9.25</ele></trkpt>
   <trkpt lat="51.210174" lon="4.422628"><ele>9.25</ele></trkpt>
   <trkpt lat="51.209878" lon="4.422814"><ele>9.25</ele></trkpt>
   <trkpt lat="51.209563" lon="4.423036"><ele>9.25</ele></trkpt>
   <trkpt lat="51.209268" lon="4.423268"><ele>9.25</ele></trkpt>
   <trkpt lat="51.208978" lon="4.423511"><ele>9.25</ele></trkpt>
   <trkpt lat="51.208037" lon="4.424353"><ele>9.25</ele></trkpt>
   <trkpt lat="51.207465" lon="4.424865"><ele>9.25</ele></trkpt>
   <trkpt lat="51.207409" lon="4.424915"><ele>9.25</ele></trkpt>
   <trkpt lat="51.206685" lon="4.425667"><ele>9.25</ele></trkpt>
   <trkpt lat="51.205697" lon="4.426551"><ele>9.25</ele></trkpt>
   <trkpt lat="51.204688" lon="4.427449"><ele>8.5</ele></trkpt>
   <trkpt lat="51.203122" lon="4.428799"><ele>10.75</ele></trkpt>
   <trkpt lat="51.202378" lon="4.429447"><ele>12</ele></trkpt>
   <trkpt lat="51.202254" lon="4.429556"><ele>11.75</ele></trkpt>
   <trkpt lat="51.202239" lon="4.429569"><ele>12</ele></trkpt>
   <trkpt lat="51.201837" lon="4.429925"><ele>11.5</ele></trkpt>
   <trkpt lat="51.201361" lon="4.430366"><ele>11.5</ele></trkpt>
   <trkpt lat="51.201276" lon="4.430443"><ele>11.25</ele></trkpt>
   <trkpt lat="51.200986" lon="4.430702"><ele>11.75</ele></trkpt>
   <trkpt lat="51.200531" lon="4.431121"><ele>12.75</ele></trkpt>
   <trkpt lat="51.200355" lon="4.431302"><ele>12.25</ele></trkpt>
   <trkpt lat="51.200207" lon="4.431454"><ele>11.75</ele></trkpt>
   <trkpt lat="51.200171" lon="4.431492"><ele>11.5</ele></trkpt>
   <trkpt lat="51.199979" lon="4.431692"><ele>12</ele></trkpt>
   <trkpt lat="51.199951" lon="4.43172"><ele>12</ele></trkpt>
   <trkpt lat="51.199866" lon="4.431805"><ele>12</ele></trkpt>
   <trkpt lat="51.199698" lon="4.431973"><ele>12</ele></trkpt>
   <trkpt lat="51.199625" lon="4.432044"><ele>12</ele></trkpt>
   <trkpt lat="51.199318" lon="4.432331"><ele>12</ele></trkpt>
   <trkpt lat="51.19926" lon="4.432381"><ele>12</ele></trkpt>
   <trkpt lat="51.199057" lon="4.432557"><ele>12</ele></trkpt>
   <trkpt lat="51.19899" lon="4.432615"><ele>12.25</ele></trkpt>
   <trkpt lat="51.198875" lon="4.432707"><ele>12.25</ele></trkpt>
   <trkpt lat="51.198586" lon="4.432939"><ele>13.25</ele></trkpt>
   <trkpt lat="51.197786" lon="4.433568"><ele>14.75</ele></trkpt>
   <trkpt lat="51.197576" lon="4.433732"><ele>15</ele></trkpt>
   <trkpt lat="51.196986" lon="4.434344"><ele>14.75</ele></trkpt>
   <trkpt lat="51.19687" lon="4.434455"><ele>14.75</ele></trkpt>
   <trkpt lat="51.1966" lon="4.434651"><ele>14.75</ele></trkpt>
   <trkpt lat="51.196182" lon="4.434951"><ele>14.75</ele></trkpt>
   <trkpt lat="51.195848" lon="4.435215"><ele>14.75</ele></trkpt>
   <trkpt lat="51.195468" lon="4.435553"><ele>14.75</ele></trkpt>
   <trkpt lat="51.19318" lon="4.437637"><ele>11.75</ele></trkpt>
   <trkpt lat="51.19298" lon="4.437814"><ele>12</ele></trkpt>
   <trkpt lat="51.192012" lon="4.438672"><ele>13.5</ele></trkpt>
   <trkpt lat="51.191608" lon="4.438968"><ele>13.5</ele></trkpt>
   <trkpt lat="51.190958" lon="4.43954"><ele>13</ele></trkpt>
   <trkpt lat="51.190017" lon="4.44039"><ele>12.75</ele></trkpt>
   <trkpt lat="51.189532" lon="4.440832"><ele>12.5</ele></trkpt>
   <trkpt lat="51.188782" lon="4.441398"><ele>12.5</ele></trkpt>
   <trkpt lat="51.187247" lon="4.442775"><ele>12</ele></trkpt>
   <trkpt lat="51.183536" lon="4.446108"><ele>12.25</ele></trkpt>
   <trkpt lat="51.182341" lon="4.44723"><ele>12.25</ele></trkpt>
   <trkpt lat="51.181683" lon="4.447838"><ele>12</ele></trkpt>
   <trkpt lat="51.180315" lon="4.449076"><ele>13.5</ele></trkpt>
   <trkpt lat="51.178521" lon="4.450636"><ele>12.25</ele></trkpt>
   <trkpt lat="51.177586" lon="4.451446"><ele>12.5</ele></trkpt>
   <trkpt lat="51.176858" lon="4.452058"><ele>12.75</ele></trkpt>
   <trkpt lat="51.176071" lon="4.452675"><ele>13.5</ele></trkpt>
   <trkpt lat="51.175339" lon="4.453212"><ele>13</ele></trkpt>
   <trkpt lat="51.174657" lon="4.453687"><ele>12.5</ele></trkpt>
   <trkpt lat="51.17395" lon="4.454155"><ele>11.75</ele></trkpt>
   <trkpt lat="51.173176" lon="4.454646"><ele>13.25</ele></trkpt>
   <trkpt lat="51.172369" lon="4.455125"><ele>13.75</ele></trkpt>
   <trkpt lat="51.171291" lon="4.455735"><ele>14</ele></trkpt>
   <trkpt lat="51.171053" lon="4.455868"><ele>14.25</ele></trkpt>
   <trkpt lat="51.170108" lon="4.456393"><ele>14.5</ele></trkpt>
   <trkpt lat="51.169112" lon="4.456946"><ele>15</ele></trkpt>
   <trkpt lat="51.167293" lon="4.457958"><ele>15</ele></trkpt>
   <trkpt lat="51.166549" lon="4.458371"><ele>15</ele></trkpt>
   <trkpt lat="51.162228" lon="4.460678"><ele>16.25</ele></trkpt>
   <trkpt lat="51.161572" lon="4.461044"><ele>18</ele></trkpt>
   <trkpt lat="51.159126" lon="4.462405"><ele>17.25</ele></trkpt>
   <trkpt lat="51.155722" lon="4.464302"><ele>19.25</ele></trkpt>
   <trkpt lat="51.154871" lon="4.464765"><ele>19.25</ele></trkpt>
   <trkpt lat="51.153365" lon="4.465547"><ele>19</ele></trkpt>
   <trkpt lat="51.151539" lon="4.466555"><ele>20.25</ele></trkpt>
   <trkpt lat="51.150993" lon="4.46687"><ele>20</ele></trkpt>
   <trkpt lat="51.14958" lon="4.467723"><ele>19.75</ele></trkpt>
   <trkpt lat="51.148934" lon="4.468103"><ele>19.25</ele></trkpt>
   <trkpt lat="51.145308" lon="4.470128"><ele>19</ele></trkpt>
   <trkpt lat="51.144846" lon="4.470387"><ele>18.25</ele></trkpt>
   <trkpt lat="51.144194" lon="4.470771"><ele>16.5</ele></trkpt>
   <trkpt lat="51.144095" lon="4.470831"><ele>17</ele></trkpt>
   <trkpt lat="51.142242" lon="4.471957"><ele>17.75</ele></trkpt>
   <trkpt lat="51.139847" lon="4.473301"><ele>17</ele></trkpt>
   <trkpt lat="51.139362" lon="4.47357"><ele>16.75</ele></trkpt>
   <trkpt lat="51.133933" lon="4.476593"><ele>17</ele></trkpt>
   <trkpt lat="51.129042" lon="4.479317"><ele>16.5</ele></trkpt>
   <trkpt lat="51.128615" lon="4.479555"><ele>16.75</ele></trkpt>
   <trkpt lat="51.128213" lon="4.479722"><ele>16.25</ele></trkpt>
   <trkpt lat="51.127421" lon="4.480164"><ele>16.5</ele></trkpt>
   <trkpt lat="51.119983" lon="4.484302"><ele>14.25</ele></trkpt>
   <trkpt lat="51.117968" lon="4.485415"><ele>14</ele></trkpt>
   <trkpt lat="51.117506" lon="4.485657"><ele>14</ele></trkpt>
   <trkpt lat="51.117015" lon="4.485897"><ele>13.75</ele></trkpt>
   <trkpt lat="51.116524" lon="4.486118"><ele>13.75</ele></trkpt>
   <trkpt lat="51.116045" lon="4.486317"><ele>13.5</ele></trkpt>
   <trkpt lat="51.115528" lon="4.486513"><ele>13.25</ele></trkpt>
   <trkpt lat="51.114636" lon="4.486804"><ele>12.75</ele></trkpt>
   <trkpt lat="51.114196" lon="4.486927"><ele>12.75</ele></trkpt>
   <trkpt lat="51.094483" lon="4.491962"><ele>8</ele></trkpt>
   <trkpt lat="51.091379" lon="4.492756"><ele>8.75</ele></trkpt>
   <trkpt lat="51.089132" lon="4.493255"><ele>5.75</ele></trkpt>
   <trkpt lat="51.088909" lon="4.493313"><ele>8.5</ele></trkpt>
   <trkpt lat="51.088329" lon="4.493477"><ele>8.5</ele></trkpt>
   <trkpt lat="51.087901" lon="4.493613"><ele>10.75</ele></trkpt>
   <trkpt lat="51.087405" lon="4.493786"><ele>11</ele></trkpt>
   <trkpt lat="51.086225" lon="4.494249"><ele>9.25</ele></trkpt>
   <trkpt lat="51.085253" lon="4.494642"><ele>9.5</ele></trkpt>
   <trkpt lat="51.083978" lon="4.495147"><ele>11.25</ele></trkpt>
   <trkpt lat="51.083064" lon="4.495469"><ele>11</ele></trkpt>
   <trkpt lat="51.082559" lon="4.495621"><ele>10.75</ele></trkpt>
   <trkpt lat="51.082121" lon="4.495731"><ele>10.25</ele></trkpt>
   <trkpt lat="51.081699" lon="4.495823"><ele>10.75</ele></trkpt>
   <trkpt lat="51.081248" lon="4.495902"><ele>10</ele></trkpt>
   <trkpt lat="51.080546" lon="4.495983"><ele>8.25</ele></trkpt>
   <trkpt lat="51.080358" lon="4.495999"><ele>8.5</ele></trkpt>
   <trkpt lat="51.079874" lon="4.496021"><ele>9</ele></trkpt>
   <trkpt lat="51.079423" lon="4.496024"><ele>8.25</ele></trkpt>
   <trkpt lat="51.078582" lon="4.495999"><ele>8</ele></trkpt>
   <trkpt lat="51.075367" lon="4.495796"><ele>6.5</ele></trkpt>
   <trkpt lat="51.073786" lon="4.495765"><ele>6.5</ele></trkpt>
   <trkpt lat="51.070758" lon="4.495724"><ele>7</ele></trkpt>
   <trkpt lat="51.070045" lon="4.495714"><ele>7</ele></trkpt>
   <trkpt lat="51.067137" lon="4.49568"><ele>7.25</ele></trkpt>
   <trkpt lat="51.063939" lon="4.49571"><ele>6.5</ele></trkpt>
   <trkpt lat="51.063359" lon="4.495702"><ele>6.5</ele></trkpt>
   <trkpt lat="51.062792" lon="4.495676"><ele>6</ele></trkpt>
   <trkpt lat="51.062298" lon="4.495637"><ele>5.75</ele></trkpt>
   <trkpt lat="51.061799" lon="4.495584"><ele>6</ele></trkpt>
   <trkpt lat="51.061371" lon="4.495526"><ele>5.75</ele></trkpt>
   <trkpt lat="51.060511" lon="4.495385"><ele>7.25</ele></trkpt>
   <trkpt lat="51.060295" lon="4.495344"><ele>10.25</ele></trkpt>
   <trkpt lat="51.057324" lon="4.494811"><ele>5.75</ele></trkpt>
   <trkpt lat="51.05721" lon="4.494791"><ele>5</ele></trkpt>
   <trkpt lat="51.055297" lon="4.494446"><ele>8.75</ele></trkpt>
   <trkpt lat="51.045903" lon="4.49277"><ele>13</ele></trkpt>
   <trkpt lat="51.04584" lon="4.492759"><ele>12.75</ele></trkpt>
   <trkpt lat="51.041471" lon="4.491976"><ele>8.5</ele></trkpt>
   <trkpt lat="51.041132" lon="4.491914"><ele>12</ele></trkpt>
   <trkpt lat="51.040373" lon="4.491765"><ele>12</ele></trkpt>
   <trkpt lat="51.039854" lon="4.491643"><ele>12.5</ele></trkpt>
   <trkpt lat="51.038219" lon="4.491221"><ele>12</ele></trkpt>
   <trkpt lat="51.038132" lon="4.4912"><ele>12</ele></trkpt>
   <trkpt lat="51.037814" lon="4.491124"><ele>12.75</ele></trkpt>
   <trkpt lat="51.036921" lon="4.490926"><ele>12.5</ele></trkpt>
   <trkpt lat="51.035053" lon="4.490526"><ele>12.5</ele></trkpt>
   <trkpt lat="51.034606" lon="4.490443"><ele>12.75</ele></trkpt>
   <trkpt lat="51.034047" lon="4.490366"><ele>13.25</ele></trkpt>
   <trkpt lat="51.033564" lon="4.490299"><ele>13</ele></trkpt>
   <trkpt lat="51.033057" lon="4.490254"><ele>13.75</ele></trkpt>
   <trkpt lat="51.032548" lon="4.490224"><ele>14</ele></trkpt>
   <trkpt lat="51.032025" lon="4.490207"><ele>14</ele></trkpt>
   <trkpt lat="51.030458" lon="4.490206"><ele>15</ele></trkpt>
   <trkpt lat="51.030225" lon="4.490207"><ele>15</ele></trkpt>
   <trkpt lat="51.029917" lon="4.490208"><ele>14.75</ele></trkpt>
   <trkpt lat="51.029744" lon="4.490208"><ele>14.75</ele></trkpt>
   <trkpt lat="51.02874" lon="4.490211"><ele>13.75</ele></trkpt>
   <trkpt lat="51.028689" lon="4.490211"><ele>13.5</ele></trkpt>
   <trkpt lat="51.028333" lon="4.490211"><ele>13</ele></trkpt>
   <trkpt lat="51.027494" lon="4.490222"><ele>14.75</ele></trkpt>
   <trkpt lat="51.02694" lon="4.490206"><ele>14.75</ele></trkpt>
   <trkpt lat="51.02669" lon="4.490197"><ele>15.25</ele></trkpt>
   <trkpt lat="51.026126" lon="4.490155"><ele>15.5</ele></trkpt>
   <trkpt lat="51.025559" lon="4.490078"><ele>15.5</ele></trkpt>
   <trkpt lat="51.025068" lon="4.489991"><ele>17.5</ele></trkpt>
   <trkpt lat="51.024817" lon="4.489934"><ele>16.5</ele></trkpt>
   <trkpt lat="51.024574" lon="4.489874"><ele>16</ele></trkpt>
   <trkpt lat="51.024078" lon="4.489728"><ele>18</ele></trkpt>
   <trkpt lat="51.023592" lon="4.489536"><ele>16.5</ele></trkpt>
   <trkpt lat="51.02323" lon="4.489363"><ele>16.75</ele></trkpt>
   <trkpt lat="51.023053" lon="4.489269"><ele>15.75</ele></trkpt>
   <trkpt lat="51.022584" lon="4.489005"><ele>14</ele></trkpt>
   <trkpt lat="51.022024" lon="4.488657"><ele>16</ele></trkpt>
   <trkpt lat="51.021642" lon="4.488391"><ele>17.25</ele></trkpt>
   <trkpt lat="51.021267" lon="4.488103"><ele>18.75</ele></trkpt>
   <trkpt lat="51.020924" lon="4.487805"><ele>18.75</ele></trkpt>
   <trkpt lat="51.020582" lon="4.48747"><ele>19.75</ele></trkpt>
   <trkpt lat="51.020442" lon="4.487326"><ele>17.25</ele></trkpt>
   <trkpt lat="51.020223" lon="4.487079"><ele>17.5</ele></trkpt>
   <trkpt lat="51.019849" lon="4.48664"><ele>18.25</ele></trkpt>
   <trkpt lat="51.019127" lon="4.485783"><ele>18.5</ele></trkpt>
   <trkpt lat="51.019085" lon="4.485733"><ele>18</ele></trkpt>
   <trkpt lat="51.018891" lon="4.485498"><ele>18.5</ele></trkpt>
   <trkpt lat="51.018474" lon="4.484987"><ele>18.75</ele></trkpt>
   <trkpt lat="51.018103" lon="4.484519"><ele>18.5</ele></trkpt>
   <trkpt lat="51.017736" lon="4.484057"><ele>18.25</ele></trkpt>
   <trkpt lat="51.017699" lon="4.484011"><ele>18</ele></trkpt>
   <trkpt lat="51.016868" lon="4.482957"><ele>17.5</ele></trkpt>
   <trkpt lat="51.016823" lon="4.4829"><ele>17.5</ele></trkpt>
   <trkpt lat="51.016575" lon="4.482579"><ele>17.5</ele></trkpt>
   <trkpt lat="51.016222" lon="4.482091"><ele>17</ele></trkpt>
   <trkpt lat="51.015816" lon="4.481486"><ele>14</ele></trkpt>
   <trkpt lat="51.015393" lon="4.480837"><ele>14.25</ele></trkpt>
   <trkpt lat="51.015297" lon="4.480689"><ele>17</ele></trkpt>
   <trkpt lat="51.014935" lon="4.480134"><ele>17.25</ele></trkpt>
   <trkpt lat="51.014645" lon="4.47969"><ele>17.25</ele></trkpt>
   <trkpt lat="51.014294" lon="4.479184"><ele>16.75</ele></trkpt>
   <trkpt lat="51.014111" lon="4.478921"><ele>16.5</ele></trkpt>
   <trkpt lat="51.013561" lon="4.47817"><ele>15.25</ele></trkpt>
   <trkpt lat="51.013375" lon="4.477918"><ele>14.75</ele></trkpt>
   <trkpt lat="51.013284" lon="4.4778"><ele>15.75</ele></trkpt>
   <trkpt lat="51.012995" lon="4.477464"><ele>16</ele></trkpt>
   <trkpt lat="51.012841" lon="4.477288"><ele>15.75</ele></trkpt>
   <trkpt lat="51.012683" lon="4.477131"><ele>15.5</ele></trkpt>
   <trkpt lat="51.012359" lon="4.476842"><ele>15</ele></trkpt>
   <trkpt lat="51.012171" lon="4.476692"><ele>15.25</ele></trkpt>
   <trkpt lat="51.011883" lon="4.476483"><ele>13.75</ele></trkpt>
   <trkpt lat="51.011693" lon="4.476355"><ele>13.25</ele></trkpt>
   <trkpt lat="51.011406" lon="4.476183"><ele>15.75</ele></trkpt>
   <trkpt lat="51.011048" lon="4.475998"><ele>16</ele></trkpt>
   <trkpt lat="51.01061" lon="4.475812"><ele>16.75</ele></trkpt>
   <trkpt lat="51.010389" lon="4.475732"><ele>16.5</ele></trkpt>
   <trkpt lat="51.009967" lon="4.475604"><ele>16.5</ele></trkpt>
   <trkpt lat="51.009571" lon="4.475515"><ele>16.75</ele></trkpt>
   <trkpt lat="51.009251" lon="4.475461"><ele>14.25</ele></trkpt>
   <trkpt lat="51.009171" lon="4.475451"><ele>13.25</ele></trkpt>
   <trkpt lat="51.009075" lon="4.47544"><ele>14.25</ele></trkpt>
   <trkpt lat="51.00886" lon="4.475422"><ele>16.25</ele></trkpt>
   <trkpt lat="51.008427" lon="4.475411"><ele>16.5</ele></trkpt>
   <trkpt lat="51.008205" lon="4.475416"><ele>16.5</ele></trkpt>
   <trkpt lat="51.00776" lon="4.475456"><ele>16.25</ele></trkpt>
   <trkpt lat="51.00725" lon="4.475537"><ele>16.75</ele></trkpt>
   <trkpt lat="51.005913" lon="4.475789"><ele>15.75</ele></trkpt>
   <trkpt lat="51.003702" lon="4.476208"><ele>13.75</ele></trkpt>
   <trkpt lat="51.003323" lon="4.476265"><ele>14.5</ele></trkpt>
   <trkpt lat="51.002874" lon="4.476316"><ele>14</ele></trkpt>
   <trkpt lat="51.002374" lon="4.476352"><ele>14.5</ele></trkpt>
   <trkpt lat="51.001961" lon="4.476366"><ele>13.75</ele></trkpt>
   <trkpt lat="51.001276" lon="4.476354"><ele>14.25</ele></trkpt>
   <trkpt lat="51.000618" lon="4.476305"><ele>15.25</ele></trkpt>
   <trkpt lat="50.99999" lon="4.476244"><ele>15.75</ele></trkpt>
   <trkpt lat="50.999902" lon="4.476234"><ele>15</ele></trkpt>
   <trkpt lat="50.998112" lon="4.47605"><ele>12.75</ele></trkpt>
   <trkpt lat="50.99765" lon="4.476003"><ele>12.25</ele></trkpt>
   <trkpt lat="50.995893" lon="4.475823"><ele>10.25</ele></trkpt>
   <trkpt lat="50.995724" lon="4.475806"><ele>11.25</ele></trkpt>
   <trkpt lat="50.991227" lon="4.475348"><ele>13.25</ele></trkpt>
   <trkpt lat="50.990971" lon="4.475324"><ele>14.25</ele></trkpt>
   <trkpt lat="50.990012" lon="4.475219"><ele>16.5</ele></trkpt>
   <trkpt lat="50.989445" lon="4.475131"><ele>16</ele></trkpt>
   <trkpt lat="50.989176" lon="4.475078"><ele>15.75</ele></trkpt>
   <trkpt lat="50.988527" lon="4.474924"><ele>15.25</ele></trkpt>
   <trkpt lat="50.988262" lon="4.474848"><ele>15.25</ele></trkpt>
   <trkpt lat="50.988171" lon="4.474823"><ele>13</ele></trkpt>
   <trkpt lat="50.987747" lon="4.474691"><ele>16.5</ele></trkpt>
   <trkpt lat="50.984205" lon="4.473573"><ele>16.75</ele></trkpt>
   <trkpt lat="50.983606" lon="4.473383"><ele>17</ele></trkpt>
   <trkpt lat="50.983389" lon="4.473315"><ele>17.25</ele></trkpt>
   <trkpt lat="50.982181" lon="4.472928"><ele>15.25</ele></trkpt>
   <trkpt lat="50.981751" lon="4.472778"><ele>17</ele></trkpt>
   <trkpt lat="50.981261" lon="4.472591"><ele>15.25</ele></trkpt>
   <trkpt lat="50.980711" lon="4.472365"><ele>14.75</ele></trkpt>
   <trkpt lat="50.979946" lon="4.472013"><ele>14.5</ele></trkpt>
   <trkpt lat="50.979734" lon="4.471915"><ele>14.5</ele></trkpt>
   <trkpt lat="50.97915" lon="4.471616"><ele>16.5</ele></trkpt>
   <trkpt lat="50.978614" lon="4.471323"><ele>16.75</ele></trkpt>
   <trkpt lat="50.977452" lon="4.470664"><ele>16.5</ele></trkpt>
   <trkpt lat="50.974267" lon="4.468857"><ele>13</ele></trkpt>
   <trkpt lat="50.974168" lon="4.468801"><ele>11.5</ele></trkpt>
   <trkpt lat="50.973526" lon="4.468435"><ele>15</ele></trkpt>
   <trkpt lat="50.97253" lon="4.467835"><ele>15.5</ele></trkpt>
   <trkpt lat="50.972062" lon="4.467538"><ele>14.75</ele></trkpt>
   <trkpt lat="50.971244" lon="4.466997"><ele>14.5</ele></trkpt>
   <trkpt lat="50.97116" lon="4.466937"><ele>15.25</ele></trkpt>
   <trkpt lat="50.970269" lon="4.466309"><ele>14.5</ele></trkpt>
   <trkpt lat="50.969835" lon="4.465988"><ele>13.75</ele></trkpt>
   <trkpt lat="50.967894" lon="4.46453"><ele>13.75</ele></trkpt>
   <trkpt lat="50.966911" lon="4.463791"><ele>13.75</ele></trkpt>
   <trkpt lat="50.966754" lon="4.463673"><ele>14</ele></trkpt>
   <trkpt lat="50.965793" lon="4.462951"><ele>13.5</ele></trkpt>
   <trkpt lat="50.965555" lon="4.46277"><ele>13.75</ele></trkpt>
   <trkpt lat="50.962119" lon="4.460189"><ele>13.75</ele></trkpt>
   <trkpt lat="50.960011" lon="4.458605"><ele>15.5</ele></trkpt>
   <trkpt lat="50.95977" lon="4.458424"><ele>10.75</ele></trkpt>
   <trkpt lat="50.959647" lon="4.458332"><ele>11.5</ele></trkpt>
   <trkpt lat="50.958645" lon="4.457578"><ele>15</ele></trkpt>
   <trkpt lat="50.956956" lon="4.456307"><ele>15</ele></trkpt>
   <trkpt lat="50.953918" lon="4.454021"><ele>14.5</ele></trkpt>
   <trkpt lat="50.949724" lon="4.450869"><ele>13.25</ele></trkpt>
   <trkpt lat="50.949596" lon="4.45077"><ele>14.25</ele></trkpt>
   <trkpt lat="50.945693" lon="4.447838"><ele>16</ele></trkpt>
   <trkpt lat="50.944739" lon="4.447121"><ele>17.25</ele></trkpt>
   <trkpt lat="50.944331" lon="4.446814"><ele>16.75</ele></trkpt>
   <trkpt lat="50.943976" lon="4.446547"><ele>14.25</ele></trkpt>
   <trkpt lat="50.943703" lon="4.446342"><ele>14.5</ele></trkpt>
   <trkpt lat="50.939521" lon="4.4432"><ele>18.75</ele></trkpt>
   <trkpt lat="50.937552" lon="4.441721"><ele>17</ele></trkpt>
   <trkpt lat="50.937365" lon="4.441579"><ele>17.75</ele></trkpt>
   <trkpt lat="50.933023" lon="4.438319"><ele>20.75</ele></trkpt>
   <trkpt lat="50.932054" lon="4.437613"><ele>20.25</ele></trkpt>
   <trkpt lat="50.931729" lon="4.437382"><ele>20.5</ele></trkpt>
   <trkpt lat="50.93165" lon="4.437326"><ele>20</ele></trkpt>
   <trkpt lat="50.93085" lon="4.436768"><ele>20.5</ele></trkpt>
   <trkpt lat="50.930415" lon="4.436526"><ele>20.5</ele></trkpt>
   <trkpt lat="50.929615" lon="4.435986"><ele>21</ele></trkpt>
   <trkpt lat="50.929012" lon="4.435669"><ele>20.5</ele></trkpt>
   <trkpt lat="50.928006" lon="4.435026"><ele>17.75</ele></trkpt>
   <trkpt lat="50.927876" lon="4.434946"><ele>17.25</ele></trkpt>
   <trkpt lat="50.927331" lon="4.434628"><ele>16.5</ele></trkpt>
   <trkpt lat="50.926884" lon="4.43439"><ele>16</ele></trkpt>
   <trkpt lat="50.926383" lon="4.434152"><ele>16</ele></trkpt>
   <trkpt lat="50.926209" lon="4.434072"><ele>17.75</ele></trkpt>
   <trkpt lat="50.925818" lon="4.433889"><ele>20.75</ele></trkpt>
   <trkpt lat="50.925459" lon="4.433711"><ele>21</ele></trkpt>
   <trkpt lat="50.924902" lon="4.43341"><ele>21.25</ele></trkpt>
   <trkpt lat="50.924519" lon="4.433179"><ele>20.75</ele></trkpt>
   <trkpt lat="50.924218" lon="4.432984"><ele>20.75</ele></trkpt>
   <trkpt lat="50.92379" lon="4.432676"><ele>20.75</ele></trkpt>
   <trkpt lat="50.923489" lon="4.432444"><ele>20.5</ele></trkpt>
   <trkpt lat="50.923151" lon="4.432163"><ele>20.25</ele></trkpt>
   <trkpt lat="50.922817" lon="4.431863"><ele>20.5</ele></trkpt>
   <trkpt lat="50.922412" lon="4.431485"><ele>20</ele></trkpt>
   <trkpt lat="50.921926" lon="4.431013"><ele>20</ele></trkpt>
   <trkpt lat="50.921218" lon="4.430296"><ele>19.5</ele></trkpt>
   <trkpt lat="50.919688" lon="4.428733"><ele>19</ele></trkpt>
   <trkpt lat="50.919614" lon="4.428654"><ele>19.25</ele></trkpt>
   <trkpt lat="50.918442" lon="4.427464"><ele>19</ele></trkpt>
   <trkpt lat="50.918169" lon="4.427196"><ele>15.75</ele></trkpt>
   <trkpt lat="50.91797" lon="4.427005"><ele>17.25</ele></trkpt>
   <trkpt lat="50.91754" lon="4.426605"><ele>19.25</ele></trkpt>
   <trkpt lat="50.916565" lon="4.42574"><ele>18.5</ele></trkpt>
   <trkpt lat="50.915911" lon="4.425163"><ele>18.5</ele></trkpt>
   <trkpt lat="50.914451" lon="4.42388"><ele>16.75</ele></trkpt>
   <trkpt lat="50.914315" lon="4.42376"><ele>16.25</ele></trkpt>
   <trkpt lat="50.913392" lon="4.422944"><ele>19</ele></trkpt>
   <trkpt lat="50.913358" lon="4.422914"><ele>19.25</ele></trkpt>
   <trkpt lat="50.912769" lon="4.422404"><ele>20.5</ele></trkpt>
   <trkpt lat="50.91259" lon="4.422265"><ele>20</ele></trkpt>
   <trkpt lat="50.912444" lon="4.422158"><ele>20.25</ele></trkpt>
   <trkpt lat="50.912082" lon="4.421923"><ele>21.25</ele></trkpt>
   <trkpt lat="50.911688" lon="4.421705"><ele>21.75</ele></trkpt>
   <trkpt lat="50.911541" lon="4.421636"><ele>20.5</ele></trkpt>
   <trkpt lat="50.911399" lon="4.421573"><ele>18</ele></trkpt>
   <trkpt lat="50.911029" lon="4.421431"><ele>21</ele></trkpt>
   <trkpt lat="50.910815" lon="4.421366"><ele>20.5</ele></trkpt>
   <trkpt lat="50.910602" lon="4.421309"><ele>19.75</ele></trkpt>
   <trkpt lat="50.910134" lon="4.421222"><ele>21</ele></trkpt>
   <trkpt lat="50.909928" lon="4.421199"><ele>21.5</ele></trkpt>
   <trkpt lat="50.909503" lon="4.421179"><ele>21.25</ele></trkpt>
   <trkpt lat="50.908603" lon="4.421184"><ele>21.75</ele></trkpt>
   <trkpt lat="50.907901" lon="4.421189"><ele>22</ele></trkpt>
   <trkpt lat="50.907036" lon="4.421199"><ele>22</ele></trkpt>
   <trkpt lat="50.906796" lon="4.421194"><ele>21.5</ele></trkpt>
   <trkpt lat="50.90642" lon="4.421157"><ele>21.5</ele></trkpt>
   <trkpt lat="50.906218" lon="4.421116"><ele>21.75</ele></trkpt>
   <trkpt lat="50.905851" lon="4.421006"><ele>20</ele></trkpt>
   <trkpt lat="50.905661" lon="4.420927"><ele>19.5</ele></trkpt>
   <trkpt lat="50.905485" lon="4.420842"><ele>20.75</ele></trkpt>
   <trkpt lat="50.905324" lon="4.420755"><ele>19.5</ele></trkpt>
   <trkpt lat="50.90513" lon="4.420633"><ele>18.75</ele></trkpt>
   <trkpt lat="50.904917" lon="4.42048"><ele>19</ele></trkpt>
   <trkpt lat="50.904763" lon="4.420356"><ele>16.25</ele></trkpt>
   <trkpt lat="50.90463" lon="4.42024"><ele>16.5</ele></trkpt>
   <trkpt lat="50.904467" lon="4.420086"><ele>19</ele></trkpt>
   <trkpt lat="50.904311" lon="4.419918"><ele>18.5</ele></trkpt>
   <trkpt lat="50.90415" lon="4.419733"><ele>20.5</ele></trkpt>
   <trkpt lat="50.903957" lon="4.419484"><ele>19.25</ele></trkpt>
   <trkpt lat="50.903705" lon="4.419116"><ele>18.25</ele></trkpt>
   <trkpt lat="50.903554" lon="4.418867"><ele>18.5</ele></trkpt>
   <trkpt lat="50.903443" lon="4.418668"><ele>17.75</ele></trkpt>
   <trkpt lat="50.903355" lon="4.41851"><ele>19.5</ele></trkpt>
   <trkpt lat="50.903125" lon="4.418092"><ele>19</ele></trkpt>
   <trkpt lat="50.903012" lon="4.417822"><ele>19.25</ele></trkpt>
   <trkpt lat="50.902913" lon="4.41755"><ele>18.75</ele></trkpt>
   <trkpt lat="50.902746" lon="4.417007"><ele>20.75</ele></trkpt>
   <trkpt lat="50.902658" lon="4.416674"><ele>17.5</ele></trkpt>
   <trkpt lat="50.902504" lon="4.415976"><ele>20.75</ele></trkpt>
   <trkpt lat="50.902327" lon="4.41512"><ele>18.5</ele></trkpt>
   <trkpt lat="50.902183" lon="4.414434"><ele>20.25</ele></trkpt>
   <trkpt lat="50.902054" lon="4.413862"><ele>22.75</ele></trkpt>
   <trkpt lat="50.901831" lon="4.412991"><ele>21.25</ele></trkpt>
   <trkpt lat="50.901685" lon="4.412441"><ele>22</ele></trkpt>
   <trkpt lat="50.901513" lon="4.411803"><ele>18.5</ele></trkpt>
   <trkpt lat="50.901482" lon="4.41171"><ele>18.5</ele></trkpt>
   <trkpt lat="50.901393" lon="4.411451"><ele>19</ele></trkpt>
   <trkpt lat="50.901308" lon="4.411241"><ele>19.25</ele></trkpt>
   <trkpt lat="50.901147" lon="4.410895"><ele>19.5</ele></trkpt>
   <trkpt lat="50.900992" lon="4.410614"><ele>18.25</ele></trkpt>
   <trkpt lat="50.900809" lon="4.410337"><ele>18.75</ele></trkpt>
   <trkpt lat="50.900641" lon="4.41012"><ele>19</ele></trkpt>
   <trkpt lat="50.900489" lon="4.409944"><ele>18.25</ele></trkpt>
   <trkpt lat="50.900181" lon="4.409597"><ele>18</ele></trkpt>
   <trkpt lat="50.899925" lon="4.409309"><ele>17.75</ele></trkpt>
   <trkpt lat="50.899831" lon="4.40921"><ele>18</ele></trkpt>
   <trkpt lat="50.899501" lon="4.408918"><ele>17.75</ele></trkpt>
   <trkpt lat="50.899387" lon="4.408833"><ele>17.75</ele></trkpt>
   <trkpt lat="50.899176" lon="4.408701"><ele>17.25</ele></trkpt>
   <trkpt lat="50.898958" lon="4.408603"><ele>17.75</ele></trkpt>
   <trkpt lat="50.898833" lon="4.408565"><ele>17.75</ele></trkpt>
   <trkpt lat="50.898708" lon="4.408536"><ele>17.5</ele></trkpt>
   <trkpt lat="50.898427" lon="4.408501"><ele>17.5</ele></trkpt>
   <trkpt lat="50.898141" lon="4.408448"><ele>17.75</ele></trkpt>
   <trkpt lat="50.897936" lon="4.408388"><ele>18.25</ele></trkpt>
   <trkpt lat="50.897602" lon="4.408276"><ele>18</ele></trkpt>
   <trkpt lat="50.897133" lon="4.408123"><ele>19.25</ele></trkpt>
   <trkpt lat="50.897036" lon="4.408092"><ele>20</ele></trkpt>
   <trkpt lat="50.896635" lon="4.407956"><ele>25.25</ele></trkpt>
   <trkpt lat="50.896379" lon="4.407874"><ele>24.75</ele></trkpt>
   <trkpt lat="50.896028" lon="4.407758"><ele>28.75</ele></trkpt>
   <trkpt lat="50.895892" lon="4.407724"><ele>28.75</ele></trkpt>
   <trkpt lat="50.89544" lon="4.407653"><ele>31.25</ele></trkpt>
   <trkpt lat="50.895218" lon="4.407581"><ele>32.25</ele></trkpt>
   <trkpt lat="50.891597" lon="4.405927"><ele>23.75</ele></trkpt>
   <trkpt lat="50.891391" lon="4.405797"><ele>20.25</ele></trkpt>
   <trkpt lat="50.891296" lon="4.405722"><ele>20.5</ele></trkpt>
   <trkpt lat="50.890516" lon="4.405071"><ele>19.75</ele></trkpt>
   <trkpt lat="50.890268" lon="4.404863"><ele>20.25</ele></trkpt>
   <trkpt lat="50.890051" lon="4.404666"><ele>17.75</ele></trkpt>
   <trkpt lat="50.889769" lon="4.404346"><ele>19</ele></trkpt>
   <trkpt lat="50.889675" lon="4.404252"><ele>19.5</ele></trkpt>
   <trkpt lat="50.889446" lon="4.404053"><ele>19</ele></trkpt>
   <trkpt lat="50.889187" lon="4.403882"><ele>20</ele></trkpt>
   <trkpt lat="50.889042" lon="4.403805"><ele>19</ele></trkpt>
   <trkpt lat="50.888754" lon="4.4037"><ele>17.5</ele></trkpt>
   <trkpt lat="50.888582" lon="4.403662"><ele>16.75</ele></trkpt>
   <trkpt lat="50.888169" lon="4.403591"><ele>17</ele></trkpt>
   <trkpt lat="50.887943" lon="4.403551"><ele>17</ele></trkpt>
   <trkpt lat="50.887717" lon="4.403509"><ele>17.5</ele></trkpt>
   <trkpt lat="50.887579" lon="4.403468"><ele>17.75</ele></trkpt>
   <trkpt lat="50.887068" lon="4.403275"><ele>18</ele></trkpt>
   <trkpt lat="50.886939" lon="4.403216"><ele>18</ele></trkpt>
   <trkpt lat="50.886713" lon="4.403084"><ele>18</ele></trkpt>
   <trkpt lat="50.886459" lon="4.402901"><ele>18</ele></trkpt>
   <trkpt lat="50.886332" lon="4.402793"><ele>18</ele></trkpt>
   <trkpt lat="50.886217" lon="4.402682"><ele>18</ele></trkpt>
   <trkpt lat="50.886035" lon="4.402486"><ele>18</ele></trkpt>
   <trkpt lat="50.885895" lon="4.402315"><ele>17.75</ele></trkpt>
   <trkpt lat="50.885778" lon="4.402154"><ele>18</ele></trkpt>
   <trkpt lat="50.885679" lon="4.402007"><ele>18</ele></trkpt>
   <trkpt lat="50.885552" lon="4.401797"><ele>18</ele></trkpt>
   <trkpt lat="50.885356" lon="4.40142"><ele>17.75</ele></trkpt>
   <trkpt lat="50.885234" lon="4.401138"><ele>18</ele></trkpt>
   <trkpt lat="50.885154" lon="4.400929"><ele>18</ele></trkpt>
   <trkpt lat="50.88507" lon="4.400684"><ele>18</ele></trkpt>
   <trkpt lat="50.884959" lon="4.4003"><ele>18</ele></trkpt>
   <trkpt lat="50.884691" lon="4.39919"><ele>18</ele></trkpt>
   <trkpt lat="50.884657" lon="4.399046"><ele>18</ele></trkpt>
   <trkpt lat="50.884465" lon="4.398238"><ele>18</ele></trkpt>
   <trkpt lat="50.884452" lon="4.398182"><ele>18</ele></trkpt>
   <trkpt lat="50.884311" lon="4.397622"><ele>18</ele></trkpt>
   <trkpt lat="50.884122" lon="4.39699"><ele>18</ele></trkpt>
   <trkpt lat="50.88404" lon="4.396689"><ele>18</ele></trkpt>
   <trkpt lat="50.883986" lon="4.396472"><ele>17.5</ele></trkpt>
   <trkpt lat="50.883878" lon="4.395957"><ele>18</ele></trkpt>
   <trkpt lat="50.883751" lon="4.395348"><ele>17.75</ele></trkpt>
   <trkpt lat="50.883724" lon="4.395215"><ele>18</ele></trkpt>
   <trkpt lat="50.883442" lon="4.393854"><ele>17.25</ele></trkpt>
   <trkpt lat="50.883208" lon="4.392717"><ele>17.5</ele></trkpt>
   <trkpt lat="50.883082" lon="4.392195"><ele>17.25</ele></trkpt>
   <trkpt lat="50.88287" lon="4.391411"><ele>17.25</ele></trkpt>
   <trkpt lat="50.882518" lon="4.390109"><ele>18</ele></trkpt>
   <trkpt lat="50.882506" lon="4.390061"><ele>18</ele></trkpt>
   <trkpt lat="50.882078" lon="4.388477"><ele>18</ele></trkpt>
   <trkpt lat="50.881839" lon="4.387588"><ele>18</ele></trkpt>
   <trkpt lat="50.881798" lon="4.387439"><ele>18</ele></trkpt>
   <trkpt lat="50.881738" lon="4.387243"><ele>18</ele></trkpt>
   <trkpt lat="50.881625" lon="4.386933"><ele>18</ele></trkpt>
   <trkpt lat="50.88149" lon="4.386569"><ele>18</ele></trkpt>
   <trkpt lat="50.881392" lon="4.386303"><ele>18</ele></trkpt>
   <trkpt lat="50.881319" lon="4.386076"><ele>18</ele></trkpt>
   <trkpt lat="50.881279" lon="4.385926"><ele>18</ele></trkpt>
   <trkpt lat="50.88107" lon="4.385288"><ele>18</ele></trkpt>
   <trkpt lat="50.88103" lon="4.38514"><ele>18</ele></trkpt>
   <trkpt lat="50.880914" lon="4.384792"><ele>18</ele></trkpt>
   <trkpt lat="50.8807" lon="4.384282"><ele>17.75</ele></trkpt>
   <trkpt lat="50.880598" lon="4.383978"><ele>17.25</ele></trkpt>
   <trkpt lat="50.880574" lon="4.383897"><ele>17</ele></trkpt>
   <trkpt lat="50.880508" lon="4.383688"><ele>17.5</ele></trkpt>
   <trkpt lat="50.880389" lon="4.383372"><ele>17</ele></trkpt>
   <trkpt lat="50.880239" lon="4.383001"><ele>17.75</ele></trkpt>
   <trkpt lat="50.879973" lon="4.382438"><ele>17.75</ele></trkpt>
   <trkpt lat="50.879816" lon="4.382108"><ele>17.5</ele></trkpt>
   <trkpt lat="50.879526" lon="4.381323"><ele>18</ele></trkpt>
   <trkpt lat="50.879403" lon="4.381013"><ele>17.75</ele></trkpt>
   <trkpt lat="50.879185" lon="4.380513"><ele>18</ele></trkpt>
   <trkpt lat="50.878885" lon="4.379906"><ele>18.75</ele></trkpt>
   <trkpt lat="50.877891" lon="4.37811"><ele>18.25</ele></trkpt>
   <trkpt lat="50.877292" lon="4.377038"><ele>18</ele></trkpt>
   <trkpt lat="50.876116" lon="4.374974"><ele>17</ele></trkpt>
   <trkpt lat="50.875611" lon="4.37412"><ele>17.5</ele></trkpt>
   <trkpt lat="50.874927" lon="4.373064"><ele>17.5</ele></trkpt>
   <trkpt lat="50.874814" lon="4.372895"><ele>17.5</ele></trkpt>
   <trkpt lat="50.87334" lon="4.370671"><ele>20.5</ele></trkpt>
   <trkpt lat="50.872965" lon="4.370103"><ele>20.5</ele></trkpt>
   <trkpt lat="50.871686" lon="4.368169"><ele>22</ele></trkpt>
   <trkpt lat="50.871366" lon="4.367698"><ele>21.75</ele></trkpt>
   <trkpt lat="50.871131" lon="4.367381"><ele>21.25</ele></trkpt>
   <trkpt lat="50.870884" lon="4.367078"><ele>20.5</ele></trkpt>
   <trkpt lat="50.870631" lon="4.366797"><ele>20</ele></trkpt>
   <trkpt lat="50.870492" lon="4.366653"><ele>20.75</ele></trkpt>
   <trkpt lat="50.870223" lon="4.366407"><ele>20.75</ele></trkpt>
   <trkpt lat="50.870082" lon="4.366291"><ele>19.5</ele></trkpt>
   <trkpt lat="50.869836" lon="4.366108"><ele>20.75</ele></trkpt>
   <trkpt lat="50.869585" lon="4.365948"><ele>19.75</ele></trkpt>
   <trkpt lat="50.869395" lon="4.36584"><ele>19.75</ele></trkpt>
   <trkpt lat="50.869215" lon="4.365754"><ele>20.5</ele></trkpt>
   <trkpt lat="50.868583" lon="4.365489"><ele>19</ele></trkpt>
   <trkpt lat="50.867169" lon="4.364934"><ele>21</ele></trkpt>
   <trkpt lat="50.86694" lon="4.364858"><ele>21</ele></trkpt>
   <trkpt lat="50.866574" lon="4.364762"><ele>22</ele></trkpt>
   <trkpt lat="50.865573" lon="4.364535"><ele>22.25</ele></trkpt>
   <trkpt lat="50.86538" lon="4.364482"><ele>23.25</ele></trkpt>
   <trkpt lat="50.865222" lon="4.364439"><ele>23.5</ele></trkpt>
   <trkpt lat="50.864783" lon="4.364277"><ele>22.25</ele></trkpt>
   <trkpt lat="50.86476" lon="4.364268"><ele>22.25</ele></trkpt>
   <trkpt lat="50.86461" lon="4.364207"><ele>22.75</ele></trkpt>
   <trkpt lat="50.862446" lon="4.363229"><ele>21.75</ele></trkpt>
   <trkpt lat="50.862013" lon="4.363033"><ele>22.75</ele></trkpt>
   <trkpt lat="50.86189" lon="4.362978"><ele>22.5</ele></trkpt>
   <trkpt lat="50.860392" lon="4.362291"><ele>23.25</ele></trkpt>
   <trkpt lat="50.859948" lon="4.362098"><ele>22.25</ele></trkpt>
   <trkpt lat="50.85968" lon="4.361976"><ele>23.5</ele></trkpt>
   <trkpt lat="50.859453" lon="4.361873"><ele>22.25</ele></trkpt>
   <trkpt lat="50.85932" lon="4.361812"><ele>22.5</ele></trkpt>
   <trkpt lat="50.859256" lon="4.361783"><ele>22.75</ele></trkpt>
   <trkpt lat="50.859" lon="4.361657"><ele>25</ele></trkpt>
   <trkpt lat="50.85876" lon="4.361529"><ele>23.5</ele></trkpt>
   <trkpt lat="50.858507" lon="4.36141"><ele>22.75</ele></trkpt>
   <trkpt lat="50.858389" lon="4.361346"><ele>21.5</ele></trkpt>
   <trkpt lat="50.858284" lon="4.361277"><ele>22</ele></trkpt>
   <trkpt lat="50.858057" lon="4.361143"><ele>24.25</ele></trkpt>
   <trkpt lat="50.857948" lon="4.361092"><ele>25.25</ele></trkpt>
   <trkpt lat="50.857784" lon="4.361037"><ele>25.5</ele></trkpt>
   <trkpt lat="50.857642" lon="4.361003"><ele>24</ele></trkpt>
   <trkpt lat="50.857454" lon="4.360983"><ele>24.25</ele></trkpt>
   <trkpt lat="50.857312" lon="4.360991"><ele>24.5</ele></trkpt>
   <trkpt lat="50.857154" lon="4.361023"><ele>24.75</ele></trkpt>
   <trkpt lat="50.856946" lon="4.361106"><ele>24.75</ele></trkpt>
   <trkpt lat="50.856708" lon="4.361236"><ele>24.5</ele></trkpt>
   <trkpt lat="50.856459" lon="4.361369"><ele>24.5</ele></trkpt>
   <trkpt lat="50.856245" lon="4.361506"><ele>24.5</ele></trkpt>
   <trkpt lat="50.856222" lon="4.361525"><ele>24.75</ele></trkpt>
   <trkpt lat="50.856069" lon="4.361646"><ele>24.75</ele></trkpt>
   <trkpt lat="50.855846" lon="4.361824"><ele>25</ele></trkpt>
   <trkpt lat="50.855575" lon="4.362041"><ele>25</ele></trkpt>
   <trkpt lat="50.855564" lon="4.36205"><ele>25</ele></trkpt>
   <trkpt lat="50.855292" lon="4.362268"><ele>25</ele></trkpt>
   <trkpt lat="50.855138" lon="4.362415"><ele>25</ele></trkpt>
   <trkpt lat="50.855033" lon="4.362523"><ele>25</ele></trkpt>
   <trkpt lat="50.854897" lon="4.362662"><ele>25</ele></trkpt>
   <trkpt lat="50.854747" lon="4.3628"><ele>25</ele></trkpt>
   <trkpt lat="50.854653" lon="4.362874"><ele>25</ele></trkpt>
   <trkpt lat="50.854496" lon="4.362982"><ele>25</ele></trkpt>
   <trkpt lat="50.854302" lon="4.363086"><ele>25</ele></trkpt>
   <trkpt lat="50.854162" lon="4.363143"><ele>25</ele></trkpt>
   <trkpt lat="50.854032" lon="4.363178"><ele>25</ele></trkpt>
   <trkpt lat="50.853853" lon="4.363212"><ele>25</ele></trkpt>
   <trkpt lat="50.853682" lon="4.363217"><ele>25</ele></trkpt>
   <trkpt lat="50.853509" lon="4.363203"><ele>25.25</ele></trkpt>
   <trkpt lat="50.853332" lon="4.363163"><ele>25.25</ele></trkpt>
   <trkpt lat="50.853143" lon="4.363097"><ele>25.25</ele></trkpt>
   <trkpt lat="50.853049" lon="4.363053"><ele>25.25</ele></trkpt>
   <trkpt lat="50.852867" lon="4.362946"><ele>25.25</ele></trkpt>
   <trkpt lat="50.852736" lon="4.362857"><ele>25.25</ele></trkpt>
   <trkpt lat="50.851153" lon="4.361652"><ele>25.5</ele></trkpt>
   <trkpt lat="50.850787" lon="4.36136"><ele>25.5</ele></trkpt>
   <trkpt lat="50.850499" lon="4.361123"><ele>25.5</ele></trkpt>
   <trkpt lat="50.850324" lon="4.360963"><ele>25.5</ele></trkpt>
   <trkpt lat="50.850172" lon="4.360806"><ele>25.5</ele></trkpt>
   <trkpt lat="50.850015" lon="4.360625"><ele>25.5</ele></trkpt>
   <trkpt lat="50.849876" lon="4.360449"><ele>25.5</ele></trkpt>
   <trkpt lat="50.849615" lon="4.360068"><ele>25.5</ele></trkpt>
   <trkpt lat="50.849076" lon="4.359152"><ele>25.75</ele></trkpt>
   <trkpt lat="50.848863" lon="4.358821"><ele>25.75</ele></trkpt>
   <trkpt lat="50.84871" lon="4.358613"><ele>25.75</ele></trkpt>
   <trkpt lat="50.848552" lon="4.358431"><ele>25.75</ele></trkpt>
   <trkpt lat="50.848395" lon="4.358274"><ele>25.75</ele></trkpt>
   <trkpt lat="50.848265" lon="4.358161"><ele>25.75</ele></trkpt>
   <trkpt lat="50.848062" lon="4.358009"><ele>25.75</ele></trkpt>
   <trkpt lat="50.847891" lon="4.357905"><ele>25.75</ele></trkpt>
   <trkpt lat="50.847635" lon="4.357785"><ele>25.75</ele></trkpt>
   <trkpt lat="50.847358" lon="4.357688"><ele>25.75</ele></trkpt>
   <trkpt lat="50.846756" lon="4.35751"><ele>26</ele></trkpt>
   <trkpt lat="50.846558" lon="4.357447"><ele>26</ele></trkpt>
   <trkpt lat="50.846336" lon="4.357362"><ele>26</ele></trkpt>
   <trkpt lat="50.846112" lon="4.357257"><ele>26</ele></trkpt>
   <trkpt lat="50.845946" lon="4.357166"><ele>26</ele></trkpt>
   <trkpt lat="50.845782" lon="4.357059"><ele>26</ele></trkpt>
   <trkpt lat="50.845581" lon="4.356907"><ele>26</ele></trkpt>
   <trkpt lat="50.84529" lon="4.35665"><ele>26</ele></trkpt>
   <trkpt lat="50.845248" lon="4.356609"><ele>26</ele></trkpt>
   <trkpt lat="50.845116" lon="4.356472"><ele>26</ele></trkpt>
   <trkpt lat="50.844885" lon="4.356214"><ele>26</ele></trkpt>
   <trkpt lat="50.844779" lon="4.356075"><ele>26.25</ele></trkpt>
   <trkpt lat="50.844661" lon="4.355916"><ele>26.25</ele></trkpt>
   <trkpt lat="50.844409" lon="4.355543"><ele>26.25</ele></trkpt>
   <trkpt lat="50.844277" lon="4.355325"><ele>26.25</ele></trkpt>
   <trkpt lat="50.844129" lon="4.355053"><ele>26.25</ele></trkpt>
   <trkpt lat="50.844083" lon="4.354967"><ele>26.25</ele></trkpt>
   <trkpt lat="50.843886" lon="4.354573"><ele>26.25</ele></trkpt>
   <trkpt lat="50.843721" lon="4.35422"><ele>26.25</ele></trkpt>
   <trkpt lat="50.842729" lon="4.352095"><ele>26.5</ele></trkpt>
   <trkpt lat="50.841908" lon="4.350336"><ele>26.5</ele></trkpt>
   <trkpt lat="50.841726" lon="4.349907"><ele>26.75</ele></trkpt>
   <trkpt lat="50.841676" lon="4.349771"><ele>26.75</ele></trkpt>
   <trkpt lat="50.841572" lon="4.349425"><ele>25.75</ele></trkpt>
   <trkpt lat="50.841517" lon="4.349193"><ele>25.5</ele></trkpt>
   <trkpt lat="50.841374" lon="4.348514"><ele>22.5</ele></trkpt>
   <trkpt lat="50.841148" lon="4.347505"><ele>22.75</ele></trkpt>
   <trkpt lat="50.84107" lon="4.347174"><ele>22.75</ele></trkpt>
   <trkpt lat="50.840954" lon="4.346596"><ele>23</ele></trkpt>
   <trkpt lat="50.840881" lon="4.346156"><ele>23.25</ele></trkpt>
   <trkpt lat="50.840799" lon="4.345674"><ele>23.5</ele></trkpt>
   <trkpt lat="50.840722" lon="4.345283"><ele>23.5</ele></trkpt>
   <trkpt lat="50.840615" lon="4.3449"><ele>23.75</ele></trkpt>
   <trkpt lat="50.840524" lon="4.344636"><ele>23.75</ele></trkpt>
   <trkpt lat="50.840423" lon="4.344386"><ele>24</ele></trkpt>
   <trkpt lat="50.840365" lon="4.344261"><ele>24</ele></trkpt>
   <trkpt lat="50.839974" lon="4.343467"><ele>24.25</ele></trkpt>
   <trkpt lat="50.83973" lon="4.34308"><ele>24.5</ele></trkpt>
   <trkpt lat="50.839541" lon="4.342697"><ele>24.75</ele></trkpt>
   <trkpt lat="50.839364" lon="4.342228"><ele>24.75</ele></trkpt>
   <trkpt lat="50.839017" lon="4.341523"><ele>25.25</ele></trkpt>
   <trkpt lat="50.838889" lon="4.341264"><ele>25.25</ele></trkpt>
   <trkpt lat="50.83854" lon="4.340555"><ele>25.5</ele></trkpt>
   <trkpt lat="50.838499" lon="4.340472"><ele>25.5</ele></trkpt>
   <trkpt lat="50.838298" lon="4.340101"><ele>25.75</ele></trkpt>
   <trkpt lat="50.838131" lon="4.339836"><ele>26</ele></trkpt>
   <trkpt lat="50.837859" lon="4.339393"><ele>26</ele></trkpt>
   <trkpt lat="50.837661" lon="4.339048"><ele>26.25</ele></trkpt>
   <trkpt lat="50.837254" lon="4.338345"><ele>26.5</ele></trkpt>
   <trkpt lat="50.836913" lon="4.337758"><ele>27</ele></trkpt>
   <trkpt lat="50.836912" lon="4.337755"><ele>27</ele></trkpt>
   <trkpt lat="50.83674" lon="4.337459"><ele>27</ele></trkpt>
   <trkpt lat="50.836737" lon="4.337453"><ele>27</ele></trkpt>
   <trkpt lat="50.836616" lon="4.337245"><ele>27.25</ele></trkpt>
   <trkpt lat="50.836569" lon="4.337166"><ele>27.25</ele></trkpt>
   <trkpt lat="50.83637" lon="4.336853"><ele>27.75</ele></trkpt>
   <trkpt lat="50.836193" lon="4.336619"><ele>27.25</ele></trkpt>
   <trkpt lat="50.836002" lon="4.336374"><ele>27</ele></trkpt>
   <trkpt lat="50.835644" lon="4.33592"><ele>27</ele></trkpt>
   <trkpt lat="50.835631" lon="4.335904"><ele>27</ele></trkpt>
   <trkpt lat="50.835451" lon="4.335679"><ele>27</ele></trkpt>
   <trkpt lat="50.83544" lon="4.335665"><ele>27</ele></trkpt>
   <trkpt lat="50.835262" lon="4.335453"><ele>27</ele></trkpt>
   <trkpt lat="50.835035" lon="4.335177"><ele>27.25</ele></trkpt>
   <trkpt lat="50.834835" lon="4.334942"><ele>27.25</ele></trkpt>
   <trkpt lat="50.834633" lon="4.334709"><ele>27</ele></trkpt>
   <trkpt lat="50.834533" lon="4.334595"><ele>27</ele></trkpt>
   <trkpt lat="50.834141" lon="4.334152"><ele>27</ele></trkpt>
   <trkpt lat="50.833891" lon="4.333938"><ele>27</ele></trkpt>
   <trkpt lat="50.833663" lon="4.333742"><ele>27</ele></trkpt>
   <trkpt lat="50.833503" lon="4.333606"><ele>27</ele></trkpt>
   <trkpt lat="50.833189" lon="4.333336"><ele>26.25</ele></trkpt>
   <trkpt lat="50.833024" lon="4.333194"><ele>26</ele></trkpt>
   <trkpt lat="50.832935" lon="4.333117"><ele>26</ele></trkpt>
   <trkpt lat="50.832798" lon="4.333"><ele>26</ele></trkpt>
   <trkpt lat="50.832709" lon="4.332924"><ele>26.25</ele></trkpt>
   <trkpt lat="50.832545" lon="4.332784"><ele>26</ele></trkpt>
   <trkpt lat="50.832388" lon="4.332649"><ele>26</ele></trkpt>
   <trkpt lat="50.832229" lon="4.332513"><ele>25.75</ele></trkpt>
   <trkpt lat="50.831945" lon="4.332271"><ele>25.75</ele></trkpt>
   <trkpt lat="50.831839" lon="4.332179"><ele>26</ele></trkpt>
   <trkpt lat="50.831587" lon="4.331963"><ele>25.75</ele></trkpt>
   <trkpt lat="50.831347" lon="4.331757"><ele>25.75</ele></trkpt>
   <trkpt lat="50.830833" lon="4.331172"><ele>25.75</ele></trkpt>
   <trkpt lat="50.830677" lon="4.330982"><ele>25.5</ele></trkpt>
   <trkpt lat="50.830444" lon="4.330681"><ele>25.25</ele></trkpt>
   <trkpt lat="50.830283" lon="4.330458"><ele>26</ele></trkpt>
   <trkpt lat="50.829884" lon="4.329848"><ele>25.5</ele></trkpt>
   <trkpt lat="50.829061" lon="4.328447"><ele>23.25</ele></trkpt>
   <trkpt lat="50.828774" lon="4.327987"><ele>23.25</ele></trkpt>
   <trkpt lat="50.828492" lon="4.327587"><ele>24.25</ele></trkpt>
   <trkpt lat="50.82825" lon="4.327272"><ele>24.25</ele></trkpt>
   <trkpt lat="50.827892" lon="4.326852"><ele>24.5</ele></trkpt>
   <trkpt lat="50.827158" lon="4.326028"><ele>25.25</ele></trkpt>
   <trkpt lat="50.82648" lon="4.325259"><ele>26</ele></trkpt>
   <trkpt lat="50.826139" lon="4.324877"><ele>26.75</ele></trkpt>
   <trkpt lat="50.825816" lon="4.324497"><ele>25</ele></trkpt>
   <trkpt lat="50.822512" lon="4.320707"><ele>22.25</ele></trkpt>
   <trkpt lat="50.822296" lon="4.320464"><ele>23.5</ele></trkpt>
   <trkpt lat="50.82152" lon="4.31962"><ele>26.25</ele></trkpt>
   <trkpt lat="50.821159" lon="4.319247"><ele>26.25</ele></trkpt>
   <trkpt lat="50.820392" lon="4.318506"><ele>25.75</ele></trkpt>
   <trkpt lat="50.819451" lon="4.317645"><ele>26</ele></trkpt>
   <trkpt lat="50.818804" lon="4.317067"><ele>25.25</ele></trkpt>
   <trkpt lat="50.818333" lon="4.316671"><ele>25.75</ele></trkpt>
   <trkpt lat="50.818019" lon="4.31641"><ele>24.5</ele></trkpt>
   <trkpt lat="50.817209" lon="4.315781"><ele>24</ele></trkpt>
   <trkpt lat="50.815206" lon="4.314291"><ele>22.5</ele></trkpt>
   <trkpt lat="50.814784" lon="4.313978"><ele>22.5</ele></trkpt>
   <trkpt lat="50.812331" lon="4.312141"><ele>21.5</ele></trkpt>
   <trkpt lat="50.811536" lon="4.311523"><ele>21.25</ele></trkpt>
   <trkpt lat="50.810631" lon="4.3108"><ele>21</ele></trkpt>
   <trkpt lat="50.80978" lon="4.310112"><ele>21</ele></trkpt>
   <trkpt lat="50.809393" lon="4.309789"><ele>21</ele></trkpt>
   <trkpt lat="50.807751" lon="4.308469"><ele>22</ele></trkpt>
   <trkpt lat="50.806915" lon="4.307793"><ele>22</ele></trkpt>
   <trkpt lat="50.806755" lon="4.307663"><ele>22.25</ele></trkpt>
   <trkpt lat="50.802594" lon="4.304292"><ele>22.25</ele></trkpt>
   <trkpt lat="50.802001" lon="4.303811"><ele>23</ele></trkpt>
   <trkpt lat="50.801578" lon="4.303455"><ele>23</ele></trkpt>
   <trkpt lat="50.800426" lon="4.302441"><ele>23.25</ele></trkpt>
   <trkpt lat="50.79992" lon="4.302008"><ele>23.25</ele></trkpt>
   <trkpt lat="50.799572" lon="4.30173"><ele>23</ele></trkpt>
   <trkpt lat="50.797123" lon="4.299743"><ele>24</ele></trkpt>
   <trkpt lat="50.796776" lon="4.299467"><ele>24</ele></trkpt>
   <trkpt lat="50.792534" lon="4.296026"><ele>25</ele></trkpt>
   <trkpt lat="50.791064" lon="4.294837"><ele>25</ele></trkpt>
   <trkpt lat="50.789919" lon="4.293911"><ele>25</ele></trkpt>
   <trkpt lat="50.789098" lon="4.293244"><ele>25.25</ele></trkpt>
   <trkpt lat="50.788373" lon="4.292656"><ele>25</ele></trkpt>
   <trkpt lat="50.78749" lon="4.291941"><ele>26</ele></trkpt>
   <trkpt lat="50.7867" lon="4.2913"><ele>26</ele></trkpt>
   <trkpt lat="50.785877" lon="4.290631"><ele>25.75</ele></trkpt>
   <trkpt lat="50.785097" lon="4.289997"><ele>26</ele></trkpt>
   <trkpt lat="50.784431" lon="4.289457"><ele>26</ele></trkpt>
   <trkpt lat="50.783642" lon="4.288817"><ele>26</ele></trkpt>
   <trkpt lat="50.782865" lon="4.288189"><ele>26</ele></trkpt>
   <trkpt lat="50.782064" lon="4.28754"><ele>25.75</ele></trkpt>
   <trkpt lat="50.781262" lon="4.28689"><ele>26</ele></trkpt>
   <trkpt lat="50.780457" lon="4.286237"><ele>26</ele></trkpt>
   <trkpt lat="50.779654" lon="4.285586"><ele>25.75</ele></trkpt>
   <trkpt lat="50.778848" lon="4.284932"><ele>26</ele></trkpt>
   <trkpt lat="50.778044" lon="4.28428"><ele>25.75</ele></trkpt>
   <trkpt lat="50.777259" lon="4.283643"><ele>25.75</ele></trkpt>
   <trkpt lat="50.77645" lon="4.282987"><ele>26</ele></trkpt>
   <trkpt lat="50.775651" lon="4.282341"><ele>26.5</ele></trkpt>
   <trkpt lat="50.774855" lon="4.281694"><ele>27.75</ele></trkpt>
   <trkpt lat="50.773962" lon="4.280976"><ele>27.75</ele></trkpt>
   <trkpt lat="50.773951" lon="4.280967"><ele>27.75</ele></trkpt>
   <trkpt lat="50.773128" lon="4.280295"><ele>28</ele></trkpt>
   <trkpt lat="50.77235" lon="4.279662"><ele>28.25</ele></trkpt>
   <trkpt lat="50.771568" lon="4.279022"><ele>28.5</ele></trkpt>
   <trkpt lat="50.771127" lon="4.278653"><ele>28.75</ele></trkpt>
   <trkpt lat="50.77078" lon="4.278346"><ele>28.75</ele></trkpt>
   <trkpt lat="50.770012" lon="4.277666"><ele>29</ele></trkpt>
   <trkpt lat="50.769888" lon="4.277556"><ele>29</ele></trkpt>
   <trkpt lat="50.769255" lon="4.27695"><ele>29.25</ele></trkpt>
   <trkpt lat="50.76858" lon="4.276303"><ele>29.5</ele></trkpt>
   <trkpt lat="50.768474" lon="4.276195"><ele>29.5</ele></trkpt>
   <trkpt lat="50.766989" lon="4.274683"><ele>28.5</ele></trkpt>
   <trkpt lat="50.765487" lon="4.273143"><ele>27.5</ele></trkpt>
   <trkpt lat="50.764648" lon="4.272284"><ele>28.75</ele></trkpt>
   <trkpt lat="50.764468" lon="4.272101"><ele>28.25</ele></trkpt>
   <trkpt lat="50.763978" lon="4.271598"><ele>28</ele></trkpt>
   <trkpt lat="50.763108" lon="4.270705"><ele>27.5</ele></trkpt>
   <trkpt lat="50.762376" lon="4.269954"><ele>27.5</ele></trkpt>
   <trkpt lat="50.76236" lon="4.269938"><ele>27.5</ele></trkpt>
   <trkpt lat="50.761625" lon="4.269181"><ele>27.5</ele></trkpt>
   <trkpt lat="50.76088" lon="4.268421"><ele>27.75</ele></trkpt>
   <trkpt lat="50.760129" lon="4.26765"><ele>28.5</ele></trkpt>
   <trkpt lat="50.759382" lon="4.266884"><ele>28.5</ele></trkpt>
   <trkpt lat="50.758632" lon="4.266116"><ele>28.75</ele></trkpt>
   <trkpt lat="50.757885" lon="4.265349"><ele>28.75</ele></trkpt>
   <trkpt lat="50.757131" lon="4.264576"><ele>29</ele></trkpt>
   <trkpt lat="50.756378" lon="4.263805"><ele>29.25</ele></trkpt>
   <trkpt lat="50.755628" lon="4.263037"><ele>29.25</ele></trkpt>
   <trkpt lat="50.754882" lon="4.262273"><ele>29.5</ele></trkpt>
   <trkpt lat="50.754129" lon="4.261502"><ele>30</ele></trkpt>
   <trkpt lat="50.754104" lon="4.261476"><ele>30</ele></trkpt>
   <trkpt lat="50.753381" lon="4.260736"><ele>30</ele></trkpt>
   <trkpt lat="50.752623" lon="4.259959"><ele>30.25</ele></trkpt>
   <trkpt lat="50.751878" lon="4.259195"><ele>30.75</ele></trkpt>
   <trkpt lat="50.75154" lon="4.258849"><ele>31</ele></trkpt>
   <trkpt lat="50.751128" lon="4.258427"><ele>31</ele></trkpt>
   <trkpt lat="50.750371" lon="4.257648"><ele>32.75</ele></trkpt>
   <trkpt lat="50.750075" lon="4.257341"><ele>32.25</ele></trkpt>
   <trkpt lat="50.749816" lon="4.257078"><ele>31.75</ele></trkpt>
   <trkpt lat="50.749672" lon="4.256932"><ele>31.75</ele></trkpt>
   <trkpt lat="50.749201" lon="4.256454"><ele>31.75</ele></trkpt>
   <trkpt lat="50.748243" lon="4.255473"><ele>31.25</ele></trkpt>
   <trkpt lat="50.74747" lon="4.254683"><ele>31.75</ele></trkpt>
   <trkpt lat="50.746673" lon="4.253864"><ele>33</ele></trkpt>
   <trkpt lat="50.746031" lon="4.253209"><ele>33.25</ele></trkpt>
   <trkpt lat="50.74509" lon="4.25219"><ele>33.5</ele></trkpt>
   <trkpt lat="50.744688" lon="4.251765"><ele>34.5</ele></trkpt>
   <trkpt lat="50.744525" lon="4.251598"><ele>34.5</ele></trkpt>
   <trkpt lat="50.744441" lon="4.251512"><ele>34.25</ele></trkpt>
   <trkpt lat="50.743649" lon="4.250699"><ele>33.5</ele></trkpt>
   <trkpt lat="50.743211" lon="4.250256"><ele>33</ele></trkpt>
   <trkpt lat="50.742889" lon="4.249924"><ele>33</ele></trkpt>
   <trkpt lat="50.742198" lon="4.249217"><ele>33.5</ele></trkpt>
   <trkpt lat="50.741395" lon="4.248392"><ele>33.75</ele></trkpt>
   <trkpt lat="50.740636" lon="4.247618"><ele>34</ele></trkpt>
   <trkpt lat="50.739877" lon="4.24687"><ele>34</ele></trkpt>
   <trkpt lat="50.739301" lon="4.246321"><ele>34.5</ele></trkpt>
   <trkpt lat="50.739105" lon="4.246145"><ele>34.75</ele></trkpt>
   <trkpt lat="50.738325" lon="4.245441"><ele>36</ele></trkpt>
   <trkpt lat="50.737547" lon="4.244736"><ele>35.25</ele></trkpt>
   <trkpt lat="50.736764" lon="4.244026"><ele>36.5</ele></trkpt>
   <trkpt lat="50.736179" lon="4.243484"><ele>35.75</ele></trkpt>
   <trkpt lat="50.735431" lon="4.242752"><ele>36.25</ele></trkpt>
   <trkpt lat="50.734701" lon="4.241968"><ele>34</ele></trkpt>
   <trkpt lat="50.73447" lon="4.241704"><ele>36.75</ele></trkpt>
   <trkpt lat="50.730571" lon="4.236895"><ele>36.5</ele></trkpt>
   <trkpt lat="50.730184" lon="4.236417"><ele>36.75</ele></trkpt>
   <trkpt lat="50.729881" lon="4.236065"><ele>37</ele></trkpt>
   <trkpt lat="50.729244" lon="4.235367"><ele>38</ele></trkpt>
   <trkpt lat="50.728885" lon="4.234992"><ele>37</ele></trkpt>
   <trkpt lat="50.728023" lon="4.234127"><ele>38.5</ele></trkpt>
   <trkpt lat="50.727044" lon="4.233214"><ele>36.5</ele></trkpt>
   <trkpt lat="50.726959" lon="4.233135"><ele>36</ele></trkpt>
   <trkpt lat="50.726044" lon="4.23228"><ele>38.5</ele></trkpt>
   <trkpt lat="50.725111" lon="4.231406"><ele>40</ele></trkpt>
   <trkpt lat="50.723712" lon="4.230109"><ele>38.25</ele></trkpt>
   <trkpt lat="50.722804" lon="4.229255"><ele>40</ele></trkpt>
   <trkpt lat="50.722381" lon="4.228852"><ele>40.5</ele></trkpt>
   <trkpt lat="50.721429" lon="4.227918"><ele>43.5</ele></trkpt>
   <trkpt lat="50.715331" lon="4.221933"><ele>41</ele></trkpt>
   <trkpt lat="50.715263" lon="4.221866"><ele>41.25</ele></trkpt>
   <trkpt lat="50.712071" lon="4.21873"><ele>46.25</ele></trkpt>
   <trkpt lat="50.710828" lon="4.217493"><ele>48.5</ele></trkpt>
   <trkpt lat="50.710206" lon="4.216845"><ele>49.5</ele></trkpt>
   <trkpt lat="50.709975" lon="4.216592"><ele>49.75</ele></trkpt>
   <trkpt lat="50.709495" lon="4.216046"><ele>50.75</ele></trkpt>
   <trkpt lat="50.709256" lon="4.215762"><ele>51</ele></trkpt>
   <trkpt lat="50.708788" lon="4.215173"><ele>52</ele></trkpt>
   <trkpt lat="50.708462" lon="4.214743"><ele>52.5</ele></trkpt>
   <trkpt lat="50.707994" lon="4.214093"><ele>53.5</ele></trkpt>
   <trkpt lat="50.707592" lon="4.213488"><ele>53.5</ele></trkpt>
   <trkpt lat="50.707055" lon="4.212644"><ele>54</ele></trkpt>
   <trkpt lat="50.706581" lon="4.211839"><ele>53.5</ele></trkpt>
   <trkpt lat="50.70627" lon="4.211274"><ele>53.25</ele></trkpt>
   <trkpt lat="50.705963" lon="4.210696"><ele>53</ele></trkpt>
   <trkpt lat="50.705368" lon="4.209478"><ele>52.5</ele></trkpt>
   <trkpt lat="50.704891" lon="4.208401"><ele>52.75</ele></trkpt>
   <trkpt lat="50.704651" lon="4.207813"><ele>53.25</ele></trkpt>
   <trkpt lat="50.704457" lon="4.207318"><ele>54.75</ele></trkpt>
   <trkpt lat="50.704115" lon="4.206398"><ele>54.5</ele></trkpt>
   <trkpt lat="50.703804" lon="4.205495"><ele>55</ele></trkpt>
   <trkpt lat="50.703416" lon="4.204254"><ele>56</ele></trkpt>
   <trkpt lat="50.703066" lon="4.20299"><ele>54</ele></trkpt>
   <trkpt lat="50.702905" lon="4.202349"><ele>55.75</ele></trkpt>
   <trkpt lat="50.702683" lon="4.201404"><ele>56</ele></trkpt>
   <trkpt lat="50.702341" lon="4.199577"><ele>56.75</ele></trkpt>
   <trkpt lat="50.702028" lon="4.197726"><ele>57.5</ele></trkpt>
   <trkpt lat="50.701908" lon="4.196737"><ele>57.5</ele></trkpt>
   <trkpt lat="50.70176" lon="4.195368"><ele>59.25</ele></trkpt>
   <trkpt lat="50.701542" lon="4.193022"><ele>63</ele></trkpt>
   <trkpt lat="50.701122" lon="4.188337"><ele>66</ele></trkpt>
   <trkpt lat="50.700984" lon="4.186885"><ele>69</ele></trkpt>
   <trkpt lat="50.700823" lon="4.185416"><ele>70.5</ele></trkpt>
   <trkpt lat="50.70066" lon="4.184167"><ele>71.5</ele></trkpt>
   <trkpt lat="50.700451" lon="4.182822"><ele>73.5</ele></trkpt>
   <trkpt lat="50.700202" lon="4.181475"><ele>74</ele></trkpt>
   <trkpt lat="50.699918" lon="4.180154"><ele>74</ele></trkpt>
   <trkpt lat="50.69961" lon="4.178877"><ele>73.5</ele></trkpt>
   <trkpt lat="50.699264" lon="4.177608"><ele>74</ele></trkpt>
   <trkpt lat="50.698883" lon="4.176357"><ele>74</ele></trkpt>
   <trkpt lat="50.698469" lon="4.175127"><ele>74</ele></trkpt>
   <trkpt lat="50.698056" lon="4.174004"><ele>73</ele></trkpt>
   <trkpt lat="50.697648" lon="4.172988"><ele>73.25</ele></trkpt>
   <trkpt lat="50.697173" lon="4.171899"><ele>71.5</ele></trkpt>
   <trkpt lat="50.696692" lon="4.170878"><ele>69.25</ele></trkpt>
   <trkpt lat="50.696145" lon="4.169805"><ele>67</ele></trkpt>
   <trkpt lat="50.695563" lon="4.168757"><ele>65</ele></trkpt>
   <trkpt lat="50.694957" lon="4.167741"><ele>63</ele></trkpt>
   <trkpt lat="50.694334" lon="4.166753"><ele>60</ele></trkpt>
   <trkpt lat="50.692878" lon="4.164471"><ele>49.75</ele></trkpt>
   <trkpt lat="50.691238" lon="4.161738"><ele>51.25</ele></trkpt>
   <trkpt lat="50.690426" lon="4.160298"><ele>53.25</ele></trkpt>
   <trkpt lat="50.68988" lon="4.15929"><ele>54.5</ele></trkpt>
   <trkpt lat="50.689319" lon="4.15822"><ele>56.25</ele></trkpt>
   <trkpt lat="50.688762" lon="4.157134"><ele>57.75</ele></trkpt>
   <trkpt lat="50.688223" lon="4.15604"><ele>59.5</ele></trkpt>
   <trkpt lat="50.687692" lon="4.154936"><ele>60.5</ele></trkpt>
   <trkpt lat="50.687175" lon="4.153824"><ele>62.5</ele></trkpt>
   <trkpt lat="50.686662" lon="4.15269"><ele>64</ele></trkpt>
   <trkpt lat="50.686165" lon="4.151545"><ele>65.75</ele></trkpt>
   <trkpt lat="50.685733" lon="4.150522"><ele>67.75</ele></trkpt>
   <trkpt lat="50.685259" lon="4.149362"><ele>69.5</ele></trkpt>
   <trkpt lat="50.684797" lon="4.148195"><ele>71</ele></trkpt>
   <trkpt lat="50.684377" lon="4.1471"><ele>73.25</ele></trkpt>
   <trkpt lat="50.683622" lon="4.145029"><ele>74.75</ele></trkpt>
   <trkpt lat="50.68329" lon="4.144079"><ele>75.5</ele></trkpt>
   <trkpt lat="50.682962" lon="4.14311"><ele>75.5</ele></trkpt>
   <trkpt lat="50.682563" lon="4.141899"><ele>77</ele></trkpt>
   <trkpt lat="50.682171" lon="4.140663"><ele>77.5</ele></trkpt>
   <trkpt lat="50.681816" lon="4.139494"><ele>76.75</ele></trkpt>
   <trkpt lat="50.681297" lon="4.137708"><ele>75.5</ele></trkpt>
   <trkpt lat="50.681184" lon="4.137307"><ele>76.25</ele></trkpt>
   <trkpt lat="50.680832" lon="4.136019"><ele>77.75</ele></trkpt>
   <trkpt lat="50.680498" lon="4.134743"><ele>76.25</ele></trkpt>
   <trkpt lat="50.680179" lon="4.133468"><ele>74.25</ele></trkpt>
   <trkpt lat="50.679865" lon="4.132153"><ele>74.25</ele></trkpt>
   <trkpt lat="50.679571" lon="4.130861"><ele>76</ele></trkpt>
   <trkpt lat="50.679285" lon="4.129544"><ele>76.5</ele></trkpt>
   <trkpt lat="50.679009" lon="4.128221"><ele>76.5</ele></trkpt>
   <trkpt lat="50.678771" lon="4.126991"><ele>76</ele></trkpt>
   <trkpt lat="50.678523" lon="4.125663"><ele>75</ele></trkpt>
   <trkpt lat="50.678249" lon="4.124146"><ele>74</ele></trkpt>
   <trkpt lat="50.676427" lon="4.113771"><ele>74.75</ele></trkpt>
   <trkpt lat="50.676221" lon="4.112536"><ele>75.5</ele></trkpt>
   <trkpt lat="50.676037" lon="4.111377"><ele>76.25</ele></trkpt>
   <trkpt lat="50.675851" lon="4.110134"><ele>75.5</ele></trkpt>
   <trkpt lat="50.675665" lon="4.108783"><ele>76.5</ele></trkpt>
   <trkpt lat="50.675494" lon="4.107447"><ele>77</ele></trkpt>
   <trkpt lat="50.675336" lon="4.106075"><ele>76.75</ele></trkpt>
   <trkpt lat="50.675189" lon="4.104707"><ele>78.25</ele></trkpt>
   <trkpt lat="50.675062" lon="4.103332"><ele>77</ele></trkpt>
   <trkpt lat="50.674954" lon="4.102057"><ele>78</ele></trkpt>
   <trkpt lat="50.674854" lon="4.100667"><ele>78</ele></trkpt>
   <trkpt lat="50.674773" lon="4.099389"><ele>77.5</ele></trkpt>
   <trkpt lat="50.674702" lon="4.098012"><ele>76</ele></trkpt>
   <trkpt lat="50.674646" lon="4.096639"><ele>76</ele></trkpt>
   <trkpt lat="50.674604" lon="4.095293"><ele>75.5</ele></trkpt>
   <trkpt lat="50.674574" lon="4.093899"><ele>74.75</ele></trkpt>
   <trkpt lat="50.674548" lon="4.092508"><ele>73.25</ele></trkpt>
   <trkpt lat="50.674367" lon="4.079425"><ele>71.75</ele></trkpt>
   <trkpt lat="50.674357" lon="4.078035"><ele>73.5</ele></trkpt>
   <trkpt lat="50.674358" lon="4.076837"><ele>74</ele></trkpt>
   <trkpt lat="50.674372" lon="4.075553"><ele>75</ele></trkpt>
   <trkpt lat="50.6744" lon="4.074213"><ele>75.5</ele></trkpt>
   <trkpt lat="50.674448" lon="4.072841"><ele>76</ele></trkpt>
   <trkpt lat="50.674516" lon="4.071462"><ele>77.25</ele></trkpt>
   <trkpt lat="50.674598" lon="4.070083"><ele>75</ele></trkpt>
   <trkpt lat="50.674699" lon="4.0687"><ele>75.75</ele></trkpt>
   <trkpt lat="50.674819" lon="4.067342"><ele>75.25</ele></trkpt>
   <trkpt lat="50.674946" lon="4.066063"><ele>74</ele></trkpt>
   <trkpt lat="50.675094" lon="4.064731"><ele>74.25</ele></trkpt>
   <trkpt lat="50.675271" lon="4.063346"><ele>72</ele></trkpt>
   <trkpt lat="50.675459" lon="4.061996"><ele>71.25</ele></trkpt>
   <trkpt lat="50.67566" lon="4.060671"><ele>70.25</ele></trkpt>
   <trkpt lat="50.675882" lon="4.059346"><ele>68.75</ele></trkpt>
   <trkpt lat="50.676107" lon="4.058093"><ele>67</ele></trkpt>
   <trkpt lat="50.676359" lon="4.056763"><ele>66</ele></trkpt>
   <trkpt lat="50.676603" lon="4.055537"><ele>64.5</ele></trkpt>
   <trkpt lat="50.677303" lon="4.052109"><ele>61.75</ele></trkpt>
   <trkpt lat="50.677566" lon="4.050784"><ele>59.25</ele></trkpt>
   <trkpt lat="50.67797" lon="4.048655"><ele>61.75</ele></trkpt>
   <trkpt lat="50.678286" lon="4.046861"><ele>60.75</ele></trkpt>
   <trkpt lat="50.678495" lon="4.045586"><ele>56.25</ele></trkpt>
   <trkpt lat="50.678741" lon="4.043989"><ele>55.75</ele></trkpt>
   <trkpt lat="50.678994" lon="4.042228"><ele>56</ele></trkpt>
   <trkpt lat="50.679175" lon="4.040867"><ele>55.75</ele></trkpt>
   <trkpt lat="50.679343" lon="4.039512"><ele>56.5</ele></trkpt>
   <trkpt lat="50.67948" lon="4.038306"><ele>56.75</ele></trkpt>
   <trkpt lat="50.679615" lon="4.037034"><ele>58</ele></trkpt>
   <trkpt lat="50.679751" lon="4.035678"><ele>57.25</ele></trkpt>
   <trkpt lat="50.679871" lon="4.034321"><ele>59</ele></trkpt>
   <trkpt lat="50.679993" lon="4.032814"><ele>64.25</ele></trkpt>
   <trkpt lat="50.680062" lon="4.031888"><ele>64.75</ele></trkpt>
   <trkpt lat="50.680106" lon="4.031206"><ele>64</ele></trkpt>
   <trkpt lat="50.680198" lon="4.029671"><ele>59.75</ele></trkpt>
   <trkpt lat="50.68025" lon="4.028692"><ele>59.25</ele></trkpt>
   <trkpt lat="50.680301" lon="4.027585"><ele>59</ele></trkpt>
   <trkpt lat="50.68035" lon="4.026304"><ele>58</ele></trkpt>
   <trkpt lat="50.680391" lon="4.024908"><ele>54.75</ele></trkpt>
   <trkpt lat="50.680418" lon="4.023526"><ele>55.25</ele></trkpt>
   <trkpt lat="50.680436" lon="4.022137"><ele>56.5</ele></trkpt>
   <trkpt lat="50.680441" lon="4.02076"><ele>56</ele></trkpt>
   <trkpt lat="50.680435" lon="4.019401"><ele>55.5</ele></trkpt>
   <trkpt lat="50.680414" lon="4.018028"><ele>54.25</ele></trkpt>
   <trkpt lat="50.680387" lon="4.016727"><ele>52.75</ele></trkpt>
   <trkpt lat="50.680352" lon="4.015542"><ele>51.25</ele></trkpt>
   <trkpt lat="50.680242" lon="4.012959"><ele>49</ele></trkpt>
   <trkpt lat="50.680184" lon="4.011864"><ele>49.75</ele></trkpt>
   <trkpt lat="50.68011" lon="4.010668"><ele>49.25</ele></trkpt>
   <trkpt lat="50.680021" lon="4.009394"><ele>48.5</ele></trkpt>
   <trkpt lat="50.679916" lon="4.008021"><ele>48.75</ele></trkpt>
   <trkpt lat="50.679797" lon="4.006646"><ele>48.25</ele></trkpt>
   <trkpt lat="50.679531" lon="4.003949"><ele>49.75</ele></trkpt>
   <trkpt lat="50.679375" lon="4.002582"><ele>49.75</ele></trkpt>
   <trkpt lat="50.679209" lon="4.001206"><ele>50.25</ele></trkpt>
   <trkpt lat="50.679043" lon="3.999958"><ele>47.75</ele></trkpt>
   <trkpt lat="50.678853" lon="3.998599"><ele>51.25</ele></trkpt>
   <trkpt lat="50.678653" lon="3.997232"><ele>53</ele></trkpt>
   <trkpt lat="50.677984" lon="3.992922"><ele>57.25</ele></trkpt>
   <trkpt lat="50.674997" lon="3.973921"><ele>64</ele></trkpt>
   <trkpt lat="50.674786" lon="3.972646"><ele>64</ele></trkpt>
   <trkpt lat="50.674555" lon="3.97131"><ele>64</ele></trkpt>
   <trkpt lat="50.674304" lon="3.96996"><ele>64.25</ele></trkpt>
   <trkpt lat="50.674047" lon="3.968643"><ele>64.5</ele></trkpt>
   <trkpt lat="50.673774" lon="3.967332"><ele>64.25</ele></trkpt>
   <trkpt lat="50.673489" lon="3.966038"><ele>63</ele></trkpt>
   <trkpt lat="50.673205" lon="3.964831"><ele>61</ele></trkpt>
   <trkpt lat="50.672868" lon="3.963465"><ele>59.25</ele></trkpt>
   <trkpt lat="50.672547" lon="3.962238"><ele>58</ele></trkpt>
   <trkpt lat="50.672198" lon="3.960962"><ele>56.75</ele></trkpt>
   <trkpt lat="50.671835" lon="3.959702"><ele>55.5</ele></trkpt>
   <trkpt lat="50.671466" lon="3.958473"><ele>54.5</ele></trkpt>
   <trkpt lat="50.671096" lon="3.957303"><ele>53.25</ele></trkpt>
   <trkpt lat="50.670693" lon="3.956076"><ele>53.75</ele></trkpt>
   <trkpt lat="50.670273" lon="3.954864"><ele>52</ele></trkpt>
   <trkpt lat="50.669843" lon="3.953663"><ele>52</ele></trkpt>
   <trkpt lat="50.669398" lon="3.952473"><ele>51.75</ele></trkpt>
   <trkpt lat="50.668931" lon="3.951283"><ele>50.75</ele></trkpt>
   <trkpt lat="50.668462" lon="3.950108"><ele>50.25</ele></trkpt>
   <trkpt lat="50.668051" lon="3.94911"><ele>51.75</ele></trkpt>
   <trkpt lat="50.663428" lon="3.938095"><ele>52.25</ele></trkpt>
   <trkpt lat="50.662477" lon="3.935836"><ele>52.75</ele></trkpt>
   <trkpt lat="50.65764" lon="3.924327"><ele>54.75</ele></trkpt>
   <trkpt lat="50.654927" lon="3.917867"><ele>55.25</ele></trkpt>
   <trkpt lat="50.654374" lon="3.916534"><ele>55.25</ele></trkpt>
   <trkpt lat="50.654283" lon="3.916305"><ele>54.25</ele></trkpt>
   <trkpt lat="50.653602" lon="3.914609"><ele>58</ele></trkpt>
   <trkpt lat="50.6531" lon="3.913316"><ele>58.5</ele></trkpt>
   <trkpt lat="50.652585" lon="3.911958"><ele>59.75</ele></trkpt>
   <trkpt lat="50.651299" lon="3.908479"><ele>61.75</ele></trkpt>
   <trkpt lat="50.648773" lon="3.901644"><ele>61.75</ele></trkpt>
   <trkpt lat="50.648269" lon="3.900283"><ele>61</ele></trkpt>
   <trkpt lat="50.648168" lon="3.900005"><ele>61</ele></trkpt>
   <trkpt lat="50.647436" lon="3.89803"><ele>62.75</ele></trkpt>
   <trkpt lat="50.646594" lon="3.895879"><ele>63.25</ele></trkpt>
   <trkpt lat="50.642414" lon="3.884566"><ele>57</ele></trkpt>
   <trkpt lat="50.641936" lon="3.883284"><ele>57.5</ele></trkpt>
   <trkpt lat="50.641182" lon="3.881296"><ele>53.25</ele></trkpt>
   <trkpt lat="50.641121" lon="3.881138"><ele>53.75</ele></trkpt>
   <trkpt lat="50.640428" lon="3.879378"><ele>55</ele></trkpt>
   <trkpt lat="50.639899" lon="3.878072"><ele>56</ele></trkpt>
   <trkpt lat="50.639348" lon="3.876754"><ele>56.75</ele></trkpt>
   <trkpt lat="50.638825" lon="3.875528"><ele>57.5</ele></trkpt>
   <trkpt lat="50.638255" lon="3.874215"><ele>58.75</ele></trkpt>
   <trkpt lat="50.637676" lon="3.872918"><ele>59.25</ele></trkpt>
   <trkpt lat="50.637096" lon="3.871654"><ele>60.25</ele></trkpt>
   <trkpt lat="50.636517" lon="3.870415"><ele>60.25</ele></trkpt>
   <trkpt lat="50.634112" lon="3.865366"><ele>59.25</ele></trkpt>
   <trkpt lat="50.633272" lon="3.863495"><ele>58.5</ele></trkpt>
   <trkpt lat="50.632831" lon="3.862567"><ele>58</ele></trkpt>
   <trkpt lat="50.632735" lon="3.862376"><ele>58.25</ele></trkpt>
   <trkpt lat="50.6312" lon="3.859145"><ele>58.5</ele></trkpt>
   <trkpt lat="50.630616" lon="3.857918"><ele>58.75</ele></trkpt>
   <trkpt lat="50.624094" lon="3.844227"><ele>60</ele></trkpt>
   <trkpt lat="50.622982" lon="3.84193"><ele>59.25</ele></trkpt>
   <trkpt lat="50.622365" lon="3.840701"><ele>59</ele></trkpt>
   <trkpt lat="50.621742" lon="3.839496"><ele>58.75</ele></trkpt>
   <trkpt lat="50.621093" lon="3.838275"><ele>58.5</ele></trkpt>
   <trkpt lat="50.620441" lon="3.83709"><ele>57.25</ele></trkpt>
   <trkpt lat="50.619773" lon="3.835905"><ele>57.5</ele></trkpt>
   <trkpt lat="50.619153" lon="3.83484"><ele>57.25</ele></trkpt>
   <trkpt lat="50.618506" lon="3.833756"><ele>56.5</ele></trkpt>
   <trkpt lat="50.615974" lon="3.829633"><ele>52.25</ele></trkpt>
   <trkpt lat="50.615895" lon="3.829507"><ele>53.5</ele></trkpt>
   <trkpt lat="50.614349" lon="3.827003"><ele>54.25</ele></trkpt>
   <trkpt lat="50.613661" lon="3.825872"><ele>55.25</ele></trkpt>
   <trkpt lat="50.613095" lon="3.824923"><ele>55.25</ele></trkpt>
   <trkpt lat="50.612549" lon="3.823991"><ele>55</ele></trkpt>
   <trkpt lat="50.612004" lon="3.82304"><ele>55.75</ele></trkpt>
   <trkpt lat="50.610983" lon="3.821186"><ele>55.75</ele></trkpt>
   <trkpt lat="50.610375" lon="3.820034"><ele>56</ele></trkpt>
   <trkpt lat="50.609482" lon="3.81829"><ele>56.25</ele></trkpt>
   <trkpt lat="50.608654" lon="3.816597"><ele>56.25</ele></trkpt>
   <trkpt lat="50.607927" lon="3.815067"><ele>56.5</ele></trkpt>
   <trkpt lat="50.606383" lon="3.811645"><ele>57</ele></trkpt>
   <trkpt lat="50.600404" lon="3.79827"><ele>58.5</ele></trkpt>
   <trkpt lat="50.596789" lon="3.790187"><ele>58.5</ele></trkpt>
   <trkpt lat="50.596735" lon="3.790064"><ele>60</ele></trkpt>
   <trkpt lat="50.593938" lon="3.783812"><ele>65.5</ele></trkpt>
   <trkpt lat="50.591078" lon="3.777421"><ele>61.25</ele></trkpt>
   <trkpt lat="50.590998" lon="3.77724"><ele>59</ele></trkpt>
   <trkpt lat="50.588588" lon="3.771858"><ele>59.75</ele></trkpt>
   <trkpt lat="50.587142" lon="3.768613"><ele>58.5</ele></trkpt>
   <trkpt lat="50.586577" lon="3.7673"><ele>60.75</ele></trkpt>
   <trkpt lat="50.586021" lon="3.765986"><ele>61.25</ele></trkpt>
   <trkpt lat="50.585481" lon="3.764672"><ele>61</ele></trkpt>
   <trkpt lat="50.584946" lon="3.763346"><ele>60.25</ele></trkpt>
   <trkpt lat="50.584035" lon="3.761"><ele>62</ele></trkpt>
   <trkpt lat="50.583523" lon="3.759631"><ele>62.5</ele></trkpt>
   <trkpt lat="50.583022" lon="3.758267"><ele>63</ele></trkpt>
   <trkpt lat="50.582613" lon="3.757125"><ele>62</ele></trkpt>
   <trkpt lat="50.582175" lon="3.755868"><ele>62.25</ele></trkpt>
   <trkpt lat="50.581675" lon="3.7544"><ele>64.5</ele></trkpt>
   <trkpt lat="50.580815" lon="3.751763"><ele>65</ele></trkpt>
   <trkpt lat="50.580442" lon="3.750575"><ele>63.5</ele></trkpt>
   <trkpt lat="50.580074" lon="3.749379"><ele>64.75</ele></trkpt>
   <trkpt lat="50.579692" lon="3.748106"><ele>67.25</ele></trkpt>
   <trkpt lat="50.579326" lon="3.746854"><ele>69.5</ele></trkpt>
   <trkpt lat="50.578914" lon="3.745412"><ele>69.25</ele></trkpt>
   <trkpt lat="50.578178" lon="3.742688"><ele>72.25</ele></trkpt>
   <trkpt lat="50.577825" lon="3.741339"><ele>71.5</ele></trkpt>
   <trkpt lat="50.577455" lon="3.73987"><ele>72.75</ele></trkpt>
   <trkpt lat="50.5771" lon="3.738408"><ele>73.5</ele></trkpt>
   <trkpt lat="50.576747" lon="3.736921"><ele>73.5</ele></trkpt>
   <trkpt lat="50.576408" lon="3.735431"><ele>74</ele></trkpt>
   <trkpt lat="50.576079" lon="3.733932"><ele>75</ele></trkpt>
   <trkpt lat="50.57576" lon="3.732416"><ele>74.5</ele></trkpt>
   <trkpt lat="50.575217" lon="3.729728"><ele>73</ele></trkpt>
   <trkpt lat="50.575186" lon="3.729556"><ele>73</ele></trkpt>
   <trkpt lat="50.574895" lon="3.728016"><ele>76</ele></trkpt>
   <trkpt lat="50.574619" lon="3.726491"><ele>75.75</ele></trkpt>
   <trkpt lat="50.574356" lon="3.724988"><ele>74.25</ele></trkpt>
   <trkpt lat="50.574101" lon="3.723443"><ele>73</ele></trkpt>
   <trkpt lat="50.57386" lon="3.721915"><ele>72</ele></trkpt>
   <trkpt lat="50.573623" lon="3.720363"><ele>71.25</ele></trkpt>
   <trkpt lat="50.573407" lon="3.718829"><ele>69.25</ele></trkpt>
   <trkpt lat="50.573206" lon="3.717368"><ele>67.25</ele></trkpt>
   <trkpt lat="50.572297" lon="3.710539"><ele>64</ele></trkpt>
   <trkpt lat="50.566218" lon="3.664925"><ele>63.75</ele></trkpt>
   <trkpt lat="50.566173" lon="3.664583"><ele>65.75</ele></trkpt>
   <trkpt lat="50.565453" lon="3.659208"><ele>62.25</ele></trkpt>
   <trkpt lat="50.564713" lon="3.653655"><ele>62.25</ele></trkpt>
   <trkpt lat="50.564684" lon="3.653455"><ele>62.5</ele></trkpt>
   <trkpt lat="50.562823" lon="3.63953"><ele>64.25</ele></trkpt>
   <trkpt lat="50.562583" lon="3.63775"><ele>64.25</ele></trkpt>
   <trkpt lat="50.561769" lon="3.631642"><ele>64</ele></trkpt>
   <trkpt lat="50.560777" lon="3.624233"><ele>62</ele></trkpt>
   <trkpt lat="50.560766" lon="3.624148"><ele>61.25</ele></trkpt>
   <trkpt lat="50.558992" lon="3.610905"><ele>60.75</ele></trkpt>
   <trkpt lat="50.558937" lon="3.610499"><ele>60.75</ele></trkpt>
   <trkpt lat="50.557392" lon="3.598963"><ele>57.5</ele></trkpt>
   <trkpt lat="50.557206" lon="3.597529"><ele>55</ele></trkpt>
   <trkpt lat="50.557039" lon="3.596163"><ele>55.75</ele></trkpt>
   <trkpt lat="50.556882" lon="3.594798"><ele>54.5</ele></trkpt>
   <trkpt lat="50.55675" lon="3.593599"><ele>53.75</ele></trkpt>
   <trkpt lat="50.556591" lon="3.592041"><ele>52.25</ele></trkpt>
   <trkpt lat="50.556441" lon="3.590498"><ele>51.25</ele></trkpt>
   <trkpt lat="50.556207" lon="3.587794"><ele>49.5</ele></trkpt>
   <trkpt lat="50.556089" lon="3.586222"><ele>48.75</ele></trkpt>
   <trkpt lat="50.55598" lon="3.584656"><ele>50</ele></trkpt>
   <trkpt lat="50.555891" lon="3.583229"><ele>48</ele></trkpt>
   <trkpt lat="50.555811" lon="3.581795"><ele>48.25</ele></trkpt>
   <trkpt lat="50.555738" lon="3.580314"><ele>49.25</ele></trkpt>
   <trkpt lat="50.555671" lon="3.578741"><ele>49.25</ele></trkpt>
   <trkpt lat="50.555616" lon="3.577188"><ele>48.25</ele></trkpt>
   <trkpt lat="50.555571" lon="3.575628"><ele>47.25</ele></trkpt>
   <trkpt lat="50.555539" lon="3.574141"><ele>46.25</ele></trkpt>
   <trkpt lat="50.555516" lon="3.572654"><ele>46.75</ele></trkpt>
   <trkpt lat="50.555507" lon="3.571204"><ele>46.75</ele></trkpt>
   <trkpt lat="50.555503" lon="3.569635"><ele>46.75</ele></trkpt>
   <trkpt lat="50.555513" lon="3.568054"><ele>46.5</ele></trkpt>
   <trkpt lat="50.555533" lon="3.566498"><ele>45.75</ele></trkpt>
   <trkpt lat="50.555597" lon="3.563644"><ele>46</ele></trkpt>
   <trkpt lat="50.555821" lon="3.55572"><ele>46</ele></trkpt>
   <trkpt lat="50.557322" lon="3.503006"><ele>44.25</ele></trkpt>
   <trkpt lat="50.557367" lon="3.501414"><ele>44.25</ele></trkpt>
   <trkpt lat="50.55762" lon="3.492426"><ele>34.5</ele></trkpt>
   <trkpt lat="50.557621" lon="3.492318"><ele>34.25</ele></trkpt>
   <trkpt lat="50.557775" lon="3.486863"><ele>33.75</ele></trkpt>
   <trkpt lat="50.558084" lon="3.475872"><ele>27.75</ele></trkpt>
   <trkpt lat="50.558634" lon="3.456106"><ele>21.25</ele></trkpt>
   <trkpt lat="50.558712" lon="3.453287"><ele>26</ele></trkpt>
   <trkpt lat="50.558753" lon="3.451819"><ele>28.5</ele></trkpt>
   <trkpt lat="50.558976" lon="3.443808"><ele>26.25</ele></trkpt>
   <trkpt lat="50.559174" lon="3.436645"><ele>27.25</ele></trkpt>
   <trkpt lat="50.559345" lon="3.430446"><ele>21.5</ele></trkpt>
   <trkpt lat="50.55939" lon="3.428755"><ele>21.75</ele></trkpt>
   <trkpt lat="50.55942" lon="3.427732"><ele>24.25</ele></trkpt>
   <trkpt lat="50.559559" lon="3.422712"><ele>28.25</ele></trkpt>
   <trkpt lat="50.55976" lon="3.415422"><ele>28</ele></trkpt>
   <trkpt lat="50.559841" lon="3.412254"><ele>33</ele></trkpt>
   <trkpt lat="50.559876" lon="3.410673"><ele>33.75</ele></trkpt>
   <trkpt lat="50.559896" lon="3.409288"><ele>36</ele></trkpt>
   <trkpt lat="50.559902" lon="3.407921"><ele>39.25</ele></trkpt>
   <trkpt lat="50.559899" lon="3.406543"><ele>40.5</ele></trkpt>
   <trkpt lat="50.559881" lon="3.405378"><ele>42</ele></trkpt>
   <trkpt lat="50.559851" lon="3.404128"><ele>42.25</ele></trkpt>
   <trkpt lat="50.559805" lon="3.402745"><ele>42.75</ele></trkpt>
   <trkpt lat="50.559749" lon="3.401465"><ele>41.75</ele></trkpt>
   <trkpt lat="50.559674" lon="3.400085"><ele>41.75</ele></trkpt>
   <trkpt lat="50.559593" lon="3.398798"><ele>43.5</ele></trkpt>
   <trkpt lat="50.559489" lon="3.397417"><ele>42.25</ele></trkpt>
   <trkpt lat="50.559374" lon="3.396049"><ele>43</ele></trkpt>
   <trkpt lat="50.559246" lon="3.394696"><ele>42.5</ele></trkpt>
   <trkpt lat="50.559116" lon="3.393461"><ele>43.5</ele></trkpt>
   <trkpt lat="50.558982" lon="3.392297"><ele>42.75</ele></trkpt>
   <trkpt lat="50.55883" lon="3.391029"><ele>43.75</ele></trkpt>
   <trkpt lat="50.558671" lon="3.389768"><ele>43</ele></trkpt>
   <trkpt lat="50.558119" lon="3.385553"><ele>44</ele></trkpt>
   <trkpt lat="50.557926" lon="3.384008"><ele>45</ele></trkpt>
   <trkpt lat="50.557764" lon="3.382641"><ele>43.5</ele></trkpt>
   <trkpt lat="50.557617" lon="3.381292"><ele>45.75</ele></trkpt>
   <trkpt lat="50.557509" lon="3.380225"><ele>44</ele></trkpt>
   <trkpt lat="50.557395" lon="3.378973"><ele>45.75</ele></trkpt>
   <trkpt lat="50.557293" lon="3.377731"><ele>45.25</ele></trkpt>
   <trkpt lat="50.557201" lon="3.376458"><ele>45</ele></trkpt>
   <trkpt lat="50.557116" lon="3.375071"><ele>47</ele></trkpt>
   <trkpt lat="50.557044" lon="3.373692"><ele>47.75</ele></trkpt>
   <trkpt lat="50.556988" lon="3.372311"><ele>48.5</ele></trkpt>
   <trkpt lat="50.556946" lon="3.370929"><ele>49</ele></trkpt>
   <trkpt lat="50.55692" lon="3.36965"><ele>50.5</ele></trkpt>
   <trkpt lat="50.556907" lon="3.368376"><ele>52.75</ele></trkpt>
   <trkpt lat="50.556903" lon="3.367049"><ele>55.5</ele></trkpt>
   <trkpt lat="50.556917" lon="3.365666"><ele>57.25</ele></trkpt>
   <trkpt lat="50.556946" lon="3.36428"><ele>58.5</ele></trkpt>
   <trkpt lat="50.55698" lon="3.363046"><ele>60.75</ele></trkpt>
   <trkpt lat="50.557026" lon="3.361857"><ele>62.75</ele></trkpt>
   <trkpt lat="50.557094" lon="3.360471"><ele>63.5</ele></trkpt>
   <trkpt lat="50.557175" lon="3.359089"><ele>61.75</ele></trkpt>
   <trkpt lat="50.557271" lon="3.357719"><ele>61.75</ele></trkpt>
   <trkpt lat="50.557389" lon="3.356239"><ele>59</ele></trkpt>
   <trkpt lat="50.557529" lon="3.354675"><ele>60.25</ele></trkpt>
   <trkpt lat="50.557681" lon="3.353126"><ele>55.75</ele></trkpt>
   <trkpt lat="50.557843" lon="3.351583"><ele>57.5</ele></trkpt>
   <trkpt lat="50.558033" lon="3.349865"><ele>57.5</ele></trkpt>
   <trkpt lat="50.558051" lon="3.349711"><ele>57.75</ele></trkpt>
   <trkpt lat="50.558247" lon="3.348076"><ele>54.25</ele></trkpt>
   <trkpt lat="50.558428" lon="3.346641"><ele>55</ele></trkpt>
   <trkpt lat="50.558622" lon="3.345185"><ele>57.75</ele></trkpt>
   <trkpt lat="50.559021" lon="3.342387"><ele>54.5</ele></trkpt>
   <trkpt lat="50.559356" lon="3.340222"><ele>55.5</ele></trkpt>
   <trkpt lat="50.559718" lon="3.338001"><ele>55</ele></trkpt>
   <trkpt lat="50.560218" lon="3.335147"><ele>55.75</ele></trkpt>
   <trkpt lat="50.560722" lon="3.332481"><ele>55.75</ele></trkpt>
   <trkpt lat="50.560979" lon="3.331183"><ele>55.5</ele></trkpt>
   <trkpt lat="50.561259" lon="3.329818"><ele>55</ele></trkpt>
   <trkpt lat="50.561577" lon="3.328319"><ele>54.25</ele></trkpt>
   <trkpt lat="50.5619" lon="3.326834"><ele>53</ele></trkpt>
   <trkpt lat="50.562239" lon="3.325331"><ele>52.25</ele></trkpt>
   <trkpt lat="50.562843" lon="3.322773"><ele>52</ele></trkpt>
   <trkpt lat="50.563543" lon="3.319988"><ele>50.75</ele></trkpt>
   <trkpt lat="50.563855" lon="3.318791"><ele>50.5</ele></trkpt>
   <trkpt lat="50.564172" lon="3.317605"><ele>49.25</ele></trkpt>
   <trkpt lat="50.564571" lon="3.316148"><ele>50.75</ele></trkpt>
   <trkpt lat="50.566657" lon="3.308583"><ele>48</ele></trkpt>
   <trkpt lat="50.567049" lon="3.307118"><ele>47</ele></trkpt>
   <trkpt lat="50.567426" lon="3.30565"><ele>46.5</ele></trkpt>
   <trkpt lat="50.567763" lon="3.304269"><ele>47.5</ele></trkpt>
   <trkpt lat="50.568102" lon="3.302832"><ele>46.75</ele></trkpt>
   <trkpt lat="50.568438" lon="3.301315"><ele>45</ele></trkpt>
   <trkpt lat="50.568756" lon="3.29982"><ele>45.75</ele></trkpt>
   <trkpt lat="50.569051" lon="3.298335"><ele>45</ele></trkpt>
   <trkpt lat="50.569335" lon="3.296832"><ele>47.75</ele></trkpt>
   <trkpt lat="50.569604" lon="3.295311"><ele>47.75</ele></trkpt>
   <trkpt lat="50.569862" lon="3.293766"><ele>48.25</ele></trkpt>
   <trkpt lat="50.570085" lon="3.292339"><ele>47</ele></trkpt>
   <trkpt lat="50.570243" lon="3.291278"><ele>47.75</ele></trkpt>
   <trkpt lat="50.57062" lon="3.288664"><ele>48.5</ele></trkpt>
   <trkpt lat="50.571054" lon="3.285594"><ele>50</ele></trkpt>
   <trkpt lat="50.572052" lon="3.278542"><ele>51.75</ele></trkpt>
   <trkpt lat="50.572594" lon="3.274714"><ele>53.25</ele></trkpt>
   <trkpt lat="50.573123" lon="3.270995"><ele>53.25</ele></trkpt>
   <trkpt lat="50.573281" lon="3.26988"><ele>53.75</ele></trkpt>
   <trkpt lat="50.573818" lon="3.266081"><ele>52.75</ele></trkpt>
   <trkpt lat="50.574214" lon="3.263168"><ele>52</ele></trkpt>
   <trkpt lat="50.57453" lon="3.26072"><ele>52.5</ele></trkpt>
   <trkpt lat="50.575081" lon="3.256208"><ele>51.5</ele></trkpt>
   <trkpt lat="50.575221" lon="3.255072"><ele>51.75</ele></trkpt>
   <trkpt lat="50.575364" lon="3.253811"><ele>51.5</ele></trkpt>
   <trkpt lat="50.575564" lon="3.251945"><ele>52.75</ele></trkpt>
   <trkpt lat="50.575659" lon="3.251136"><ele>51.25</ele></trkpt>
   <trkpt lat="50.576252" lon="3.24626"><ele>51.75</ele></trkpt>
   <trkpt lat="50.576457" lon="3.244503"><ele>52</ele></trkpt>
   <trkpt lat="50.576625" lon="3.242924"><ele>53.5</ele></trkpt>
   <trkpt lat="50.576737" lon="3.241761"><ele>52</ele></trkpt>
   <trkpt lat="50.576815" lon="3.240906"><ele>56.5</ele></trkpt>
   <trkpt lat="50.576885" lon="3.240038"><ele>52.5</ele></trkpt>
   <trkpt lat="50.577011" lon="3.238298"><ele>52</ele></trkpt>
   <trkpt lat="50.577085" lon="3.237112"><ele>51.75</ele></trkpt>
   <trkpt lat="50.577148" lon="3.235935"><ele>51.25</ele></trkpt>
   <trkpt lat="50.57721" lon="3.234529"><ele>51</ele></trkpt>
   <trkpt lat="50.577245" lon="3.233548"><ele>51</ele></trkpt>
   <trkpt lat="50.577271" lon="3.232568"><ele>50.25</ele></trkpt>
   <trkpt lat="50.577292" lon="3.231634"><ele>50</ele></trkpt>
   <trkpt lat="50.577306" lon="3.230677"><ele>49.25</ele></trkpt>
   <trkpt lat="50.577313" lon="3.229727"><ele>48.5</ele></trkpt>
   <trkpt lat="50.577311" lon="3.228198"><ele>48.25</ele></trkpt>
   <trkpt lat="50.577285" lon="3.226333"><ele>48</ele></trkpt>
   <trkpt lat="50.577253" lon="3.22507"><ele>49</ele></trkpt>
   <trkpt lat="50.577192" lon="3.223342"><ele>48</ele></trkpt>
   <trkpt lat="50.57711" lon="3.221631"><ele>49.75</ele></trkpt>
   <trkpt lat="50.577014" lon="3.220071"><ele>49.25</ele></trkpt>
   <trkpt lat="50.57696" lon="3.219289"><ele>48</ele></trkpt>
   <trkpt lat="50.576794" lon="3.217201"><ele>49.5</ele></trkpt>
   <trkpt lat="50.576684" lon="3.215999"><ele>47</ele></trkpt>
   <trkpt lat="50.576456" lon="3.213817"><ele>46.5</ele></trkpt>
   <trkpt lat="50.57629" lon="3.212411"><ele>45.75</ele></trkpt>
   <trkpt lat="50.576188" lon="3.2116"><ele>44.25</ele></trkpt>
   <trkpt lat="50.575996" lon="3.210162"><ele>44</ele></trkpt>
   <trkpt lat="50.575201" lon="3.204358"><ele>37.75</ele></trkpt>
   <trkpt lat="50.574581" lon="3.199923"><ele>38</ele></trkpt>
   <trkpt lat="50.574312" lon="3.197969"><ele>37.25</ele></trkpt>
   <trkpt lat="50.574121" lon="3.196507"><ele>35</ele></trkpt>
   <trkpt lat="50.57394" lon="3.194977"><ele>35</ele></trkpt>
   <trkpt lat="50.573781" lon="3.193481"><ele>35</ele></trkpt>
   <trkpt lat="50.573627" lon="3.191819"><ele>33.75</ele></trkpt>
   <trkpt lat="50.573479" lon="3.189953"><ele>31.25</ele></trkpt>
   <trkpt lat="50.573372" lon="3.188243"><ele>30.5</ele></trkpt>
   <trkpt lat="50.573368" lon="3.188186"><ele>30.75</ele></trkpt>
   <trkpt lat="50.573348" lon="3.187792"><ele>31.5</ele></trkpt>
   <trkpt lat="50.57322" lon="3.185104"><ele>27.5</ele></trkpt>
   <trkpt lat="50.573206" lon="3.184817"><ele>26.75</ele></trkpt>
   <trkpt lat="50.573093" lon="3.182391"><ele>30.5</ele></trkpt>
   <trkpt lat="50.573089" lon="3.182288"><ele>30.5</ele></trkpt>
   <trkpt lat="50.573009" lon="3.180602"><ele>31.25</ele></trkpt>
   <trkpt lat="50.572962" lon="3.179718"><ele>31.25</ele></trkpt>
   <trkpt lat="50.572936" lon="3.179374"><ele>30.5</ele></trkpt>
   <trkpt lat="50.572925" lon="3.179075"><ele>30.5</ele></trkpt>
   <trkpt lat="50.572889" lon="3.178471"><ele>30.75</ele></trkpt>
   <trkpt lat="50.572835" lon="3.177697"><ele>31.75</ele></trkpt>
   <trkpt lat="50.572722" lon="3.176311"><ele>33.5</ele></trkpt>
   <trkpt lat="50.572592" lon="3.174972"><ele>32.5</ele></trkpt>
   <trkpt lat="50.572436" lon="3.173589"><ele>35</ele></trkpt>
   <trkpt lat="50.57219" lon="3.171683"><ele>36</ele></trkpt>
   <trkpt lat="50.571966" lon="3.170121"><ele>34</ele></trkpt>
   <trkpt lat="50.571937" lon="3.169918"><ele>33.25</ele></trkpt>
   <trkpt lat="50.571698" lon="3.168277"><ele>37.5</ele></trkpt>
   <trkpt lat="50.571119" lon="3.164309"><ele>40.75</ele></trkpt>
   <trkpt lat="50.571109" lon="3.164237"><ele>40.75</ele></trkpt>
   <trkpt lat="50.570134" lon="3.157523"><ele>40.5</ele></trkpt>
   <trkpt lat="50.569952" lon="3.156273"><ele>41</ele></trkpt>
   <trkpt lat="50.569842" lon="3.155515"><ele>40.5</ele></trkpt>
   <trkpt lat="50.569794" lon="3.155179"><ele>43</ele></trkpt>
   <trkpt lat="50.569404" lon="3.152548"><ele>46</ele></trkpt>
   <trkpt lat="50.569128" lon="3.150827"><ele>46.25</ele></trkpt>
   <trkpt lat="50.568833" lon="3.149175"><ele>45.75</ele></trkpt>
   <trkpt lat="50.568678" lon="3.14836"><ele>44.25</ele></trkpt>
   <trkpt lat="50.568666" lon="3.1483"><ele>44.5</ele></trkpt>
   <trkpt lat="50.568409" lon="3.14702"><ele>44</ele></trkpt>
   <trkpt lat="50.568044" lon="3.145336"><ele>46.5</ele></trkpt>
   <trkpt lat="50.567806" lon="3.144313"><ele>45.75</ele></trkpt>
   <trkpt lat="50.567452" lon="3.142862"><ele>46.5</ele></trkpt>
   <trkpt lat="50.567118" lon="3.141589"><ele>43</ele></trkpt>
   <trkpt lat="50.567032" lon="3.141272"><ele>42.5</ele></trkpt>
   <trkpt lat="50.566826" lon="3.140526"><ele>45.25</ele></trkpt>
   <trkpt lat="50.566482" lon="3.139321"><ele>45.5</ele></trkpt>
   <trkpt lat="50.566164" lon="3.138268"><ele>45.25</ele></trkpt>
   <trkpt lat="50.565978" lon="3.137671"><ele>44.5</ele></trkpt>
   <trkpt lat="50.565793" lon="3.137105"><ele>45</ele></trkpt>
   <trkpt lat="50.565759" lon="3.136996"><ele>44.75</ele></trkpt>
   <trkpt lat="50.565506" lon="3.136219"><ele>45.75</ele></trkpt>
   <trkpt lat="50.565021" lon="3.134804"><ele>44.5</ele></trkpt>
   <trkpt lat="50.564897" lon="3.134453"><ele>42.25</ele></trkpt>
   <trkpt lat="50.564523" lon="3.133425"><ele>43</ele></trkpt>
   <trkpt lat="50.564099" lon="3.132313"><ele>43.25</ele></trkpt>
   <trkpt lat="50.563537" lon="3.130893"><ele>42.75</ele></trkpt>
   <trkpt lat="50.563117" lon="3.129893"><ele>42</ele></trkpt>
   <trkpt lat="50.562551" lon="3.128583"><ele>42.25</ele></trkpt>
   <trkpt lat="50.562185" lon="3.127774"><ele>42</ele></trkpt>
   <trkpt lat="50.562126" lon="3.127645"><ele>41.5</ele></trkpt>
   <trkpt lat="50.561668" lon="3.126665"><ele>42.75</ele></trkpt>
   <trkpt lat="50.561204" lon="3.125714"><ele>40.75</ele></trkpt>
   <trkpt lat="50.560848" lon="3.125007"><ele>40.75</ele></trkpt>
   <trkpt lat="50.560407" lon="3.124147"><ele>40.25</ele></trkpt>
   <trkpt lat="50.559962" lon="3.123302"><ele>40.5</ele></trkpt>
   <trkpt lat="50.557654" lon="3.118953"><ele>37</ele></trkpt>
   <trkpt lat="50.557498" lon="3.118669"><ele>34.75</ele></trkpt>
   <trkpt lat="50.557473" lon="3.118621"><ele>34</ele></trkpt>
   <trkpt lat="50.556822" lon="3.117384"><ele>37.25</ele></trkpt>
   <trkpt lat="50.556562" lon="3.116894"><ele>34.5</ele></trkpt>
   <trkpt lat="50.551999" lon="3.108308"><ele>34.5</ele></trkpt>
   <trkpt lat="50.551245" lon="3.106846"><ele>33.25</ele></trkpt>
   <trkpt lat="50.550863" lon="3.106076"><ele>35.25</ele></trkpt>
   <trkpt lat="50.550487" lon="3.105295"><ele>34.5</ele></trkpt>
   <trkpt lat="50.550125" lon="3.104518"><ele>33.5</ele></trkpt>
   <trkpt lat="50.549768" lon="3.103718"><ele>34.75</ele></trkpt>
   <trkpt lat="50.549412" lon="3.102894"><ele>35.5</ele></trkpt>
   <trkpt lat="50.548909" lon="3.101668"><ele>37.5</ele></trkpt>
   <trkpt lat="50.548599" lon="3.100886"><ele>38.25</ele></trkpt>
   <trkpt lat="50.548326" lon="3.100162"><ele>38.75</ele></trkpt>
   <trkpt lat="50.548312" lon="3.100124"><ele>38.5</ele></trkpt>
   <trkpt lat="50.548196" lon="3.099821"><ele>35</ele></trkpt>
   <trkpt lat="50.548113" lon="3.09959"><ele>35.5</ele></trkpt>
   <trkpt lat="50.548069" lon="3.099466"><ele>38.25</ele></trkpt>
   <trkpt lat="50.548054" lon="3.099424"><ele>38.75</ele></trkpt>
   <trkpt lat="50.547738" lon="3.098529"><ele>37.75</ele></trkpt>
   <trkpt lat="50.547375" lon="3.097443"><ele>35.5</ele></trkpt>
   <trkpt lat="50.547208" lon="3.096923"><ele>37.5</ele></trkpt>
   <trkpt lat="50.546861" lon="3.095807"><ele>35.75</ele></trkpt>
   <trkpt lat="50.546696" lon="3.095251"><ele>36.75</ele></trkpt>
   <trkpt lat="50.546401" lon="3.094216"><ele>36</ele></trkpt>
   <trkpt lat="50.546125" lon="3.093193"><ele>35.5</ele></trkpt>
   <trkpt lat="50.545823" lon="3.092008"><ele>35</ele></trkpt>
   <trkpt lat="50.545613" lon="3.091129"><ele>35.25</ele></trkpt>
   <trkpt lat="50.545369" lon="3.090058"><ele>35.75</ele></trkpt>
   <trkpt lat="50.545131" lon="3.088931"><ele>36.25</ele></trkpt>
   <trkpt lat="50.544941" lon="3.087981"><ele>35.5</ele></trkpt>
   <trkpt lat="50.544744" lon="3.08692"><ele>35</ele></trkpt>
   <trkpt lat="50.544631" lon="3.086276"><ele>36.25</ele></trkpt>
   <trkpt lat="50.54447" lon="3.085293"><ele>35.25</ele></trkpt>
   <trkpt lat="50.544317" lon="3.084292"><ele>36.75</ele></trkpt>
   <trkpt lat="50.544146" lon="3.083049"><ele>36.25</ele></trkpt>
   <trkpt lat="50.544067" lon="3.082448"><ele>36.5</ele></trkpt>
   <trkpt lat="50.543899" lon="3.080978"><ele>36.5</ele></trkpt>
   <trkpt lat="50.543747" lon="3.079449"><ele>37</ele></trkpt>
   <trkpt lat="50.543668" lon="3.078573"><ele>35.75</ele></trkpt>
   <trkpt lat="50.543299" lon="3.074217"><ele>37.5</ele></trkpt>
   <trkpt lat="50.543261" lon="3.07377"><ele>37.25</ele></trkpt>
   <trkpt lat="50.542807" lon="3.068355"><ele>38</ele></trkpt>
   <trkpt lat="50.542688" lon="3.067009"><ele>39.75</ele></trkpt>
   <trkpt lat="50.542474" lon="3.064384"><ele>38.5</ele></trkpt>
   <trkpt lat="50.542347" lon="3.062882"><ele>37</ele></trkpt>
   <trkpt lat="50.542132" lon="3.060401"><ele>37</ele></trkpt>
   <trkpt lat="50.541997" lon="3.059017"><ele>37</ele></trkpt>
   <trkpt lat="50.541918" lon="3.05828"><ele>38.5</ele></trkpt>
   <trkpt lat="50.541807" lon="3.057333"><ele>35.5</ele></trkpt>
   <trkpt lat="50.541648" lon="3.056103"><ele>38.5</ele></trkpt>
   <trkpt lat="50.541642" lon="3.056061"><ele>38.25</ele></trkpt>
   <trkpt lat="50.541361" lon="3.05405"><ele>36.25</ele></trkpt>
   <trkpt lat="50.541173" lon="3.052743"><ele>37.25</ele></trkpt>
   <trkpt lat="50.540423" lon="3.047651"><ele>34.25</ele></trkpt>
   <trkpt lat="50.540385" lon="3.047401"><ele>34.25</ele></trkpt>
   <trkpt lat="50.539817" lon="3.043496"><ele>35.25</ele></trkpt>
   <trkpt lat="50.539398" lon="3.040683"><ele>34.5</ele></trkpt>
   <trkpt lat="50.539118" lon="3.038966"><ele>34</ele></trkpt>
   <trkpt lat="50.538985" lon="3.038213"><ele>32.75</ele></trkpt>
   <trkpt lat="50.538855" lon="3.037508"><ele>33.75</ele></trkpt>
   <trkpt lat="50.538673" lon="3.036589"><ele>32</ele></trkpt>
   <trkpt lat="50.538324" lon="3.034955"><ele>33.75</ele></trkpt>
   <trkpt lat="50.538126" lon="3.034098"><ele>33</ele></trkpt>
   <trkpt lat="50.537837" lon="3.032908"><ele>33.5</ele></trkpt>
   <trkpt lat="50.537431" lon="3.031379"><ele>35.5</ele></trkpt>
   <trkpt lat="50.537276" lon="3.030815"><ele>35.25</ele></trkpt>
   <trkpt lat="50.53689" lon="3.029492"><ele>35.25</ele></trkpt>
   <trkpt lat="50.536527" lon="3.028331"><ele>35</ele></trkpt>
   <trkpt lat="50.536105" lon="3.027054"><ele>35.25</ele></trkpt>
   <trkpt lat="50.535714" lon="3.025943"><ele>32.25</ele></trkpt>
   <trkpt lat="50.535363" lon="3.024988"><ele>31</ele></trkpt>
   <trkpt lat="50.535145" lon="3.024417"><ele>30</ele></trkpt>
   <trkpt lat="50.534692" lon="3.023279"><ele>30.25</ele></trkpt>
   <trkpt lat="50.534201" lon="3.022105"><ele>28.75</ele></trkpt>
   <trkpt lat="50.533895" lon="3.021406"><ele>28.75</ele></trkpt>
   <trkpt lat="50.533625" lon="3.020808"><ele>28</ele></trkpt>
   <trkpt lat="50.532953" lon="3.019386"><ele>27.75</ele></trkpt>
   <trkpt lat="50.532401" lon="3.018283"><ele>30.5</ele></trkpt>
   <trkpt lat="50.532136" lon="3.017771"><ele>27.75</ele></trkpt>
   <trkpt lat="50.531716" lon="3.016979"><ele>27</ele></trkpt>
   <trkpt lat="50.531304" lon="3.016228"><ele>27.25</ele></trkpt>
   <trkpt lat="50.53073" lon="3.015207"><ele>27</ele></trkpt>
   <trkpt lat="50.530138" lon="3.014199"><ele>26</ele></trkpt>
   <trkpt lat="50.529684" lon="3.013451"><ele>26.5</ele></trkpt>
   <trkpt lat="50.529189" lon="3.01266"><ele>25.25</ele></trkpt>
   <trkpt lat="50.528962" lon="3.01231"><ele>25.5</ele></trkpt>
   <trkpt lat="50.528457" lon="3.011538"><ele>26.25</ele></trkpt>
   <trkpt lat="50.528024" lon="3.010897"><ele>26</ele></trkpt>
   <trkpt lat="50.527464" lon="3.010093"><ele>25.75</ele></trkpt>
   <trkpt lat="50.52712" lon="3.00961"><ele>26.75</ele></trkpt>
   <trkpt lat="50.526336" lon="3.008551"><ele>26.75</ele></trkpt>
   <trkpt lat="50.525765" lon="3.007808"><ele>26.5</ele></trkpt>
   <trkpt lat="50.525095" lon="3.00697"><ele>26</ele></trkpt>
   <trkpt lat="50.524309" lon="3.006028"><ele>27</ele></trkpt>
   <trkpt lat="50.523593" lon="3.005205"><ele>26</ele></trkpt>
   <trkpt lat="50.522618" lon="3.004137"><ele>26.5</ele></trkpt>
   <trkpt lat="50.521917" lon="3.003405"><ele>27</ele></trkpt>
   <trkpt lat="50.521413" lon="3.002902"><ele>27</ele></trkpt>
   <trkpt lat="50.520761" lon="3.002277"><ele>26.75</ele></trkpt>
   <trkpt lat="50.520173" lon="3.001739"><ele>27</ele></trkpt>
   <trkpt lat="50.519297" lon="3.00098"><ele>27.5</ele></trkpt>
   <trkpt lat="50.518702" lon="3.000493"><ele>26.75</ele></trkpt>
   <trkpt lat="50.518098" lon="3.000021"><ele>27.75</ele></trkpt>
   <trkpt lat="50.517715" lon="2.999732"><ele>27.5</ele></trkpt>
   <trkpt lat="50.516954" lon="2.999183"><ele>27.75</ele></trkpt>
   <trkpt lat="50.516287" lon="2.998733"><ele>27.75</ele></trkpt>
   <trkpt lat="50.51553" lon="2.99825"><ele>27.5</ele></trkpt>
   <trkpt lat="50.515134" lon="2.998009"><ele>27.5</ele></trkpt>
   <trkpt lat="50.514503" lon="2.997641"><ele>27.5</ele></trkpt>
   <trkpt lat="50.513495" lon="2.9971"><ele>28</ele></trkpt>
   <trkpt lat="50.513012" lon="2.996859"><ele>28</ele></trkpt>
   <trkpt lat="50.512081" lon="2.996426"><ele>28</ele></trkpt>
   <trkpt lat="50.511173" lon="2.996046"><ele>28</ele></trkpt>
   <trkpt lat="50.510348" lon="2.995734"><ele>28</ele></trkpt>
   <trkpt lat="50.509975" lon="2.995606"><ele>28.75</ele></trkpt>
   <trkpt lat="50.509292" lon="2.995384"><ele>28.5</ele></trkpt>
   <trkpt lat="50.508619" lon="2.995179"><ele>28.5</ele></trkpt>
   <trkpt lat="50.502062" lon="2.993357"><ele>29.25</ele></trkpt>
   <trkpt lat="50.500253" lon="2.992843"><ele>29.5</ele></trkpt>
   <trkpt lat="50.499523" lon="2.992619"><ele>29.5</ele></trkpt>
   <trkpt lat="50.4986" lon="2.992303"><ele>29.5</ele></trkpt>
   <trkpt lat="50.497736" lon="2.99197"><ele>28.5</ele></trkpt>
   <trkpt lat="50.496985" lon="2.991655"><ele>28</ele></trkpt>
   <trkpt lat="50.496329" lon="2.991355"><ele>28</ele></trkpt>
   <trkpt lat="50.495504" lon="2.990948"><ele>27.25</ele></trkpt>
   <trkpt lat="50.494511" lon="2.990411"><ele>27.25</ele></trkpt>
   <trkpt lat="50.493709" lon="2.989939"><ele>25</ele></trkpt>
   <trkpt lat="50.493353" lon="2.989719"><ele>25.75</ele></trkpt>
   <trkpt lat="50.492668" lon="2.989275"><ele>24</ele></trkpt>
   <trkpt lat="50.491975" lon="2.988802"><ele>24</ele></trkpt>
   <trkpt lat="50.491467" lon="2.988437"><ele>24</ele></trkpt>
   <trkpt lat="50.490664" lon="2.987832"><ele>25.5</ele></trkpt>
   <trkpt lat="50.489687" lon="2.987049"><ele>24</ele></trkpt>
   <trkpt lat="50.487444" lon="2.985179"><ele>25</ele></trkpt>
   <trkpt lat="50.486968" lon="2.98479"><ele>24.75</ele></trkpt>
   <trkpt lat="50.486114" lon="2.984117"><ele>24.75</ele></trkpt>
   <trkpt lat="50.485682" lon="2.983805"><ele>29</ele></trkpt>
   <trkpt lat="50.484567" lon="2.983011"><ele>28.75</ele></trkpt>
   <trkpt lat="50.483981" lon="2.982623"><ele>25.5</ele></trkpt>
   <trkpt lat="50.483368" lon="2.98224"><ele>25.75</ele></trkpt>
   <trkpt lat="50.482623" lon="2.981802"><ele>25.5</ele></trkpt>
   <trkpt lat="50.482086" lon="2.981507"><ele>25.25</ele></trkpt>
   <trkpt lat="50.481401" lon="2.981149"><ele>25.75</ele></trkpt>
   <trkpt lat="50.480503" lon="2.980709"><ele>25.25</ele></trkpt>
   <trkpt lat="50.478505" lon="2.979778"><ele>25.75</ele></trkpt>
   <trkpt lat="50.477711" lon="2.979394"><ele>26</ele></trkpt>
   <trkpt lat="50.476699" lon="2.978888"><ele>26.75</ele></trkpt>
   <trkpt lat="50.476086" lon="2.978595"><ele>26.5</ele></trkpt>
   <trkpt lat="50.47538" lon="2.978266"><ele>26.25</ele></trkpt>
   <trkpt lat="50.469837" lon="2.975707"><ele>26.75</ele></trkpt>
   <trkpt lat="50.466845" lon="2.974324"><ele>28</ele></trkpt>
   <trkpt lat="50.466146" lon="2.974005"><ele>27</ele></trkpt>
   <trkpt lat="50.46211" lon="2.972141"><ele>27.5</ele></trkpt>
   <trkpt lat="50.461381" lon="2.971815"><ele>27.75</ele></trkpt>
   <trkpt lat="50.460498" lon="2.97144"><ele>28.75</ele></trkpt>
   <trkpt lat="50.459963" lon="2.971231"><ele>29</ele></trkpt>
   <trkpt lat="50.458764" lon="2.970801"><ele>25.75</ele></trkpt>
   <trkpt lat="50.457813" lon="2.970518"><ele>29</ele></trkpt>
   <trkpt lat="50.456916" lon="2.970285"><ele>29.75</ele></trkpt>
   <trkpt lat="50.456554" lon="2.970201"><ele>28.25</ele></trkpt>
   <trkpt lat="50.455789" lon="2.970044"><ele>27.5</ele></trkpt>
   <trkpt lat="50.455293" lon="2.969956"><ele>27.25</ele></trkpt>
   <trkpt lat="50.454327" lon="2.969815"><ele>26</ele></trkpt>
   <trkpt lat="50.453456" lon="2.969724"><ele>26.75</ele></trkpt>
   <trkpt lat="50.453068" lon="2.969695"><ele>27.5</ele></trkpt>
   <trkpt lat="50.452554" lon="2.969664"><ele>26.25</ele></trkpt>
   <trkpt lat="50.451772" lon="2.969639"><ele>26.25</ele></trkpt>
   <trkpt lat="50.450927" lon="2.969647"><ele>26.25</ele></trkpt>
   <trkpt lat="50.450347" lon="2.969667"><ele>26.5</ele></trkpt>
   <trkpt lat="50.449994" lon="2.969686"><ele>26.5</ele></trkpt>
   <trkpt lat="50.449083" lon="2.969763"><ele>25.75</ele></trkpt>
   <trkpt lat="50.448458" lon="2.969836"><ele>25.25</ele></trkpt>
   <trkpt lat="50.448071" lon="2.969891"><ele>25.5</ele></trkpt>
   <trkpt lat="50.448023" lon="2.969898"><ele>25.5</ele></trkpt>
   <trkpt lat="50.447392" lon="2.970004"><ele>25.75</ele></trkpt>
   <trkpt lat="50.446538" lon="2.97017"><ele>26</ele></trkpt>
   <trkpt lat="50.445673" lon="2.970376"><ele>25.5</ele></trkpt>
   <trkpt lat="50.445242" lon="2.97049"><ele>26</ele></trkpt>
   <trkpt lat="50.444469" lon="2.970716"><ele>26</ele></trkpt>
   <trkpt lat="50.444165" lon="2.970813"><ele>26.75</ele></trkpt>
   <trkpt lat="50.443723" lon="2.97096"><ele>26.25</ele></trkpt>
   <trkpt lat="50.442812" lon="2.971295"><ele>26.75</ele></trkpt>
   <trkpt lat="50.441825" lon="2.971706"><ele>28</ele></trkpt>
   <trkpt lat="50.44128" lon="2.971949"><ele>27</ele></trkpt>
   <trkpt lat="50.440633" lon="2.972257"><ele>27</ele></trkpt>
   <trkpt lat="50.44004" lon="2.97256"><ele>27</ele></trkpt>
   <trkpt lat="50.439061" lon="2.973098"><ele>27</ele></trkpt>
   <trkpt lat="50.438485" lon="2.97344"><ele>27</ele></trkpt>
   <trkpt lat="50.437874" lon="2.973819"><ele>27.25</ele></trkpt>
   <trkpt lat="50.437014" lon="2.97439"><ele>28.25</ele></trkpt>
   <trkpt lat="50.436609" lon="2.974672"><ele>29.25</ele></trkpt>
   <trkpt lat="50.435948" lon="2.975155"><ele>28</ele></trkpt>
   <trkpt lat="50.434861" lon="2.975997"><ele>28.5</ele></trkpt>
   <trkpt lat="50.432799" lon="2.977678"><ele>32.25</ele></trkpt>
   <trkpt lat="50.432258" lon="2.97811"><ele>31.75</ele></trkpt>
   <trkpt lat="50.431487" lon="2.978709"><ele>33</ele></trkpt>
   <trkpt lat="50.431161" lon="2.978945"><ele>32.25</ele></trkpt>
   <trkpt lat="50.43098" lon="2.97908"><ele>32</ele></trkpt>
   <trkpt lat="50.430369" lon="2.979528"><ele>34</ele></trkpt>
   <trkpt lat="50.429509" lon="2.980117"><ele>31.5</ele></trkpt>
   <trkpt lat="50.429047" lon="2.980414"><ele>32.5</ele></trkpt>
   <trkpt lat="50.428229" lon="2.980895"><ele>35.75</ele></trkpt>
   <trkpt lat="50.427309" lon="2.98141"><ele>35.25</ele></trkpt>
   <trkpt lat="50.426387" lon="2.981889"><ele>36</ele></trkpt>
   <trkpt lat="50.425734" lon="2.982189"><ele>35.75</ele></trkpt>
   <trkpt lat="50.425262" lon="2.982395"><ele>34</ele></trkpt>
   <trkpt lat="50.424715" lon="2.982622"><ele>33.25</ele></trkpt>
   <trkpt lat="50.424279" lon="2.982792"><ele>33.25</ele></trkpt>
   <trkpt lat="50.42307" lon="2.983227"><ele>33.5</ele></trkpt>
   <trkpt lat="50.422094" lon="2.983524"><ele>34.75</ele></trkpt>
   <trkpt lat="50.421486" lon="2.983688"><ele>34.5</ele></trkpt>
   <trkpt lat="50.42088" lon="2.983832"><ele>36</ele></trkpt>
   <trkpt lat="50.420395" lon="2.983937"><ele>36.75</ele></trkpt>
   <trkpt lat="50.41991" lon="2.984031"><ele>36.5</ele></trkpt>
   <trkpt lat="50.41877" lon="2.984218"><ele>35.5</ele></trkpt>
   <trkpt lat="50.41839" lon="2.984264"><ele>35.5</ele></trkpt>
   <trkpt lat="50.417708" lon="2.984329"><ele>38.25</ele></trkpt>
   <trkpt lat="50.417125" lon="2.984371"><ele>39</ele></trkpt>
   <trkpt lat="50.416374" lon="2.984407"><ele>38.25</ele></trkpt>
   <trkpt lat="50.415744" lon="2.984416"><ele>39.5</ele></trkpt>
   <trkpt lat="50.415115" lon="2.984405"><ele>41.25</ele></trkpt>
   <trkpt lat="50.414675" lon="2.984384"><ele>36.75</ele></trkpt>
   <trkpt lat="50.414348" lon="2.984366"><ele>37</ele></trkpt>
   <trkpt lat="50.413757" lon="2.984326"><ele>40</ele></trkpt>
   <trkpt lat="50.413022" lon="2.984256"><ele>37.75</ele></trkpt>
   <trkpt lat="50.412721" lon="2.984214"><ele>39.5</ele></trkpt>
   <trkpt lat="50.411986" lon="2.984107"><ele>41.5</ele></trkpt>
   <trkpt lat="50.411394" lon="2.984003"><ele>40.75</ele></trkpt>
   <trkpt lat="50.410849" lon="2.983893"><ele>41.75</ele></trkpt>
   <trkpt lat="50.410274" lon="2.983771"><ele>41.5</ele></trkpt>
   <trkpt lat="50.406706" lon="2.982949"><ele>42.5</ele></trkpt>
   <trkpt lat="50.390309" lon="2.979165"><ele>53</ele></trkpt>
   <trkpt lat="50.389181" lon="2.978896"><ele>53.75</ele></trkpt>
   <trkpt lat="50.388338" lon="2.978674"><ele>53.5</ele></trkpt>
   <trkpt lat="50.387489" lon="2.978434"><ele>53</ele></trkpt>
   <trkpt lat="50.386655" lon="2.978176"><ele>52.75</ele></trkpt>
   <trkpt lat="50.386474" lon="2.978116"><ele>53</ele></trkpt>
   <trkpt lat="50.385353" lon="2.977727"><ele>53.25</ele></trkpt>
   <trkpt lat="50.384328" lon="2.977337"><ele>51.75</ele></trkpt>
   <trkpt lat="50.383884" lon="2.977157"><ele>52.25</ele></trkpt>
   <trkpt lat="50.382974" lon="2.976771"><ele>50.75</ele></trkpt>
   <trkpt lat="50.382241" lon="2.976439"><ele>50.5</ele></trkpt>
   <trkpt lat="50.381288" lon="2.975983"><ele>49.5</ele></trkpt>
   <trkpt lat="50.380249" lon="2.975448"><ele>50.5</ele></trkpt>
   <trkpt lat="50.379424" lon="2.975"><ele>49.75</ele></trkpt>
   <trkpt lat="50.378179" lon="2.974274"><ele>49.25</ele></trkpt>
   <trkpt lat="50.377558" lon="2.973893"><ele>48.75</ele></trkpt>
   <trkpt lat="50.37694" lon="2.9735"><ele>48</ele></trkpt>
   <trkpt lat="50.375958" lon="2.972846"><ele>48.25</ele></trkpt>
   <trkpt lat="50.375463" lon="2.972501"><ele>47.25</ele></trkpt>
   <trkpt lat="50.374982" lon="2.97216"><ele>48</ele></trkpt>
   <trkpt lat="50.374015" lon="2.971446"><ele>47</ele></trkpt>
   <trkpt lat="50.371495" lon="2.969507"><ele>46.5</ele></trkpt>
   <trkpt lat="50.368176" lon="2.966939"><ele>44.5</ele></trkpt>
   <trkpt lat="50.366732" lon="2.96579"><ele>40.25</ele></trkpt>
   <trkpt lat="50.366544" lon="2.965633"><ele>41</ele></trkpt>
   <trkpt lat="50.365484" lon="2.964719"><ele>43.5</ele></trkpt>
   <trkpt lat="50.365153" lon="2.964426"><ele>42.5</ele></trkpt>
   <trkpt lat="50.364338" lon="2.963682"><ele>40.75</ele></trkpt>
   <trkpt lat="50.363367" lon="2.962756"><ele>41</ele></trkpt>
   <trkpt lat="50.362432" lon="2.961822"><ele>39.5</ele></trkpt>
   <trkpt lat="50.361892" lon="2.961262"><ele>40.25</ele></trkpt>
   <trkpt lat="50.361491" lon="2.960837"><ele>40.5</ele></trkpt>
   <trkpt lat="50.360821" lon="2.960107"><ele>40.25</ele></trkpt>
   <trkpt lat="50.36014" lon="2.959343"><ele>42</ele></trkpt>
   <trkpt lat="50.359651" lon="2.958774"><ele>42.25</ele></trkpt>
   <trkpt lat="50.3592" lon="2.958243"><ele>41.75</ele></trkpt>
   <trkpt lat="50.358695" lon="2.957633"><ele>42.5</ele></trkpt>
   <trkpt lat="50.358235" lon="2.957064"><ele>43.5</ele></trkpt>
   <trkpt lat="50.35741" lon="2.956013"><ele>43.75</ele></trkpt>
   <trkpt lat="50.356573" lon="2.954901"><ele>44</ele></trkpt>
   <trkpt lat="50.355895" lon="2.953966"><ele>44.25</ele></trkpt>
   <trkpt lat="50.35541" lon="2.953273"><ele>43.75</ele></trkpt>
   <trkpt lat="50.355009" lon="2.952692"><ele>44</ele></trkpt>
   <trkpt lat="50.354461" lon="2.951876"><ele>43.75</ele></trkpt>
   <trkpt lat="50.353527" lon="2.950432"><ele>44.5</ele></trkpt>
   <trkpt lat="50.353149" lon="2.949825"><ele>44.75</ele></trkpt>
   <trkpt lat="50.352396" lon="2.948586"><ele>44.5</ele></trkpt>
   <trkpt lat="50.351672" lon="2.947358"><ele>45</ele></trkpt>
   <trkpt lat="50.34862" lon="2.942137"><ele>49</ele></trkpt>
   <trkpt lat="50.346875" lon="2.939151"><ele>52.5</ele></trkpt>
   <trkpt lat="50.346241" lon="2.938074"><ele>53.5</ele></trkpt>
   <trkpt lat="50.34449" lon="2.935172"><ele>57</ele></trkpt>
   <trkpt lat="50.336993" lon="2.92236"><ele>56.5</ele></trkpt>
   <trkpt lat="50.33374" lon="2.916797"><ele>53.25</ele></trkpt>
   <trkpt lat="50.332982" lon="2.915515"><ele>53.75</ele></trkpt>
   <trkpt lat="50.332212" lon="2.914252"><ele>57</ele></trkpt>
   <trkpt lat="50.331389" lon="2.912956"><ele>55.75</ele></trkpt>
   <trkpt lat="50.330634" lon="2.911812"><ele>52.75</ele></trkpt>
   <trkpt lat="50.329861" lon="2.910689"><ele>52</ele></trkpt>
   <trkpt lat="50.329078" lon="2.909596"><ele>52</ele></trkpt>
   <trkpt lat="50.328688" lon="2.909065"><ele>51.5</ele></trkpt>
   <trkpt lat="50.328283" lon="2.908529"><ele>51.5</ele></trkpt>
   <trkpt lat="50.327806" lon="2.907903"><ele>52</ele></trkpt>
   <trkpt lat="50.326679" lon="2.906491"><ele>52.5</ele></trkpt>
   <trkpt lat="50.326036" lon="2.90572"><ele>53.5</ele></trkpt>
   <trkpt lat="50.325431" lon="2.905019"><ele>54.5</ele></trkpt>
   <trkpt lat="50.324811" lon="2.904315"><ele>55.5</ele></trkpt>
   <trkpt lat="50.323885" lon="2.903307"><ele>57</ele></trkpt>
   <trkpt lat="50.323049" lon="2.902436"><ele>57.25</ele></trkpt>
   <trkpt lat="50.322491" lon="2.901869"><ele>58.25</ele></trkpt>
   <trkpt lat="50.321367" lon="2.900779"><ele>60</ele></trkpt>
   <trkpt lat="50.320428" lon="2.899916"><ele>61.25</ele></trkpt>
   <trkpt lat="50.318874" lon="2.898581"><ele>63</ele></trkpt>
   <trkpt lat="50.318246" lon="2.898061"><ele>64.75</ele></trkpt>
   <trkpt lat="50.317208" lon="2.897246"><ele>64.75</ele></trkpt>
   <trkpt lat="50.316355" lon="2.896611"><ele>66.25</ele></trkpt>
   <trkpt lat="50.315455" lon="2.895968"><ele>64.5</ele></trkpt>
   <trkpt lat="50.314696" lon="2.895456"><ele>66</ele></trkpt>
   <trkpt lat="50.313805" lon="2.894874"><ele>63</ele></trkpt>
   <trkpt lat="50.312557" lon="2.8941"><ele>61</ele></trkpt>
   <trkpt lat="50.310812" lon="2.893067"><ele>59</ele></trkpt>
   <trkpt lat="50.309647" lon="2.892371"><ele>57.25</ele></trkpt>
   <trkpt lat="50.304324" lon="2.889232"><ele>50.25</ele></trkpt>
   <trkpt lat="50.299838" lon="2.88657"><ele>49.5</ele></trkpt>
   <trkpt lat="50.299184" lon="2.886172"><ele>50.25</ele></trkpt>
   <trkpt lat="50.298309" lon="2.885625"><ele>49.75</ele></trkpt>
   <trkpt lat="50.297096" lon="2.88484"><ele>51.75</ele></trkpt>
   <trkpt lat="50.296559" lon="2.88448"><ele>52.75</ele></trkpt>
   <trkpt lat="50.295719" lon="2.883892"><ele>54.25</ele></trkpt>
   <trkpt lat="50.295032" lon="2.883402"><ele>55.5</ele></trkpt>
   <trkpt lat="50.294447" lon="2.882967"><ele>56.75</ele></trkpt>
   <trkpt lat="50.29343" lon="2.882194"><ele>56.75</ele></trkpt>
   <trkpt lat="50.292839" lon="2.881731"><ele>57.25</ele></trkpt>
   <trkpt lat="50.292049" lon="2.881097"><ele>59.75</ele></trkpt>
   <trkpt lat="50.291061" lon="2.880283"><ele>62.25</ele></trkpt>
   <trkpt lat="50.289951" lon="2.87933"><ele>65</ele></trkpt>
   <trkpt lat="50.289027" lon="2.878503"><ele>69.5</ele></trkpt>
   <trkpt lat="50.288203" lon="2.877745"><ele>73.5</ele></trkpt>
   <trkpt lat="50.2874" lon="2.876985"><ele>76</ele></trkpt>
   <trkpt lat="50.286009" lon="2.875622"><ele>80</ele></trkpt>
   <trkpt lat="50.281367" lon="2.871028"><ele>91.25</ele></trkpt>
   <trkpt lat="50.277653" lon="2.867342"><ele>96</ele></trkpt>
   <trkpt lat="50.276325" lon="2.866046"><ele>96.25</ele></trkpt>
   <trkpt lat="50.275451" lon="2.865228"><ele>96</ele></trkpt>
   <trkpt lat="50.274545" lon="2.864418"><ele>96.5</ele></trkpt>
   <trkpt lat="50.274051" lon="2.863991"><ele>96.5</ele></trkpt>
   <trkpt lat="50.273221" lon="2.863296"><ele>96</ele></trkpt>
   <trkpt lat="50.272743" lon="2.862907"><ele>95.5</ele></trkpt>
   <trkpt lat="50.271726" lon="2.862116"><ele>94.5</ele></trkpt>
   <trkpt lat="50.270876" lon="2.861484"><ele>94.25</ele></trkpt>
   <trkpt lat="50.269676" lon="2.860644"><ele>94.5</ele></trkpt>
   <trkpt lat="50.269194" lon="2.86032"><ele>93.75</ele></trkpt>
   <trkpt lat="50.268067" lon="2.859598"><ele>94</ele></trkpt>
   <trkpt lat="50.267333" lon="2.859153"><ele>93</ele></trkpt>
   <trkpt lat="50.26685" lon="2.858867"><ele>93.5</ele></trkpt>
   <trkpt lat="50.266143" lon="2.85847"><ele>94</ele></trkpt>
   <trkpt lat="50.265373" lon="2.858056"><ele>92.25</ele></trkpt>
   <trkpt lat="50.264712" lon="2.857716"><ele>92.5</ele></trkpt>
   <trkpt lat="50.263904" lon="2.857318"><ele>93</ele></trkpt>
   <trkpt lat="50.262793" lon="2.856811"><ele>92</ele></trkpt>
   <trkpt lat="50.261788" lon="2.856384"><ele>88.75</ele></trkpt>
   <trkpt lat="50.260869" lon="2.856021"><ele>87</ele></trkpt>
   <trkpt lat="50.259986" lon="2.8557"><ele>85.25</ele></trkpt>
   <trkpt lat="50.2596" lon="2.855566"><ele>84.5</ele></trkpt>
   <trkpt lat="50.258453" lon="2.855198"><ele>82</ele></trkpt>
   <trkpt lat="50.258034" lon="2.855073"><ele>81.5</ele></trkpt>
   <trkpt lat="50.257168" lon="2.854833"><ele>79.75</ele></trkpt>
   <trkpt lat="50.256151" lon="2.854577"><ele>77</ele></trkpt>
   <trkpt lat="50.252265" lon="2.853679"><ele>64.5</ele></trkpt>
   <trkpt lat="50.252058" lon="2.853636"><ele>66</ele></trkpt>
   <trkpt lat="50.25083" lon="2.853352"><ele>70.5</ele></trkpt>
   <trkpt lat="50.250136" lon="2.853201"><ele>69.75</ele></trkpt>
   <trkpt lat="50.249447" lon="2.853062"><ele>70.75</ele></trkpt>
   <trkpt lat="50.248071" lon="2.852831"><ele>73</ele></trkpt>
   <trkpt lat="50.247382" lon="2.852733"><ele>73.5</ele></trkpt>
   <trkpt lat="50.246689" lon="2.85265"><ele>74.25</ele></trkpt>
   <trkpt lat="50.246007" lon="2.85258"><ele>77</ele></trkpt>
   <trkpt lat="50.244586" lon="2.852479"><ele>80.25</ele></trkpt>
   <trkpt lat="50.243354" lon="2.852443"><ele>81.25</ele></trkpt>
   <trkpt lat="50.242418" lon="2.852441"><ele>81.5</ele></trkpt>
   <trkpt lat="50.241384" lon="2.852472"><ele>80.25</ele></trkpt>
   <trkpt lat="50.24027" lon="2.852539"><ele>79.5</ele></trkpt>
   <trkpt lat="50.239529" lon="2.852602"><ele>78.5</ele></trkpt>
   <trkpt lat="50.238292" lon="2.852747"><ele>75.75</ele></trkpt>
   <trkpt lat="50.237782" lon="2.852818"><ele>74.5</ele></trkpt>
   <trkpt lat="50.236685" lon="2.853002"><ele>72.5</ele></trkpt>
   <trkpt lat="50.235981" lon="2.853137"><ele>71.5</ele></trkpt>
   <trkpt lat="50.235334" lon="2.853272"><ele>72</ele></trkpt>
   <trkpt lat="50.234509" lon="2.853467"><ele>65</ele></trkpt>
   <trkpt lat="50.234226" lon="2.853534"><ele>66.5</ele></trkpt>
   <trkpt lat="50.233273" lon="2.853792"><ele>72.25</ele></trkpt>
   <trkpt lat="50.232608" lon="2.853985"><ele>73.75</ele></trkpt>
   <trkpt lat="50.232126" lon="2.854135"><ele>75.25</ele></trkpt>
   <trkpt lat="50.231656" lon="2.854286"><ele>76</ele></trkpt>
   <trkpt lat="50.231004" lon="2.854511"><ele>78.75</ele></trkpt>
   <trkpt lat="50.230304" lon="2.854764"><ele>81.5</ele></trkpt>
   <trkpt lat="50.22887" lon="2.855322"><ele>85.75</ele></trkpt>
   <trkpt lat="50.224535" lon="2.85708"><ele>93</ele></trkpt>
   <trkpt lat="50.224451" lon="2.857114"><ele>92</ele></trkpt>
   <trkpt lat="50.220844" lon="2.858586"><ele>100.75</ele></trkpt>
   <trkpt lat="50.214004" lon="2.861368"><ele>102.75</ele></trkpt>
   <trkpt lat="50.212778" lon="2.861863"><ele>102.5</ele></trkpt>
   <trkpt lat="50.211159" lon="2.862502"><ele>103.75</ele></trkpt>
   <trkpt lat="50.209597" lon="2.863087"><ele>102.75</ele></trkpt>
   <trkpt lat="50.207433" lon="2.863842"><ele>100.5</ele></trkpt>
   <trkpt lat="50.207324" lon="2.863877"><ele>101.5</ele></trkpt>
   <trkpt lat="50.203605" lon="2.865147"><ele>98.25</ele></trkpt>
   <trkpt lat="50.203286" lon="2.865254"><ele>94.75</ele></trkpt>
   <trkpt lat="50.193598" lon="2.868565"><ele>78.25</ele></trkpt>
   <trkpt lat="50.193508" lon="2.868595"><ele>80.25</ele></trkpt>
   <trkpt lat="50.191513" lon="2.869274"><ele>84.75</ele></trkpt>
   <trkpt lat="50.191486" lon="2.869284"><ele>84.75</ele></trkpt>
   <trkpt lat="50.190783" lon="2.869529"><ele>85.25</ele></trkpt>
   <trkpt lat="50.188727" lon="2.870228"><ele>88</ele></trkpt>
   <trkpt lat="50.187248" lon="2.870724"><ele>88.75</ele></trkpt>
   <trkpt lat="50.186717" lon="2.870888"><ele>90</ele></trkpt>
   <trkpt lat="50.185816" lon="2.871156"><ele>92</ele></trkpt>
   <trkpt lat="50.184712" lon="2.871447"><ele>94.5</ele></trkpt>
   <trkpt lat="50.183595" lon="2.871703"><ele>97.25</ele></trkpt>
   <trkpt lat="50.182251" lon="2.871964"><ele>100</ele></trkpt>
   <trkpt lat="50.181422" lon="2.872098"><ele>101.25</ele></trkpt>
   <trkpt lat="50.180799" lon="2.872178"><ele>100.75</ele></trkpt>
   <trkpt lat="50.180728" lon="2.872188"><ele>101.25</ele></trkpt>
   <trkpt lat="50.180319" lon="2.872243"><ele>102.5</ele></trkpt>
   <trkpt lat="50.179771" lon="2.872301"><ele>102.75</ele></trkpt>
   <trkpt lat="50.179225" lon="2.872353"><ele>102.25</ele></trkpt>
   <trkpt lat="50.178389" lon="2.872416"><ele>103.25</ele></trkpt>
   <trkpt lat="50.177915" lon="2.872442"><ele>104</ele></trkpt>
   <trkpt lat="50.176921" lon="2.872478"><ele>105.75</ele></trkpt>
   <trkpt lat="50.175912" lon="2.872484"><ele>106.75</ele></trkpt>
   <trkpt lat="50.174464" lon="2.872443"><ele>108.5</ele></trkpt>
   <trkpt lat="50.16963" lon="2.872217"><ele>113.25</ele></trkpt>
   <trkpt lat="50.168686" lon="2.872187"><ele>113.75</ele></trkpt>
   <trkpt lat="50.167516" lon="2.872166"><ele>113.5</ele></trkpt>
   <trkpt lat="50.167118" lon="2.872167"><ele>111.5</ele></trkpt>
   <trkpt lat="50.166918" lon="2.872168"><ele>109.5</ele></trkpt>
   <trkpt lat="50.165502" lon="2.872186"><ele>114.25</ele></trkpt>
   <trkpt lat="50.160159" lon="2.872371"><ele>112.5</ele></trkpt>
   <trkpt lat="50.159526" lon="2.872382"><ele>113</ele></trkpt>
   <trkpt lat="50.1583" lon="2.872391"><ele>112</ele></trkpt>
   <trkpt lat="50.157284" lon="2.872379"><ele>112</ele></trkpt>
   <trkpt lat="50.156265" lon="2.872348"><ele>112</ele></trkpt>
   <trkpt lat="50.155265" lon="2.872303"><ele>111.5</ele></trkpt>
   <trkpt lat="50.153244" lon="2.872189"><ele>110</ele></trkpt>
   <trkpt lat="50.152058" lon="2.872131"><ele>110</ele></trkpt>
   <trkpt lat="50.151772" lon="2.872116"><ele>110.25</ele></trkpt>
   <trkpt lat="50.149231" lon="2.87192"><ele>110</ele></trkpt>
   <trkpt lat="50.148514" lon="2.871881"><ele>110</ele></trkpt>
   <trkpt lat="50.144378" lon="2.871651"><ele>110</ele></trkpt>
   <trkpt lat="50.139611" lon="2.8714"><ele>109</ele></trkpt>
   <trkpt lat="50.138887" lon="2.871361"><ele>109</ele></trkpt>
   <trkpt lat="50.134483" lon="2.871125"><ele>108</ele></trkpt>
   <trkpt lat="50.134456" lon="2.871123"><ele>108</ele></trkpt>
   <trkpt lat="50.132754" lon="2.871034"><ele>109.25</ele></trkpt>
   <trkpt lat="50.130561" lon="2.870959"><ele>110</ele></trkpt>
   <trkpt lat="50.125091" lon="2.870881"><ele>111.5</ele></trkpt>
   <trkpt lat="50.097215" lon="2.870514"><ele>123</ele></trkpt>
   <trkpt lat="50.095559" lon="2.870484"><ele>125.25</ele></trkpt>
   <trkpt lat="50.094638" lon="2.870452"><ele>126.25</ele></trkpt>
   <trkpt lat="50.093297" lon="2.870377"><ele>128</ele></trkpt>
   <trkpt lat="50.091998" lon="2.870276"><ele>129</ele></trkpt>
   <trkpt lat="50.089581" lon="2.870038"><ele>128.5</ele></trkpt>
   <trkpt lat="50.088597" lon="2.869931"><ele>127.25</ele></trkpt>
   <trkpt lat="50.088201" lon="2.869896"><ele>123.75</ele></trkpt>
   <trkpt lat="50.08648" lon="2.869707"><ele>127.5</ele></trkpt>
   <trkpt lat="50.085019" lon="2.869562"><ele>124</ele></trkpt>
   <trkpt lat="50.084052" lon="2.869485"><ele>124</ele></trkpt>
   <trkpt lat="50.083115" lon="2.86943"><ele>123.75</ele></trkpt>
   <trkpt lat="50.082316" lon="2.869401"><ele>122.75</ele></trkpt>
   <trkpt lat="50.08152" lon="2.869386"><ele>122</ele></trkpt>
   <trkpt lat="50.080719" lon="2.869388"><ele>120.75</ele></trkpt>
   <trkpt lat="50.07936" lon="2.869428"><ele>117.75</ele></trkpt>
   <trkpt lat="50.078185" lon="2.869496"><ele>116.5</ele></trkpt>
   <trkpt lat="50.077551" lon="2.869548"><ele>114</ele></trkpt>
   <trkpt lat="50.07629" lon="2.869678"><ele>112.25</ele></trkpt>
   <trkpt lat="50.075621" lon="2.869764"><ele>113</ele></trkpt>
   <trkpt lat="50.074852" lon="2.869876"><ele>112.25</ele></trkpt>
   <trkpt lat="50.074052" lon="2.870005"><ele>112.5</ele></trkpt>
   <trkpt lat="50.063273" lon="2.871925"><ele>118.5</ele></trkpt>
   <trkpt lat="50.053609" lon="2.87366"><ele>118</ele></trkpt>
   <trkpt lat="50.052192" lon="2.873932"><ele>119.25</ele></trkpt>
   <trkpt lat="50.050941" lon="2.874209"><ele>120</ele></trkpt>
   <trkpt lat="50.050005" lon="2.874442"><ele>121</ele></trkpt>
   <trkpt lat="50.04948" lon="2.874584"><ele>121.25</ele></trkpt>
   <trkpt lat="50.048292" lon="2.874927"><ele>123.25</ele></trkpt>
   <trkpt lat="50.041372" lon="2.8771"><ele>135.25</ele></trkpt>
   <trkpt lat="50.04021" lon="2.877442"><ele>137.25</ele></trkpt>
   <trkpt lat="50.039609" lon="2.877605"><ele>139.25</ele></trkpt>
   <trkpt lat="50.038508" lon="2.877879"><ele>141.25</ele></trkpt>
   <trkpt lat="50.03797" lon="2.877997"><ele>141.5</ele></trkpt>
   <trkpt lat="50.037048" lon="2.87818"><ele>143</ele></trkpt>
   <trkpt lat="50.036234" lon="2.878323"><ele>143</ele></trkpt>
   <trkpt lat="50.035149" lon="2.878482"><ele>141.75</ele></trkpt>
   <trkpt lat="50.033971" lon="2.878617"><ele>143.75</ele></trkpt>
   <trkpt lat="50.033584" lon="2.878651"><ele>144</ele></trkpt>
   <trkpt lat="50.032666" lon="2.878719"><ele>144.5</ele></trkpt>
   <trkpt lat="50.031948" lon="2.878754"><ele>144.25</ele></trkpt>
   <trkpt lat="50.030963" lon="2.878777"><ele>143.75</ele></trkpt>
   <trkpt lat="50.030375" lon="2.878779"><ele>142.5</ele></trkpt>
   <trkpt lat="50.029978" lon="2.878775"><ele>141.75</ele></trkpt>
   <trkpt lat="50.029002" lon="2.878744"><ele>140.5</ele></trkpt>
   <trkpt lat="50.027723" lon="2.87866"><ele>136</ele></trkpt>
   <trkpt lat="50.02676" lon="2.878568"><ele>134.25</ele></trkpt>
   <trkpt lat="50.026399" lon="2.878525"><ele>133.25</ele></trkpt>
   <trkpt lat="50.024817" lon="2.878308"><ele>128.5</ele></trkpt>
   <trkpt lat="50.01123" lon="2.876218"><ele>123.75</ele></trkpt>
   <trkpt lat="50.01089" lon="2.876161"><ele>121.5</ele></trkpt>
   <trkpt lat="50.010627" lon="2.876123"><ele>124.5</ele></trkpt>
   <trkpt lat="50.010306" lon="2.876076"><ele>126</ele></trkpt>
   <trkpt lat="50.007688" lon="2.875737"><ele>127</ele></trkpt>
   <trkpt lat="50.003652" lon="2.875113"><ele>128.75</ele></trkpt>
   <trkpt lat="50.00082" lon="2.874677"><ele>122.75</ele></trkpt>
   <trkpt lat="49.999082" lon="2.874406"><ele>118.25</ele></trkpt>
   <trkpt lat="49.997515" lon="2.874129"><ele>114</ele></trkpt>
   <trkpt lat="49.996719" lon="2.873963"><ele>111</ele></trkpt>
   <trkpt lat="49.995964" lon="2.873795"><ele>108.75</ele></trkpt>
   <trkpt lat="49.994654" lon="2.873453"><ele>106.75</ele></trkpt>
   <trkpt lat="49.994015" lon="2.873269"><ele>104.5</ele></trkpt>
   <trkpt lat="49.99356" lon="2.873128"><ele>104.25</ele></trkpt>
   <trkpt lat="49.992656" lon="2.872833"><ele>103.25</ele></trkpt>
   <trkpt lat="49.991932" lon="2.872579"><ele>102.75</ele></trkpt>
   <trkpt lat="49.991376" lon="2.87237"><ele>102.25</ele></trkpt>
   <trkpt lat="49.990349" lon="2.871959"><ele>97.75</ele></trkpt>
   <trkpt lat="49.990218" lon="2.871906"><ele>96.75</ele></trkpt>
   <trkpt lat="49.989157" lon="2.871449"><ele>101.75</ele></trkpt>
   <trkpt lat="49.988069" lon="2.870938"><ele>100.75</ele></trkpt>
   <trkpt lat="49.987553" lon="2.870681"><ele>100.5</ele></trkpt>
   <trkpt lat="49.98702" lon="2.870407"><ele>102.5</ele></trkpt>
   <trkpt lat="49.986127" lon="2.869927"><ele>101.5</ele></trkpt>
   <trkpt lat="49.985558" lon="2.869608"><ele>101</ele></trkpt>
   <trkpt lat="49.984455" lon="2.868954"><ele>99</ele></trkpt>
   <trkpt lat="49.983094" lon="2.868097"><ele>95.5</ele></trkpt>
   <trkpt lat="49.971975" lon="2.860843"><ele>72.75</ele></trkpt>
   <trkpt lat="49.97186" lon="2.86077"><ele>72.25</ele></trkpt>
   <trkpt lat="49.969045" lon="2.85894"><ele>66.5</ele></trkpt>
   <trkpt lat="49.968085" lon="2.858338"><ele>63.75</ele></trkpt>
   <trkpt lat="49.967487" lon="2.857978"><ele>60.5</ele></trkpt>
   <trkpt lat="49.966879" lon="2.857627"><ele>59</ele></trkpt>
   <trkpt lat="49.966272" lon="2.857285"><ele>58.25</ele></trkpt>
   <trkpt lat="49.965434" lon="2.85684"><ele>55.25</ele></trkpt>
   <trkpt lat="49.964722" lon="2.856478"><ele>54</ele></trkpt>
   <trkpt lat="49.963214" lon="2.855769"><ele>52.25</ele></trkpt>
   <trkpt lat="49.962547" lon="2.855481"><ele>51</ele></trkpt>
   <trkpt lat="49.961561" lon="2.855076"><ele>52</ele></trkpt>
   <trkpt lat="49.960551" lon="2.854696"><ele>50</ele></trkpt>
   <trkpt lat="49.959717" lon="2.854406"><ele>50</ele></trkpt>
   <trkpt lat="49.958587" lon="2.854046"><ele>50</ele></trkpt>
   <trkpt lat="49.957554" lon="2.853752"><ele>49.75</ele></trkpt>
   <trkpt lat="49.956555" lon="2.853496"><ele>50</ele></trkpt>
   <trkpt lat="49.955537" lon="2.853268"><ele>50.75</ele></trkpt>
   <trkpt lat="49.954443" lon="2.853058"><ele>50.75</ele></trkpt>
   <trkpt lat="49.951426" lon="2.852587"><ele>48.25</ele></trkpt>
   <trkpt lat="49.948785" lon="2.852204"><ele>50.25</ele></trkpt>
   <trkpt lat="49.947206" lon="2.85197"><ele>58.5</ele></trkpt>
   <trkpt lat="49.947061" lon="2.851948"><ele>59.5</ele></trkpt>
   <trkpt lat="49.943115" lon="2.851375"><ele>69.75</ele></trkpt>
   <trkpt lat="49.942032" lon="2.851234"><ele>71.75</ele></trkpt>
   <trkpt lat="49.941359" lon="2.851163"><ele>76</ele></trkpt>
   <trkpt lat="49.940646" lon="2.8511"><ele>77.75</ele></trkpt>
   <trkpt lat="49.939769" lon="2.851041"><ele>80.25</ele></trkpt>
   <trkpt lat="49.938924" lon="2.851006"><ele>82.25</ele></trkpt>
   <trkpt lat="49.938001" lon="2.850994"><ele>84.5</ele></trkpt>
   <trkpt lat="49.937175" lon="2.850998"><ele>87</ele></trkpt>
   <trkpt lat="49.936365" lon="2.851022"><ele>89.25</ele></trkpt>
   <trkpt lat="49.932884" lon="2.851177"><ele>94.25</ele></trkpt>
   <trkpt lat="49.930989" lon="2.851239"><ele>92.75</ele></trkpt>
   <trkpt lat="49.930226" lon="2.851243"><ele>92.5</ele></trkpt>
   <trkpt lat="49.929493" lon="2.851228"><ele>92</ele></trkpt>
   <trkpt lat="49.928734" lon="2.851208"><ele>92.25</ele></trkpt>
   <trkpt lat="49.928235" lon="2.851178"><ele>92.75</ele></trkpt>
   <trkpt lat="49.927456" lon="2.851126"><ele>93</ele></trkpt>
   <trkpt lat="49.926252" lon="2.851015"><ele>90.25</ele></trkpt>
   <trkpt lat="49.914603" lon="2.84988"><ele>79</ele></trkpt>
   <trkpt lat="49.913812" lon="2.849793"><ele>80.75</ele></trkpt>
   <trkpt lat="49.912982" lon="2.849687"><ele>82</ele></trkpt>
   <trkpt lat="49.911866" lon="2.849515"><ele>82</ele></trkpt>
   <trkpt lat="49.910718" lon="2.849302"><ele>80</ele></trkpt>
   <trkpt lat="49.910488" lon="2.849255"><ele>79</ele></trkpt>
   <trkpt lat="49.9096" lon="2.849055"><ele>81</ele></trkpt>
   <trkpt lat="49.908778" lon="2.848851"><ele>82</ele></trkpt>
   <trkpt lat="49.908011" lon="2.848641"><ele>82</ele></trkpt>
   <trkpt lat="49.906704" lon="2.848243"><ele>80</ele></trkpt>
   <trkpt lat="49.905359" lon="2.847781"><ele>79.75</ele></trkpt>
   <trkpt lat="49.904143" lon="2.847312"><ele>78</ele></trkpt>
   <trkpt lat="49.902969" lon="2.846814"><ele>78</ele></trkpt>
   <trkpt lat="49.902443" lon="2.84658"><ele>77.25</ele></trkpt>
   <trkpt lat="49.901904" lon="2.846328"><ele>76.25</ele></trkpt>
   <trkpt lat="49.901277" lon="2.846024"><ele>76.25</ele></trkpt>
   <trkpt lat="49.900659" lon="2.845709"><ele>75.75</ele></trkpt>
   <trkpt lat="49.900137" lon="2.845437"><ele>76</ele></trkpt>
   <trkpt lat="49.89955" lon="2.845117"><ele>75.5</ele></trkpt>
   <trkpt lat="49.898872" lon="2.844731"><ele>74</ele></trkpt>
   <trkpt lat="49.897906" lon="2.844161"><ele>73</ele></trkpt>
   <trkpt lat="49.897414" lon="2.843859"><ele>72.25</ele></trkpt>
   <trkpt lat="49.894154" lon="2.841857"><ele>70</ele></trkpt>
   <trkpt lat="49.893069" lon="2.841206"><ele>69</ele></trkpt>
   <trkpt lat="49.892661" lon="2.84097"><ele>68.25</ele></trkpt>
   <trkpt lat="49.891981" lon="2.840588"><ele>67.5</ele></trkpt>
   <trkpt lat="49.890718" lon="2.839925"><ele>69.75</ele></trkpt>
   <trkpt lat="49.890022" lon="2.839581"><ele>72.5</ele></trkpt>
   <trkpt lat="49.889291" lon="2.839241"><ele>75.75</ele></trkpt>
   <trkpt lat="49.885323" lon="2.837668"><ele>77.5</ele></trkpt>
   <trkpt lat="49.883898" lon="2.837226"><ele>70</ele></trkpt>
   <trkpt lat="49.882189" lon="2.836758"><ele>69.5</ele></trkpt>
   <trkpt lat="49.878133" lon="2.835694"><ele>72.25</ele></trkpt>
   <trkpt lat="49.876252" lon="2.835228"><ele>75.5</ele></trkpt>
   <trkpt lat="49.875079" lon="2.834969"><ele>76.5</ele></trkpt>
   <trkpt lat="49.874006" lon="2.83474"><ele>77</ele></trkpt>
   <trkpt lat="49.872908" lon="2.834544"><ele>77.5</ele></trkpt>
   <trkpt lat="49.871161" lon="2.834254"><ele>79</ele></trkpt>
   <trkpt lat="49.870883" lon="2.834207"><ele>79.25</ele></trkpt>
   <trkpt lat="49.868354" lon="2.833716"><ele>80</ele></trkpt>
   <trkpt lat="49.865198" lon="2.833187"><ele>81.75</ele></trkpt>
   <trkpt lat="49.863885" lon="2.832945"><ele>82.75</ele></trkpt>
   <trkpt lat="49.862174" lon="2.8326"><ele>83</ele></trkpt>
   <trkpt lat="49.859153" lon="2.832094"><ele>83.75</ele></trkpt>
   <trkpt lat="49.856711" lon="2.83169"><ele>82</ele></trkpt>
   <trkpt lat="49.855902" lon="2.831575"><ele>82.5</ele></trkpt>
   <trkpt lat="49.854942" lon="2.831455"><ele>81.75</ele></trkpt>
   <trkpt lat="49.853674" lon="2.831271"><ele>81.5</ele></trkpt>
   <trkpt lat="49.850895" lon="2.830805"><ele>80</ele></trkpt>
   <trkpt lat="49.850244" lon="2.830706"><ele>79.75</ele></trkpt>
   <trkpt lat="49.849624" lon="2.830626"><ele>78.5</ele></trkpt>
   <trkpt lat="49.848365" lon="2.830443"><ele>78.25</ele></trkpt>
   <trkpt lat="49.844955" lon="2.829873"><ele>79</ele></trkpt>
   <trkpt lat="49.840289" lon="2.829097"><ele>84</ele></trkpt>
   <trkpt lat="49.838845" lon="2.828825"><ele>84.75</ele></trkpt>
   <trkpt lat="49.838031" lon="2.828649"><ele>85</ele></trkpt>
   <trkpt lat="49.837097" lon="2.828422"><ele>84.75</ele></trkpt>
   <trkpt lat="49.836449" lon="2.828248"><ele>84.75</ele></trkpt>
   <trkpt lat="49.835754" lon="2.828049"><ele>85</ele></trkpt>
   <trkpt lat="49.834669" lon="2.827709"><ele>84</ele></trkpt>
   <trkpt lat="49.834011" lon="2.827485"><ele>84.25</ele></trkpt>
   <trkpt lat="49.833377" lon="2.827257"><ele>83.5</ele></trkpt>
   <trkpt lat="49.832628" lon="2.826974"><ele>84</ele></trkpt>
   <trkpt lat="49.831973" lon="2.826709"><ele>84</ele></trkpt>
   <trkpt lat="49.831357" lon="2.826449"><ele>84</ele></trkpt>
   <trkpt lat="49.830131" lon="2.825899"><ele>83.75</ele></trkpt>
   <trkpt lat="49.815837" lon="2.819219"><ele>89.25</ele></trkpt>
   <trkpt lat="49.81376" lon="2.818232"><ele>89.75</ele></trkpt>
   <trkpt lat="49.812949" lon="2.817821"><ele>89.25</ele></trkpt>
   <trkpt lat="49.811782" lon="2.817189"><ele>89.25</ele></trkpt>
   <trkpt lat="49.811196" lon="2.816856"><ele>89.5</ele></trkpt>
   <trkpt lat="49.810058" lon="2.816172"><ele>91.5</ele></trkpt>
   <trkpt lat="49.809496" lon="2.815819"><ele>92.5</ele></trkpt>
   <trkpt lat="49.80896" lon="2.815469"><ele>92.25</ele></trkpt>
   <trkpt lat="49.807846" lon="2.81471"><ele>94.75</ele></trkpt>
   <trkpt lat="49.806972" lon="2.814082"><ele>94.75</ele></trkpt>
   <trkpt lat="49.80625" lon="2.813538"><ele>94.75</ele></trkpt>
   <trkpt lat="49.805422" lon="2.812895"><ele>91.25</ele></trkpt>
   <trkpt lat="49.804997" lon="2.812548"><ele>93</ele></trkpt>
   <trkpt lat="49.803951" lon="2.811684"><ele>89.5</ele></trkpt>
   <trkpt lat="49.803802" lon="2.811555"><ele>88.25</ele></trkpt>
   <trkpt lat="49.802148" lon="2.81009"><ele>90.75</ele></trkpt>
   <trkpt lat="49.799245" lon="2.807494"><ele>88.75</ele></trkpt>
   <trkpt lat="49.798061" lon="2.80647"><ele>88.25</ele></trkpt>
   <trkpt lat="49.79709" lon="2.805669"><ele>87</ele></trkpt>
   <trkpt lat="49.796121" lon="2.804913"><ele>86</ele></trkpt>
   <trkpt lat="49.795135" lon="2.804185"><ele>85.25</ele></trkpt>
   <trkpt lat="49.794562" lon="2.803779"><ele>84.25</ele></trkpt>
   <trkpt lat="49.79397" lon="2.803367"><ele>85.25</ele></trkpt>
   <trkpt lat="49.793305" lon="2.802927"><ele>84.75</ele></trkpt>
   <trkpt lat="49.792577" lon="2.802463"><ele>85.75</ele></trkpt>
   <trkpt lat="49.791896" lon="2.802045"><ele>84.75</ele></trkpt>
   <trkpt lat="49.791706" lon="2.80193"><ele>84</ele></trkpt>
   <trkpt lat="49.790845" lon="2.801433"><ele>85.75</ele></trkpt>
   <trkpt lat="49.790079" lon="2.801011"><ele>84.25</ele></trkpt>
   <trkpt lat="49.789519" lon="2.800715"><ele>84.25</ele></trkpt>
   <trkpt lat="49.788921" lon="2.800409"><ele>84.5</ele></trkpt>
   <trkpt lat="49.788227" lon="2.800069"><ele>85.25</ele></trkpt>
   <trkpt lat="49.787002" lon="2.79951"><ele>85.25</ele></trkpt>
   <trkpt lat="49.785918" lon="2.799054"><ele>84.75</ele></trkpt>
   <trkpt lat="49.784869" lon="2.798648"><ele>85</ele></trkpt>
   <trkpt lat="49.783759" lon="2.798257"><ele>84.25</ele></trkpt>
   <trkpt lat="49.783149" lon="2.798061"><ele>84.25</ele></trkpt>
   <trkpt lat="49.782493" lon="2.797859"><ele>84.25</ele></trkpt>
   <trkpt lat="49.781673" lon="2.797626"><ele>84.25</ele></trkpt>
   <trkpt lat="49.780846" lon="2.797411"><ele>83.75</ele></trkpt>
   <trkpt lat="49.779822" lon="2.797175"><ele>83.25</ele></trkpt>
   <trkpt lat="49.77852" lon="2.796915"><ele>82.75</ele></trkpt>
   <trkpt lat="49.777795" lon="2.796795"><ele>82.25</ele></trkpt>
   <trkpt lat="49.777041" lon="2.796684"><ele>83</ele></trkpt>
   <trkpt lat="49.776148" lon="2.79657"><ele>82.75</ele></trkpt>
   <trkpt lat="49.771873" lon="2.79612"><ele>84</ele></trkpt>
   <trkpt lat="49.770498" lon="2.79595"><ele>84.25</ele></trkpt>
   <trkpt lat="49.769483" lon="2.795789"><ele>85</ele></trkpt>
   <trkpt lat="49.76837" lon="2.795586"><ele>85</ele></trkpt>
   <trkpt lat="49.767319" lon="2.795355"><ele>85</ele></trkpt>
   <trkpt lat="49.766749" lon="2.795217"><ele>85.5</ele></trkpt>
   <trkpt lat="49.766114" lon="2.795054"><ele>85.5</ele></trkpt>
   <trkpt lat="49.765427" lon="2.79486"><ele>84.75</ele></trkpt>
   <trkpt lat="49.764413" lon="2.794554"><ele>86</ele></trkpt>
   <trkpt lat="49.760076" lon="2.793137"><ele>86</ele></trkpt>
   <trkpt lat="49.758523" lon="2.792617"><ele>86.75</ele></trkpt>
   <trkpt lat="49.756965" lon="2.792066"><ele>88</ele></trkpt>
   <trkpt lat="49.755612" lon="2.791555"><ele>89.75</ele></trkpt>
   <trkpt lat="49.752038" lon="2.790125"><ele>92.75</ele></trkpt>
   <trkpt lat="49.751856" lon="2.790051"><ele>93.5</ele></trkpt>
   <trkpt lat="49.740868" lon="2.785623"><ele>89.5</ele></trkpt>
   <trkpt lat="49.739886" lon="2.785214"><ele>89</ele></trkpt>
   <trkpt lat="49.738922" lon="2.784793"><ele>89.25</ele></trkpt>
   <trkpt lat="49.737699" lon="2.784215"><ele>89.25</ele></trkpt>
   <trkpt lat="49.736887" lon="2.783802"><ele>88.75</ele></trkpt>
   <trkpt lat="49.736057" lon="2.783359"><ele>88</ele></trkpt>
   <trkpt lat="49.73512" lon="2.782832"><ele>87.75</ele></trkpt>
   <trkpt lat="49.734578" lon="2.782511"><ele>88</ele></trkpt>
   <trkpt lat="49.734025" lon="2.782175"><ele>88.5</ele></trkpt>
   <trkpt lat="49.732929" lon="2.781476"><ele>87.5</ele></trkpt>
   <trkpt lat="49.731836" lon="2.780733"><ele>87.5</ele></trkpt>
   <trkpt lat="49.730762" lon="2.779962"><ele>86.75</ele></trkpt>
   <trkpt lat="49.726009" lon="2.77641"><ele>86</ele></trkpt>
   <trkpt lat="49.725133" lon="2.775769"><ele>86.5</ele></trkpt>
   <trkpt lat="49.724263" lon="2.775161"><ele>86.5</ele></trkpt>
   <trkpt lat="49.723519" lon="2.774659"><ele>86.25</ele></trkpt>
   <trkpt lat="49.722771" lon="2.774178"><ele>86</ele></trkpt>
   <trkpt lat="49.722151" lon="2.773794"><ele>85.5</ele></trkpt>
   <trkpt lat="49.721497" lon="2.773403"><ele>85.25</ele></trkpt>
   <trkpt lat="49.720686" lon="2.772939"><ele>85.5</ele></trkpt>
   <trkpt lat="49.720246" lon="2.772697"><ele>85.25</ele></trkpt>
   <trkpt lat="49.719516" lon="2.772307"><ele>85</ele></trkpt>
   <trkpt lat="49.718754" lon="2.771927"><ele>84.25</ele></trkpt>
   <trkpt lat="49.717761" lon="2.771453"><ele>84</ele></trkpt>
   <trkpt lat="49.716919" lon="2.771077"><ele>83.75</ele></trkpt>
   <trkpt lat="49.716313" lon="2.77082"><ele>83.5</ele></trkpt>
   <trkpt lat="49.715691" lon="2.77057"><ele>83</ele></trkpt>
   <trkpt lat="49.714528" lon="2.770133"><ele>82</ele></trkpt>
   <trkpt lat="49.713357" lon="2.769732"><ele>82</ele></trkpt>
   <trkpt lat="49.71275" lon="2.769542"><ele>82.25</ele></trkpt>
   <trkpt lat="49.712072" lon="2.769346"><ele>80.25</ele></trkpt>
   <trkpt lat="49.711386" lon="2.76916"><ele>80</ele></trkpt>
   <trkpt lat="49.710585" lon="2.768961"><ele>79</ele></trkpt>
   <trkpt lat="49.709672" lon="2.768757"><ele>77.5</ele></trkpt>
   <trkpt lat="49.708993" lon="2.768619"><ele>79</ele></trkpt>
   <trkpt lat="49.708307" lon="2.768494"><ele>77.5</ele></trkpt>
   <trkpt lat="49.707832" lon="2.768415"><ele>80.25</ele></trkpt>
   <trkpt lat="49.707102" lon="2.768309"><ele>79</ele></trkpt>
   <trkpt lat="49.706372" lon="2.768215"><ele>80</ele></trkpt>
   <trkpt lat="49.70569" lon="2.768146"><ele>82</ele></trkpt>
   <trkpt lat="49.704884" lon="2.768075"><ele>82.5</ele></trkpt>
   <trkpt lat="49.70408" lon="2.768024"><ele>83</ele></trkpt>
   <trkpt lat="49.703195" lon="2.767993"><ele>83.25</ele></trkpt>
   <trkpt lat="49.70231" lon="2.767983"><ele>83.25</ele></trkpt>
   <trkpt lat="49.701222" lon="2.768001"><ele>83</ele></trkpt>
   <trkpt lat="49.700143" lon="2.768054"><ele>82</ele></trkpt>
   <trkpt lat="49.699408" lon="2.768105"><ele>81.5</ele></trkpt>
   <trkpt lat="49.697846" lon="2.768275"><ele>78.5</ele></trkpt>
   <trkpt lat="49.697014" lon="2.768392"><ele>78</ele></trkpt>
   <trkpt lat="49.696399" lon="2.768493"><ele>78</ele></trkpt>
   <trkpt lat="49.695072" lon="2.768737"><ele>72.25</ele></trkpt>
   <trkpt lat="49.693195" lon="2.769157"><ele>74.25</ele></trkpt>
   <trkpt lat="49.689779" lon="2.769943"><ele>79</ele></trkpt>
   <trkpt lat="49.688405" lon="2.770236"><ele>81</ele></trkpt>
   <trkpt lat="49.687805" lon="2.770349"><ele>82.5</ele></trkpt>
   <trkpt lat="49.687121" lon="2.770468"><ele>83.25</ele></trkpt>
   <trkpt lat="49.686536" lon="2.770557"><ele>84</ele></trkpt>
   <trkpt lat="49.685904" lon="2.770642"><ele>84.5</ele></trkpt>
   <trkpt lat="49.685072" lon="2.770739"><ele>85.25</ele></trkpt>
   <trkpt lat="49.684253" lon="2.770813"><ele>86</ele></trkpt>
   <trkpt lat="49.683329" lon="2.770873"><ele>86.25</ele></trkpt>
   <trkpt lat="49.682247" lon="2.770914"><ele>86</ele></trkpt>
   <trkpt lat="49.681597" lon="2.770923"><ele>86.5</ele></trkpt>
   <trkpt lat="49.680967" lon="2.770918"><ele>86.75</ele></trkpt>
   <trkpt lat="49.680096" lon="2.770895"><ele>86.5</ele></trkpt>
   <trkpt lat="49.679217" lon="2.770851"><ele>85</ele></trkpt>
   <trkpt lat="49.678782" lon="2.770819"><ele>85</ele></trkpt>
   <trkpt lat="49.677998" lon="2.770749"><ele>85</ele></trkpt>
   <trkpt lat="49.677104" lon="2.770649"><ele>84.75</ele></trkpt>
   <trkpt lat="49.676483" lon="2.770568"><ele>84</ele></trkpt>
   <trkpt lat="49.675227" lon="2.770365"><ele>84.25</ele></trkpt>
   <trkpt lat="49.674744" lon="2.770275"><ele>84</ele></trkpt>
   <trkpt lat="49.673807" lon="2.77008"><ele>82.5</ele></trkpt>
   <trkpt lat="49.673336" lon="2.769974"><ele>82.75</ele></trkpt>
   <trkpt lat="49.672368" lon="2.769732"><ele>82.75</ele></trkpt>
   <trkpt lat="49.671145" lon="2.769388"><ele>83</ele></trkpt>
   <trkpt lat="49.669942" lon="2.769003"><ele>84.5</ele></trkpt>
   <trkpt lat="49.669159" lon="2.768729"><ele>85</ele></trkpt>
   <trkpt lat="49.668324" lon="2.768418"><ele>85.25</ele></trkpt>
   <trkpt lat="49.667492" lon="2.768086"><ele>85</ele></trkpt>
   <trkpt lat="49.66654" lon="2.767677"><ele>85.25</ele></trkpt>
   <trkpt lat="49.665913" lon="2.767393"><ele>85.5</ele></trkpt>
   <trkpt lat="49.665272" lon="2.767089"><ele>86</ele></trkpt>
   <trkpt lat="49.663419" lon="2.766186"><ele>86</ele></trkpt>
   <trkpt lat="49.662652" lon="2.765807"><ele>86</ele></trkpt>
   <trkpt lat="49.66178" lon="2.765362"><ele>86.75</ele></trkpt>
   <trkpt lat="49.660243" lon="2.764558"><ele>87.5</ele></trkpt>
   <trkpt lat="49.659353" lon="2.76412"><ele>87.25</ele></trkpt>
   <trkpt lat="49.65691" lon="2.762919"><ele>88.25</ele></trkpt>
   <trkpt lat="49.653625" lon="2.761307"><ele>90.5</ele></trkpt>
   <trkpt lat="49.653019" lon="2.761021"><ele>91.25</ele></trkpt>
   <trkpt lat="49.652316" lon="2.7607"><ele>90.75</ele></trkpt>
   <trkpt lat="49.651698" lon="2.76043"><ele>91.5</ele></trkpt>
   <trkpt lat="49.65104" lon="2.760158"><ele>92</ele></trkpt>
   <trkpt lat="49.650384" lon="2.759898"><ele>91.5</ele></trkpt>
   <trkpt lat="49.649586" lon="2.7596"><ele>90.75</ele></trkpt>
   <trkpt lat="49.649082" lon="2.759423"><ele>90.75</ele></trkpt>
   <trkpt lat="49.648382" lon="2.759191"><ele>90.75</ele></trkpt>
   <trkpt lat="49.647186" lon="2.758826"><ele>90.5</ele></trkpt>
   <trkpt lat="49.646445" lon="2.758616"><ele>91</ele></trkpt>
   <trkpt lat="49.644564" lon="2.758145"><ele>91.5</ele></trkpt>
   <trkpt lat="49.634676" lon="2.755754"><ele>96</ele></trkpt>
   <trkpt lat="49.632049" lon="2.755107"><ele>94.5</ele></trkpt>
   <trkpt lat="49.631209" lon="2.754916"><ele>95</ele></trkpt>
   <trkpt lat="49.630386" lon="2.75474"><ele>94</ele></trkpt>
   <trkpt lat="49.629467" lon="2.754557"><ele>92.5</ele></trkpt>
   <trkpt lat="49.628691" lon="2.754421"><ele>93.5</ele></trkpt>
   <trkpt lat="49.627713" lon="2.754275"><ele>91.5</ele></trkpt>
   <trkpt lat="49.626609" lon="2.754147"><ele>92</ele></trkpt>
   <trkpt lat="49.625921" lon="2.754081"><ele>91.5</ele></trkpt>
   <trkpt lat="49.625194" lon="2.754028"><ele>90.25</ele></trkpt>
   <trkpt lat="49.624454" lon="2.753987"><ele>90.5</ele></trkpt>
   <trkpt lat="49.623526" lon="2.753965"><ele>90.5</ele></trkpt>
   <trkpt lat="49.622754" lon="2.753961"><ele>89.5</ele></trkpt>
   <trkpt lat="49.622143" lon="2.753972"><ele>89.5</ele></trkpt>
   <trkpt lat="49.621496" lon="2.753996"><ele>89</ele></trkpt>
   <trkpt lat="49.619996" lon="2.754079"><ele>87.75</ele></trkpt>
   <trkpt lat="49.615293" lon="2.754399"><ele>90.25</ele></trkpt>
   <trkpt lat="49.61451" lon="2.75444"><ele>90</ele></trkpt>
   <trkpt lat="49.613737" lon="2.754465"><ele>90</ele></trkpt>
   <trkpt lat="49.613038" lon="2.754474"><ele>91</ele></trkpt>
   <trkpt lat="49.611828" lon="2.754456"><ele>91</ele></trkpt>
   <trkpt lat="49.610681" lon="2.754401"><ele>91</ele></trkpt>
   <trkpt lat="49.609411" lon="2.754295"><ele>89.25</ele></trkpt>
   <trkpt lat="49.608686" lon="2.754214"><ele>88</ele></trkpt>
   <trkpt lat="49.607958" lon="2.754118"><ele>87.25</ele></trkpt>
   <trkpt lat="49.607203" lon="2.754003"><ele>85.25</ele></trkpt>
   <trkpt lat="49.606486" lon="2.753876"><ele>84.75</ele></trkpt>
   <trkpt lat="49.605727" lon="2.753729"><ele>82.25</ele></trkpt>
   <trkpt lat="49.605108" lon="2.753595"><ele>82.75</ele></trkpt>
   <trkpt lat="49.604465" lon="2.753442"><ele>80.25</ele></trkpt>
   <trkpt lat="49.603019" lon="2.753061"><ele>78.75</ele></trkpt>
   <trkpt lat="49.602219" lon="2.752821"><ele>76.5</ele></trkpt>
   <trkpt lat="49.601413" lon="2.752559"><ele>75.5</ele></trkpt>
   <trkpt lat="49.600435" lon="2.752213"><ele>74.25</ele></trkpt>
   <trkpt lat="49.599458" lon="2.751843"><ele>72.5</ele></trkpt>
   <trkpt lat="49.597506" lon="2.751057"><ele>72</ele></trkpt>
   <trkpt lat="49.594636" lon="2.74989"><ele>71.25</ele></trkpt>
   <trkpt lat="49.583053" lon="2.745188"><ele>68.25</ele></trkpt>
   <trkpt lat="49.582933" lon="2.745141"><ele>68.5</ele></trkpt>
   <trkpt lat="49.581611" lon="2.7446"><ele>70.25</ele></trkpt>
   <trkpt lat="49.580372" lon="2.744076"><ele>71.75</ele></trkpt>
   <trkpt lat="49.578723" lon="2.743341"><ele>74</ele></trkpt>
   <trkpt lat="49.577918" lon="2.742965"><ele>73.75</ele></trkpt>
   <trkpt lat="49.577089" lon="2.742568"><ele>74.75</ele></trkpt>
   <trkpt lat="49.575629" lon="2.741847"><ele>77.25</ele></trkpt>
   <trkpt lat="49.572571" lon="2.740291"><ele>79.25</ele></trkpt>
   <trkpt lat="49.572209" lon="2.740109"><ele>79.25</ele></trkpt>
   <trkpt lat="49.56323" lon="2.735537"><ele>83</ele></trkpt>
   <trkpt lat="49.560799" lon="2.734308"><ele>87</ele></trkpt>
   <trkpt lat="49.559897" lon="2.733871"><ele>87.75</ele></trkpt>
   <trkpt lat="49.559132" lon="2.733511"><ele>88</ele></trkpt>
   <trkpt lat="49.557576" lon="2.73282"><ele>87.25</ele></trkpt>
   <trkpt lat="49.557044" lon="2.732593"><ele>87.5</ele></trkpt>
   <trkpt lat="49.555812" lon="2.732088"><ele>85.75</ele></trkpt>
   <trkpt lat="49.550074" lon="2.729812"><ele>76</ele></trkpt>
   <trkpt lat="49.549162" lon="2.729454"><ele>76.75</ele></trkpt>
   <trkpt lat="49.548303" lon="2.729128"><ele>75.25</ele></trkpt>
   <trkpt lat="49.547792" lon="2.72895"><ele>74</ele></trkpt>
   <trkpt lat="49.546686" lon="2.728536"><ele>73</ele></trkpt>
   <trkpt lat="49.541626" lon="2.726534"><ele>65.25</ele></trkpt>
   <trkpt lat="49.54146" lon="2.726468"><ele>65.5</ele></trkpt>
   <trkpt lat="49.536977" lon="2.724697"><ele>71</ele></trkpt>
   <trkpt lat="49.535633" lon="2.724147"><ele>73.75</ele></trkpt>
   <trkpt lat="49.53437" lon="2.7236"><ele>75.5</ele></trkpt>
   <trkpt lat="49.533587" lon="2.723243"><ele>76.5</ele></trkpt>
   <trkpt lat="49.532662" lon="2.722808"><ele>79.5</ele></trkpt>
   <trkpt lat="49.531811" lon="2.722394"><ele>80.5</ele></trkpt>
   <trkpt lat="49.528471" lon="2.720697"><ele>88.5</ele></trkpt>
   <trkpt lat="49.528082" lon="2.720498"><ele>91</ele></trkpt>
   <trkpt lat="49.526505" lon="2.719701"><ele>97.75</ele></trkpt>
   <trkpt lat="49.525668" lon="2.719295"><ele>98.5</ele></trkpt>
   <trkpt lat="49.524469" lon="2.718751"><ele>100.25</ele></trkpt>
   <trkpt lat="49.523256" lon="2.718245"><ele>103.75</ele></trkpt>
   <trkpt lat="49.522495" lon="2.717952"><ele>105.25</ele></trkpt>
   <trkpt lat="49.521856" lon="2.71772"><ele>106</ele></trkpt>
   <trkpt lat="49.521249" lon="2.717511"><ele>105.5</ele></trkpt>
   <trkpt lat="49.520351" lon="2.717221"><ele>105</ele></trkpt>
   <trkpt lat="49.519094" lon="2.716861"><ele>104</ele></trkpt>
   <trkpt lat="49.518089" lon="2.716603"><ele>102</ele></trkpt>
   <trkpt lat="49.517022" lon="2.716365"><ele>102.75</ele></trkpt>
   <trkpt lat="49.516133" lon="2.71619"><ele>102.75</ele></trkpt>
   <trkpt lat="49.515456" lon="2.716073"><ele>101.5</ele></trkpt>
   <trkpt lat="49.514755" lon="2.715966"><ele>102.75</ele></trkpt>
   <trkpt lat="49.514115" lon="2.71588"><ele>104</ele></trkpt>
   <trkpt lat="49.513471" lon="2.715807"><ele>104.5</ele></trkpt>
   <trkpt lat="49.512222" lon="2.715696"><ele>105.25</ele></trkpt>
   <trkpt lat="49.51131" lon="2.715641"><ele>108.5</ele></trkpt>
   <trkpt lat="49.510053" lon="2.715607"><ele>110.25</ele></trkpt>
   <trkpt lat="49.508533" lon="2.715612"><ele>111.25</ele></trkpt>
   <trkpt lat="49.504941" lon="2.715655"><ele>109.5</ele></trkpt>
   <trkpt lat="49.504863" lon="2.715656"><ele>109.5</ele></trkpt>
   <trkpt lat="49.502903" lon="2.715674"><ele>109.25</ele></trkpt>
   <trkpt lat="49.502015" lon="2.715662"><ele>109.25</ele></trkpt>
   <trkpt lat="49.500619" lon="2.715603"><ele>107.5</ele></trkpt>
   <trkpt lat="49.499806" lon="2.715544"><ele>106.25</ele></trkpt>
   <trkpt lat="49.49903" lon="2.71547"><ele>106</ele></trkpt>
   <trkpt lat="49.498374" lon="2.715393"><ele>105.75</ele></trkpt>
   <trkpt lat="49.497806" lon="2.715316"><ele>104.75</ele></trkpt>
   <trkpt lat="49.496986" lon="2.715189"><ele>103.75</ele></trkpt>
   <trkpt lat="49.496366" lon="2.715081"><ele>103.5</ele></trkpt>
   <trkpt lat="49.495526" lon="2.714916"><ele>102.25</ele></trkpt>
   <trkpt lat="49.494538" lon="2.714702"><ele>101</ele></trkpt>
   <trkpt lat="49.48392" lon="2.71229"><ele>82.25</ele></trkpt>
   <trkpt lat="49.481863" lon="2.711809"><ele>76</ele></trkpt>
   <trkpt lat="49.480464" lon="2.711451"><ele>72.75</ele></trkpt>
   <trkpt lat="49.479088" lon="2.711073"><ele>68.75</ele></trkpt>
   <trkpt lat="49.478422" lon="2.710879"><ele>68</ele></trkpt>
   <trkpt lat="49.477161" lon="2.710495"><ele>64.25</ele></trkpt>
   <trkpt lat="49.475752" lon="2.710039"><ele>63</ele></trkpt>
   <trkpt lat="49.474269" lon="2.709525"><ele>61.75</ele></trkpt>
   <trkpt lat="49.471767" lon="2.708594"><ele>59.75</ele></trkpt>
   <trkpt lat="49.470203" lon="2.70796"><ele>59.75</ele></trkpt>
   <trkpt lat="49.469183" lon="2.707526"><ele>61</ele></trkpt>
   <trkpt lat="49.467396" lon="2.706731"><ele>62.75</ele></trkpt>
   <trkpt lat="49.465491" lon="2.705831"><ele>68</ele></trkpt>
   <trkpt lat="49.463476" lon="2.704812"><ele>73.75</ele></trkpt>
   <trkpt lat="49.462591" lon="2.704343"><ele>75.75</ele></trkpt>
   <trkpt lat="49.461699" lon="2.703858"><ele>77</ele></trkpt>
   <trkpt lat="49.460463" lon="2.70317"><ele>78.25</ele></trkpt>
   <trkpt lat="49.458697" lon="2.702138"><ele>79.75</ele></trkpt>
   <trkpt lat="49.455903" lon="2.700488"><ele>79</ele></trkpt>
   <trkpt lat="49.454699" lon="2.699786"><ele>78.5</ele></trkpt>
   <trkpt lat="49.453796" lon="2.699275"><ele>77.25</ele></trkpt>
   <trkpt lat="49.452978" lon="2.698837"><ele>77.25</ele></trkpt>
   <trkpt lat="49.451733" lon="2.698208"><ele>76.25</ele></trkpt>
   <trkpt lat="49.450915" lon="2.697828"><ele>77</ele></trkpt>
   <trkpt lat="49.450062" lon="2.697451"><ele>76.75</ele></trkpt>
   <trkpt lat="49.448786" lon="2.696931"><ele>76.25</ele></trkpt>
   <trkpt lat="49.448357" lon="2.696768"><ele>75.75</ele></trkpt>
   <trkpt lat="49.4478" lon="2.696563"><ele>75.25</ele></trkpt>
   <trkpt lat="49.446733" lon="2.696201"><ele>75.5</ele></trkpt>
   <trkpt lat="49.445646" lon="2.695866"><ele>75.5</ele></trkpt>
   <trkpt lat="49.444546" lon="2.695562"><ele>72</ele></trkpt>
   <trkpt lat="49.444319" lon="2.695505"><ele>71.5</ele></trkpt>
   <trkpt lat="49.440871" lon="2.694695"><ele>71</ele></trkpt>
   <trkpt lat="49.435536" lon="2.693461"><ele>62.75</ele></trkpt>
   <trkpt lat="49.43525" lon="2.693393"><ele>63.25</ele></trkpt>
   <trkpt lat="49.433559" lon="2.693005"><ele>68.5</ele></trkpt>
   <trkpt lat="49.433469" lon="2.692983"><ele>68.75</ele></trkpt>
   <trkpt lat="49.429887" lon="2.692156"><ele>75</ele></trkpt>
   <trkpt lat="49.428969" lon="2.691955"><ele>78.5</ele></trkpt>
   <trkpt lat="49.428145" lon="2.69179"><ele>79.25</ele></trkpt>
   <trkpt lat="49.427369" lon="2.691649"><ele>79.5</ele></trkpt>
   <trkpt lat="49.426625" lon="2.691531"><ele>78.25</ele></trkpt>
   <trkpt lat="49.426008" lon="2.69145"><ele>80.25</ele></trkpt>
   <trkpt lat="49.424765" lon="2.691317"><ele>89.5</ele></trkpt>
   <trkpt lat="49.423773" lon="2.691244"><ele>90.75</ele></trkpt>
   <trkpt lat="49.423099" lon="2.691206"><ele>92.25</ele></trkpt>
   <trkpt lat="49.421853" lon="2.691175"><ele>94.25</ele></trkpt>
   <trkpt lat="49.420548" lon="2.691187"><ele>94.75</ele></trkpt>
   <trkpt lat="49.419816" lon="2.691216"><ele>94</ele></trkpt>
   <trkpt lat="49.418713" lon="2.691286"><ele>92.75</ele></trkpt>
   <trkpt lat="49.417551" lon="2.691401"><ele>92</ele></trkpt>
   <trkpt lat="49.416455" lon="2.691541"><ele>89.5</ele></trkpt>
   <trkpt lat="49.414245" lon="2.691864"><ele>84.5</ele></trkpt>
   <trkpt lat="49.413952" lon="2.691908"><ele>83.75</ele></trkpt>
   <trkpt lat="49.411415" lon="2.692217"><ele>80</ele></trkpt>
   <trkpt lat="49.410485" lon="2.69236"><ele>79.25</ele></trkpt>
   <trkpt lat="49.406547" lon="2.692942"><ele>71.5</ele></trkpt>
   <trkpt lat="49.402912" lon="2.693482"><ele>67.25</ele></trkpt>
   <trkpt lat="49.401528" lon="2.693715"><ele>68.5</ele></trkpt>
   <trkpt lat="49.40067" lon="2.693889"><ele>66</ele></trkpt>
   <trkpt lat="49.399538" lon="2.694156"><ele>66</ele></trkpt>
   <trkpt lat="49.39827" lon="2.694503"><ele>66</ele></trkpt>
   <trkpt lat="49.396741" lon="2.695005"><ele>65.75</ele></trkpt>
   <trkpt lat="49.395828" lon="2.695343"><ele>66.75</ele></trkpt>
   <trkpt lat="49.39479" lon="2.695758"><ele>65.75</ele></trkpt>
   <trkpt lat="49.39425" lon="2.695995"><ele>64.25</ele></trkpt>
   <trkpt lat="49.393263" lon="2.696446"><ele>68</ele></trkpt>
   <trkpt lat="49.392518" lon="2.696813"><ele>68.25</ele></trkpt>
   <trkpt lat="49.39173" lon="2.697223"><ele>69.75</ele></trkpt>
   <trkpt lat="49.39077" lon="2.697747"><ele>69.75</ele></trkpt>
   <trkpt lat="49.388395" lon="2.699065"><ele>71</ele></trkpt>
   <trkpt lat="49.387465" lon="2.699555"><ele>71.75</ele></trkpt>
   <trkpt lat="49.38699" lon="2.699798"><ele>72.25</ele></trkpt>
   <trkpt lat="49.386121" lon="2.700215"><ele>73.75</ele></trkpt>
   <trkpt lat="49.385509" lon="2.700496"><ele>71.25</ele></trkpt>
   <trkpt lat="49.384918" lon="2.700754"><ele>68.25</ele></trkpt>
   <trkpt lat="49.384703" lon="2.700842"><ele>67.25</ele></trkpt>
   <trkpt lat="49.383693" lon="2.701237"><ele>71.25</ele></trkpt>
   <trkpt lat="49.383191" lon="2.701424"><ele>71.25</ele></trkpt>
   <trkpt lat="49.382151" lon="2.701777"><ele>69.5</ele></trkpt>
   <trkpt lat="49.381492" lon="2.701982"><ele>68.25</ele></trkpt>
   <trkpt lat="49.380867" lon="2.702162"><ele>67.5</ele></trkpt>
   <trkpt lat="49.379984" lon="2.702394"><ele>65</ele></trkpt>
   <trkpt lat="49.379057" lon="2.70261"><ele>63.5</ele></trkpt>
   <trkpt lat="49.378464" lon="2.702733"><ele>63.5</ele></trkpt>
   <trkpt lat="49.3774" lon="2.702922"><ele>60.5</ele></trkpt>
   <trkpt lat="49.376244" lon="2.703086"><ele>59.25</ele></trkpt>
   <trkpt lat="49.375127" lon="2.703207"><ele>52.5</ele></trkpt>
   <trkpt lat="49.375035" lon="2.703215"><ele>50.75</ele></trkpt>
   <trkpt lat="49.373943" lon="2.70328"><ele>56.75</ele></trkpt>
   <trkpt lat="49.37328" lon="2.703305"><ele>57</ele></trkpt>
   <trkpt lat="49.372324" lon="2.703313"><ele>57</ele></trkpt>
   <trkpt lat="49.371795" lon="2.703305"><ele>57.25</ele></trkpt>
   <trkpt lat="49.371012" lon="2.703277"><ele>58.5</ele></trkpt>
   <trkpt lat="49.37039" lon="2.70324"><ele>59.25</ele></trkpt>
   <trkpt lat="49.369849" lon="2.703197"><ele>59.25</ele></trkpt>
   <trkpt lat="49.368749" lon="2.703081"><ele>60.75</ele></trkpt>
   <trkpt lat="49.368132" lon="2.703003"><ele>58.75</ele></trkpt>
   <trkpt lat="49.368045" lon="2.702989"><ele>58</ele></trkpt>
   <trkpt lat="49.366706" lon="2.702761"><ele>63.75</ele></trkpt>
   <trkpt lat="49.3659" lon="2.702594"><ele>65.25</ele></trkpt>
   <trkpt lat="49.365158" lon="2.70242"><ele>67</ele></trkpt>
   <trkpt lat="49.364497" lon="2.702251"><ele>68</ele></trkpt>
   <trkpt lat="49.363394" lon="2.701941"><ele>70</ele></trkpt>
   <trkpt lat="49.360689" lon="2.701117"><ele>71.5</ele></trkpt>
   <trkpt lat="49.359386" lon="2.700735"><ele>68.75</ele></trkpt>
   <trkpt lat="49.359327" lon="2.700719"><ele>68.75</ele></trkpt>
   <trkpt lat="49.358428" lon="2.700497"><ele>70.5</ele></trkpt>
   <trkpt lat="49.357999" lon="2.700402"><ele>71.25</ele></trkpt>
   <trkpt lat="49.357048" lon="2.700205"><ele>71.5</ele></trkpt>
   <trkpt lat="49.356533" lon="2.700111"><ele>71.25</ele></trkpt>
   <trkpt lat="49.355612" lon="2.699964"><ele>69.5</ele></trkpt>
   <trkpt lat="49.354299" lon="2.699802"><ele>69</ele></trkpt>
   <trkpt lat="49.353774" lon="2.699754"><ele>68.5</ele></trkpt>
   <trkpt lat="49.352726" lon="2.699684"><ele>66.5</ele></trkpt>
   <trkpt lat="49.352229" lon="2.699664"><ele>65.75</ele></trkpt>
   <trkpt lat="49.351536" lon="2.699653"><ele>63.5</ele></trkpt>
   <trkpt lat="49.350686" lon="2.699657"><ele>61.25</ele></trkpt>
   <trkpt lat="49.3501" lon="2.699673"><ele>59.25</ele></trkpt>
   <trkpt lat="49.349313" lon="2.699713"><ele>56.25</ele></trkpt>
   <trkpt lat="49.348969" lon="2.699749"><ele>55.25</ele></trkpt>
   <trkpt lat="49.348124" lon="2.69982"><ele>52.75</ele></trkpt>
   <trkpt lat="49.347279" lon="2.699916"><ele>50.5</ele></trkpt>
   <trkpt lat="49.346756" lon="2.699981"><ele>50.5</ele></trkpt>
   <trkpt lat="49.345919" lon="2.700119"><ele>45.75</ele></trkpt>
   <trkpt lat="49.345877" lon="2.700126"><ele>45.5</ele></trkpt>
   <trkpt lat="49.345277" lon="2.700231"><ele>46.5</ele></trkpt>
   <trkpt lat="49.34401" lon="2.700486"><ele>43.75</ele></trkpt>
   <trkpt lat="49.340159" lon="2.701304"><ele>36.25</ele></trkpt>
   <trkpt lat="49.340038" lon="2.70133"><ele>35.5</ele></trkpt>
   <trkpt lat="49.334186" lon="2.702558"><ele>37.25</ele></trkpt>
   <trkpt lat="49.333211" lon="2.702755"><ele>38.5</ele></trkpt>
   <trkpt lat="49.333148" lon="2.702768"><ele>38.75</ele></trkpt>
   <trkpt lat="49.329959" lon="2.703446"><ele>36.75</ele></trkpt>
   <trkpt lat="49.328717" lon="2.703737"><ele>37.25</ele></trkpt>
   <trkpt lat="49.3281" lon="2.703897"><ele>39.75</ele></trkpt>
   <trkpt lat="49.327079" lon="2.704188"><ele>39.5</ele></trkpt>
   <trkpt lat="49.326274" lon="2.704439"><ele>39.75</ele></trkpt>
   <trkpt lat="49.325653" lon="2.704647"><ele>34.25</ele></trkpt>
   <trkpt lat="49.325442" lon="2.704721"><ele>35.25</ele></trkpt>
   <trkpt lat="49.32508" lon="2.704849"><ele>35.5</ele></trkpt>
   <trkpt lat="49.324691" lon="2.70499"><ele>35.5</ele></trkpt>
   <trkpt lat="49.324047" lon="2.705238"><ele>37</ele></trkpt>
   <trkpt lat="49.323879" lon="2.705303"><ele>34</ele></trkpt>
   <trkpt lat="49.323285" lon="2.705544"><ele>40.25</ele></trkpt>
   <trkpt lat="49.322564" lon="2.705852"><ele>40.5</ele></trkpt>
   <trkpt lat="49.322222" lon="2.706003"><ele>38.25</ele></trkpt>
   <trkpt lat="49.321276" lon="2.706444"><ele>39</ele></trkpt>
   <trkpt lat="49.32094" lon="2.706605"><ele>39</ele></trkpt>
   <trkpt lat="49.320126" lon="2.707017"><ele>39.5</ele></trkpt>
   <trkpt lat="49.318498" lon="2.707867"><ele>44.5</ele></trkpt>
   <trkpt lat="49.313926" lon="2.710297"><ele>58.5</ele></trkpt>
   <trkpt lat="49.312426" lon="2.711081"><ele>63</ele></trkpt>
   <trkpt lat="49.307238" lon="2.713827"><ele>79</ele></trkpt>
   <trkpt lat="49.305285" lon="2.714876"><ele>85.25</ele></trkpt>
   <trkpt lat="49.30434" lon="2.715372"><ele>85.25</ele></trkpt>
   <trkpt lat="49.303326" lon="2.715911"><ele>84.25</ele></trkpt>
   <trkpt lat="49.302036" lon="2.716588"><ele>87.25</ele></trkpt>
   <trkpt lat="49.29993" lon="2.717743"><ele>93.25</ele></trkpt>
   <trkpt lat="49.299296" lon="2.718112"><ele>93.75</ele></trkpt>
   <trkpt lat="49.298749" lon="2.718441"><ele>95.75</ele></trkpt>
   <trkpt lat="49.298256" lon="2.718749"><ele>96.75</ele></trkpt>
   <trkpt lat="49.297158" lon="2.719465"><ele>98</ele></trkpt>
   <trkpt lat="49.296138" lon="2.720165"><ele>100</ele></trkpt>
   <trkpt lat="49.293104" lon="2.722327"><ele>105.25</ele></trkpt>
   <trkpt lat="49.285957" lon="2.727455"><ele>112</ele></trkpt>
   <trkpt lat="49.284016" lon="2.728827"><ele>114.25</ele></trkpt>
   <trkpt lat="49.282978" lon="2.729517"><ele>115.25</ele></trkpt>
   <trkpt lat="49.282361" lon="2.72991"><ele>114.75</ele></trkpt>
   <trkpt lat="49.28125" lon="2.730588"><ele>114</ele></trkpt>
   <trkpt lat="49.280677" lon="2.730918"><ele>113.5</ele></trkpt>
   <trkpt lat="49.279955" lon="2.731316"><ele>112.5</ele></trkpt>
   <trkpt lat="49.279025" lon="2.731808"><ele>112.5</ele></trkpt>
   <trkpt lat="49.278418" lon="2.732112"><ele>111.25</ele></trkpt>
   <trkpt lat="49.27774" lon="2.732437"><ele>111</ele></trkpt>
   <trkpt lat="49.276963" lon="2.732794"><ele>110</ele></trkpt>
   <trkpt lat="49.276051" lon="2.733184"><ele>108.5</ele></trkpt>
   <trkpt lat="49.274854" lon="2.73366"><ele>107.5</ele></trkpt>
   <trkpt lat="49.274093" lon="2.733937"><ele>106.75</ele></trkpt>
   <trkpt lat="49.273349" lon="2.734192"><ele>106</ele></trkpt>
   <trkpt lat="49.27257" lon="2.734445"><ele>106</ele></trkpt>
   <trkpt lat="49.271796" lon="2.734684"><ele>105</ele></trkpt>
   <trkpt lat="49.250877" lon="2.741051"><ele>102</ele></trkpt>
   <trkpt lat="49.241867" lon="2.743794"><ele>97.75</ele></trkpt>
   <trkpt lat="49.239598" lon="2.744483"><ele>98.25</ele></trkpt>
   <trkpt lat="49.238866" lon="2.744705"><ele>98.75</ele></trkpt>
   <trkpt lat="49.234195" lon="2.746122"><ele>94.25</ele></trkpt>
   <trkpt lat="49.23413" lon="2.746141"><ele>94.5</ele></trkpt>
   <trkpt lat="49.230163" lon="2.747354"><ele>98.5</ele></trkpt>
   <trkpt lat="49.229418" lon="2.747581"><ele>99.25</ele></trkpt>
   <trkpt lat="49.229" lon="2.747712"><ele>99</ele></trkpt>
   <trkpt lat="49.228176" lon="2.747992"><ele>98.75</ele></trkpt>
   <trkpt lat="49.22695" lon="2.748392"><ele>99</ele></trkpt>
   <trkpt lat="49.224496" lon="2.749131"><ele>97</ele></trkpt>
   <trkpt lat="49.224118" lon="2.749247"><ele>96</ele></trkpt>
   <trkpt lat="49.219961" lon="2.750512"><ele>97.5</ele></trkpt>
   <trkpt lat="49.219922" lon="2.750524"><ele>97.5</ele></trkpt>
   <trkpt lat="49.21941" lon="2.75068"><ele>96.5</ele></trkpt>
   <trkpt lat="49.218278" lon="2.751024"><ele>95.75</ele></trkpt>
   <trkpt lat="49.217039" lon="2.751387"><ele>96.75</ele></trkpt>
   <trkpt lat="49.216268" lon="2.751598"><ele>95.75</ele></trkpt>
   <trkpt lat="49.215136" lon="2.751886"><ele>96</ele></trkpt>
   <trkpt lat="49.213977" lon="2.752153"><ele>97.25</ele></trkpt>
   <trkpt lat="49.212757" lon="2.752404"><ele>98</ele></trkpt>
   <trkpt lat="49.211423" lon="2.752643"><ele>100.25</ele></trkpt>
   <trkpt lat="49.210841" lon="2.752731"><ele>99.75</ele></trkpt>
   <trkpt lat="49.21075" lon="2.752746"><ele>100.75</ele></trkpt>
   <trkpt lat="49.209688" lon="2.752898"><ele>105</ele></trkpt>
   <trkpt lat="49.208376" lon="2.753048"><ele>109.5</ele></trkpt>
   <trkpt lat="49.20773" lon="2.753111"><ele>111.25</ele></trkpt>
   <trkpt lat="49.206412" lon="2.75321"><ele>115.25</ele></trkpt>
   <trkpt lat="49.205094" lon="2.753276"><ele>119.5</ele></trkpt>
   <trkpt lat="49.204416" lon="2.753294"><ele>122</ele></trkpt>
   <trkpt lat="49.203765" lon="2.753304"><ele>123.5</ele></trkpt>
   <trkpt lat="49.202456" lon="2.753296"><ele>127.25</ele></trkpt>
   <trkpt lat="49.201801" lon="2.753281"><ele>128.5</ele></trkpt>
   <trkpt lat="49.200498" lon="2.753221"><ele>130</ele></trkpt>
   <trkpt lat="49.189005" lon="2.752441"><ele>120</ele></trkpt>
   <trkpt lat="49.184037" lon="2.752102"><ele>103.75</ele></trkpt>
   <trkpt lat="49.18392" lon="2.752094"><ele>102.75</ele></trkpt>
   <trkpt lat="49.168089" lon="2.751014"><ele>79.5</ele></trkpt>
   <trkpt lat="49.165902" lon="2.75086"><ele>80.5</ele></trkpt>
   <trkpt lat="49.164975" lon="2.750784"><ele>80</ele></trkpt>
   <trkpt lat="49.164182" lon="2.750701"><ele>80.5</ele></trkpt>
   <trkpt lat="49.163037" lon="2.750553"><ele>79.75</ele></trkpt>
   <trkpt lat="49.162226" lon="2.750424"><ele>80</ele></trkpt>
   <trkpt lat="49.16176" lon="2.750341"><ele>80</ele></trkpt>
   <trkpt lat="49.16059" lon="2.750107"><ele>78.5</ele></trkpt>
   <trkpt lat="49.160084" lon="2.749994"><ele>78.75</ele></trkpt>
   <trkpt lat="49.15986" lon="2.749933"><ele>74.75</ele></trkpt>
   <trkpt lat="49.159534" lon="2.749854"><ele>75.25</ele></trkpt>
   <trkpt lat="49.159215" lon="2.749779"><ele>77.75</ele></trkpt>
   <trkpt lat="49.158274" lon="2.749528"><ele>79.5</ele></trkpt>
   <trkpt lat="49.157417" lon="2.74927"><ele>79.75</ele></trkpt>
   <trkpt lat="49.15664" lon="2.749019"><ele>79.5</ele></trkpt>
   <trkpt lat="49.155589" lon="2.748652"><ele>82.25</ele></trkpt>
   <trkpt lat="49.154475" lon="2.748224"><ele>81.75</ele></trkpt>
   <trkpt lat="49.153822" lon="2.747957"><ele>82.25</ele></trkpt>
   <trkpt lat="49.153339" lon="2.747748"><ele>83</ele></trkpt>
   <trkpt lat="49.152044" lon="2.747156"><ele>84</ele></trkpt>
   <trkpt lat="49.150955" lon="2.746616"><ele>85</ele></trkpt>
   <trkpt lat="49.150147" lon="2.746189"><ele>85.5</ele></trkpt>
   <trkpt lat="49.149489" lon="2.745828"><ele>85.75</ele></trkpt>
   <trkpt lat="49.148941" lon="2.745512"><ele>86.75</ele></trkpt>
   <trkpt lat="49.148026" lon="2.744966"><ele>92.25</ele></trkpt>
   <trkpt lat="49.14736" lon="2.744542"><ele>95</ele></trkpt>
   <trkpt lat="49.146767" lon="2.744164"><ele>91.25</ele></trkpt>
   <trkpt lat="49.146056" lon="2.743685"><ele>92.75</ele></trkpt>
   <trkpt lat="49.144847" lon="2.742832"><ele>96.75</ele></trkpt>
   <trkpt lat="49.144162" lon="2.742323"><ele>99.25</ele></trkpt>
   <trkpt lat="49.143455" lon="2.741772"><ele>101</ele></trkpt>
   <trkpt lat="49.142743" lon="2.741203"><ele>102.5</ele></trkpt>
   <trkpt lat="49.142065" lon="2.740642"><ele>104.5</ele></trkpt>
   <trkpt lat="49.140905" lon="2.739638"><ele>106</ele></trkpt>
   <trkpt lat="49.136903" lon="2.736049"><ele>111</ele></trkpt>
   <trkpt lat="49.135762" lon="2.735037"><ele>111.5</ele></trkpt>
   <trkpt lat="49.135047" lon="2.734425"><ele>110.75</ele></trkpt>
   <trkpt lat="49.134364" lon="2.733859"><ele>111.75</ele></trkpt>
   <trkpt lat="49.133341" lon="2.733044"><ele>111.75</ele></trkpt>
   <trkpt lat="49.132603" lon="2.732484"><ele>110.25</ele></trkpt>
   <trkpt lat="49.131927" lon="2.731992"><ele>110.75</ele></trkpt>
   <trkpt lat="49.131161" lon="2.731452"><ele>111</ele></trkpt>
   <trkpt lat="49.1262" lon="2.728083"><ele>106.75</ele></trkpt>
   <trkpt lat="49.126092" lon="2.728011"><ele>105.75</ele></trkpt>
   <trkpt lat="49.12518" lon="2.727394"><ele>108.75</ele></trkpt>
   <trkpt lat="49.122519" lon="2.725593"><ele>112.25</ele></trkpt>
   <trkpt lat="49.121253" lon="2.724716"><ele>113</ele></trkpt>
   <trkpt lat="49.120331" lon="2.724045"><ele>113</ele></trkpt>
   <trkpt lat="49.119368" lon="2.723311"><ele>114</ele></trkpt>
   <trkpt lat="49.118407" lon="2.722541"><ele>114.75</ele></trkpt>
   <trkpt lat="49.117412" lon="2.721702"><ele>115</ele></trkpt>
   <trkpt lat="49.116721" lon="2.721097"><ele>115.5</ele></trkpt>
   <trkpt lat="49.116096" lon="2.72053"><ele>116</ele></trkpt>
   <trkpt lat="49.115309" lon="2.719792"><ele>116.25</ele></trkpt>
   <trkpt lat="49.114458" lon="2.718964"><ele>116</ele></trkpt>
   <trkpt lat="49.113352" lon="2.717835"><ele>116</ele></trkpt>
   <trkpt lat="49.112458" lon="2.716875"><ele>115.5</ele></trkpt>
   <trkpt lat="49.111676" lon="2.716004"><ele>115.25</ele></trkpt>
   <trkpt lat="49.11052" lon="2.714643"><ele>117</ele></trkpt>
   <trkpt lat="49.109768" lon="2.713722"><ele>116.75</ele></trkpt>
   <trkpt lat="49.109346" lon="2.71319"><ele>116.5</ele></trkpt>
   <trkpt lat="49.108577" lon="2.712191"><ele>117.5</ele></trkpt>
   <trkpt lat="49.108122" lon="2.71158"><ele>117</ele></trkpt>
   <trkpt lat="49.107101" lon="2.710164"><ele>116</ele></trkpt>
   <trkpt lat="49.106676" lon="2.709549"><ele>115.5</ele></trkpt>
   <trkpt lat="49.106182" lon="2.708818"><ele>115</ele></trkpt>
   <trkpt lat="49.105596" lon="2.707934"><ele>114</ele></trkpt>
   <trkpt lat="49.105011" lon="2.707016"><ele>114.5</ele></trkpt>
   <trkpt lat="49.104375" lon="2.705987"><ele>113.5</ele></trkpt>
   <trkpt lat="49.103723" lon="2.704894"><ele>111.75</ele></trkpt>
   <trkpt lat="49.103228" lon="2.70404"><ele>111.25</ele></trkpt>
   <trkpt lat="49.102747" lon="2.703185"><ele>111.5</ele></trkpt>
   <trkpt lat="49.102273" lon="2.702315"><ele>110.5</ele></trkpt>
   <trkpt lat="49.101807" lon="2.701434"><ele>110</ele></trkpt>
   <trkpt lat="49.101068" lon="2.699994"><ele>109</ele></trkpt>
   <trkpt lat="49.100793" lon="2.699435"><ele>108.25</ele></trkpt>
   <trkpt lat="49.099995" lon="2.697772"><ele>105</ele></trkpt>
   <trkpt lat="49.099689" lon="2.69711"><ele>103.25</ele></trkpt>
   <trkpt lat="49.09907" lon="2.695727"><ele>101</ele></trkpt>
   <trkpt lat="49.098344" lon="2.694021"><ele>96.5</ele></trkpt>
   <trkpt lat="49.097777" lon="2.692622"><ele>94</ele></trkpt>
   <trkpt lat="49.09729" lon="2.691365"><ele>93</ele></trkpt>
   <trkpt lat="49.09673" lon="2.689855"><ele>90.75</ele></trkpt>
   <trkpt lat="49.096713" lon="2.689809"><ele>90.75</ele></trkpt>
   <trkpt lat="49.096256" lon="2.688517"><ele>89</ele></trkpt>
   <trkpt lat="49.095982" lon="2.687716"><ele>90</ele></trkpt>
   <trkpt lat="49.095567" lon="2.686472"><ele>91</ele></trkpt>
   <trkpt lat="49.095276" lon="2.685563"><ele>91</ele></trkpt>
   <trkpt lat="49.094709" lon="2.68368"><ele>92.5</ele></trkpt>
   <trkpt lat="49.094364" lon="2.682481"><ele>94.5</ele></trkpt>
   <trkpt lat="49.093888" lon="2.680731"><ele>96.5</ele></trkpt>
   <trkpt lat="49.09369" lon="2.679971"><ele>99</ele></trkpt>
   <trkpt lat="49.093432" lon="2.678942"><ele>101.25</ele></trkpt>
   <trkpt lat="49.093178" lon="2.677884"><ele>102.25</ele></trkpt>
   <trkpt lat="49.092763" lon="2.676056"><ele>104</ele></trkpt>
   <trkpt lat="49.092518" lon="2.674908"><ele>105</ele></trkpt>
   <trkpt lat="49.09238" lon="2.674224"><ele>105.25</ele></trkpt>
   <trkpt lat="49.092134" lon="2.672974"><ele>106.25</ele></trkpt>
   <trkpt lat="49.09196" lon="2.672046"><ele>106</ele></trkpt>
   <trkpt lat="49.091635" lon="2.670161"><ele>107</ele></trkpt>
   <trkpt lat="49.091483" lon="2.669219"><ele>107.75</ele></trkpt>
   <trkpt lat="49.091329" lon="2.668206"><ele>107.25</ele></trkpt>
   <trkpt lat="49.0912" lon="2.667318"><ele>107.5</ele></trkpt>
   <trkpt lat="49.090416" lon="2.661576"><ele>103.5</ele></trkpt>
   <trkpt lat="49.090148" lon="2.65967"><ele>102.25</ele></trkpt>
   <trkpt lat="49.090037" lon="2.658896"><ele>101.75</ele></trkpt>
   <trkpt lat="49.089866" lon="2.657781"><ele>100</ele></trkpt>
   <trkpt lat="49.089669" lon="2.656576"><ele>102</ele></trkpt>
   <trkpt lat="49.089458" lon="2.655375"><ele>101.5</ele></trkpt>
   <trkpt lat="49.089236" lon="2.654169"><ele>100</ele></trkpt>
   <trkpt lat="49.089003" lon="2.652982"><ele>101.75</ele></trkpt>
   <trkpt lat="49.08884" lon="2.652186"><ele>103.25</ele></trkpt>
   <trkpt lat="49.088671" lon="2.651386"><ele>102.25</ele></trkpt>
   <trkpt lat="49.088495" lon="2.65059"><ele>103.75</ele></trkpt>
   <trkpt lat="49.088314" lon="2.649798"><ele>103.75</ele></trkpt>
   <trkpt lat="49.087937" lon="2.648215"><ele>105.5</ele></trkpt>
   <trkpt lat="49.087745" lon="2.647446"><ele>105.5</ele></trkpt>
   <trkpt lat="49.087302" lon="2.645756"><ele>107</ele></trkpt>
   <trkpt lat="49.085558" lon="2.639443"><ele>112.75</ele></trkpt>
   <trkpt lat="49.085258" lon="2.638347"><ele>113.75</ele></trkpt>
   <trkpt lat="49.08371" lon="2.632794"><ele>119.5</ele></trkpt>
   <trkpt lat="49.083001" lon="2.63023"><ele>124.25</ele></trkpt>
   <trkpt lat="49.082077" lon="2.626901"><ele>126.75</ele></trkpt>
   <trkpt lat="49.080009" lon="2.619451"><ele>129.75</ele></trkpt>
   <trkpt lat="49.079995" lon="2.6194"><ele>130.25</ele></trkpt>
   <trkpt lat="49.077966" lon="2.612094"><ele>127.25</ele></trkpt>
   <trkpt lat="49.077616" lon="2.610856"><ele>122</ele></trkpt>
   <trkpt lat="49.077263" lon="2.609633"><ele>123</ele></trkpt>
   <trkpt lat="49.076831" lon="2.608211"><ele>119.25</ele></trkpt>
   <trkpt lat="49.076804" lon="2.608117"><ele>118.5</ele></trkpt>
   <trkpt lat="49.076518" lon="2.607212"><ele>121.5</ele></trkpt>
   <trkpt lat="49.076042" lon="2.605767"><ele>120.75</ele></trkpt>
   <trkpt lat="49.075357" lon="2.603798"><ele>120.25</ele></trkpt>
   <trkpt lat="49.075133" lon="2.603183"><ele>120.75</ele></trkpt>
   <trkpt lat="49.074633" lon="2.601853"><ele>123</ele></trkpt>
   <trkpt lat="49.074272" lon="2.60093"><ele>124.5</ele></trkpt>
   <trkpt lat="49.073912" lon="2.600029"><ele>125.25</ele></trkpt>
   <trkpt lat="49.073536" lon="2.59912"><ele>126.25</ele></trkpt>
   <trkpt lat="49.073156" lon="2.598226"><ele>128</ele></trkpt>
   <trkpt lat="49.072725" lon="2.597241"><ele>126.5</ele></trkpt>
   <trkpt lat="49.072288" lon="2.596273"><ele>126.5</ele></trkpt>
   <trkpt lat="49.07188" lon="2.595398"><ele>124.75</ele></trkpt>
   <trkpt lat="49.071461" lon="2.59452"><ele>122.75</ele></trkpt>
   <trkpt lat="49.070512" lon="2.592558"><ele>124</ele></trkpt>
   <trkpt lat="49.066537" lon="2.58439"><ele>122.25</ele></trkpt>
   <trkpt lat="49.064092" lon="2.579369"><ele>120.25</ele></trkpt>
   <trkpt lat="49.063535" lon="2.578215"><ele>120</ele></trkpt>
   <trkpt lat="49.062789" lon="2.576632"><ele>119.75</ele></trkpt>
   <trkpt lat="49.062046" lon="2.575014"><ele>118.25</ele></trkpt>
   <trkpt lat="49.061629" lon="2.574082"><ele>119.25</ele></trkpt>
   <trkpt lat="49.057203" lon="2.564065"><ele>118.25</ele></trkpt>
   <trkpt lat="49.053183" lon="2.554961"><ele>112.5</ele></trkpt>
   <trkpt lat="49.050162" lon="2.548116"><ele>106.75</ele></trkpt>
   <trkpt lat="49.049868" lon="2.547447"><ele>106</ele></trkpt>
   <trkpt lat="49.049611" lon="2.546859"><ele>105.75</ele></trkpt>
   <trkpt lat="49.047545" lon="2.542204"><ele>105.75</ele></trkpt>
   <trkpt lat="49.043452" lon="2.532946"><ele>98</ele></trkpt>
   <trkpt lat="49.042959" lon="2.531851"><ele>97</ele></trkpt>
   <trkpt lat="49.042657" lon="2.531188"><ele>96</ele></trkpt>
   <trkpt lat="49.041933" lon="2.529659"><ele>92.25</ele></trkpt>
   <trkpt lat="49.041236" lon="2.528254"><ele>92.25</ele></trkpt>
   <trkpt lat="49.040502" lon="2.526836"><ele>90</ele></trkpt>
   <trkpt lat="49.038988" lon="2.52399"><ele>84.75</ele></trkpt>
   <trkpt lat="49.038936" lon="2.523892"><ele>85.5</ele></trkpt>
   <trkpt lat="49.034797" lon="2.516128"><ele>96.25</ele></trkpt>
   <trkpt lat="49.033188" lon="2.513115"><ele>100.75</ele></trkpt>
   <trkpt lat="49.030998" lon="2.509006"><ele>105.75</ele></trkpt>
   <trkpt lat="49.030141" lon="2.5074"><ele>107.5</ele></trkpt>
   <trkpt lat="49.028658" lon="2.504623"><ele>108.5</ele></trkpt>
   <trkpt lat="49.028148" lon="2.503676"><ele>106.5</ele></trkpt>
   <trkpt lat="49.026393" lon="2.500376"><ele>105.75</ele></trkpt>
   <trkpt lat="49.026121" lon="2.499864"><ele>105.75</ele></trkpt>
   <trkpt lat="49.025851" lon="2.499327"><ele>105.75</ele></trkpt>
   <trkpt lat="49.025404" lon="2.498428"><ele>105.75</ele></trkpt>
   <trkpt lat="49.025018" lon="2.497634"><ele>106</ele></trkpt>
   <trkpt lat="49.024268" lon="2.496017"><ele>103.5</ele></trkpt>
   <trkpt lat="49.023664" lon="2.494631"><ele>103</ele></trkpt>
   <trkpt lat="49.023324" lon="2.493823"><ele>101.75</ele></trkpt>
   <trkpt lat="49.022856" lon="2.492662"><ele>100.75</ele></trkpt>
   <trkpt lat="49.022435" lon="2.491576"><ele>98.75</ele></trkpt>
   <trkpt lat="49.022094" lon="2.490652"><ele>97.75</ele></trkpt>
   <trkpt lat="49.021737" lon="2.48966"><ele>96.25</ele></trkpt>
   <trkpt lat="49.021446" lon="2.488824"><ele>95</ele></trkpt>
   <trkpt lat="49.020832" lon="2.486941"><ele>92</ele></trkpt>
   <trkpt lat="49.020434" lon="2.485642"><ele>90.75</ele></trkpt>
   <trkpt lat="49.019956" lon="2.483975"><ele>88.25</ele></trkpt>
   <trkpt lat="49.019679" lon="2.482956"><ele>86.5</ele></trkpt>
   <trkpt lat="49.019403" lon="2.481891"><ele>84.75</ele></trkpt>
   <trkpt lat="49.018928" lon="2.479906"><ele>82.25</ele></trkpt>
   <trkpt lat="49.018487" lon="2.477926"><ele>79.5</ele></trkpt>
   <trkpt lat="49.01806" lon="2.475932"><ele>80</ele></trkpt>
   <trkpt lat="49.016791" lon="2.469989"><ele>81.75</ele></trkpt>
   <trkpt lat="49.016522" lon="2.468701"><ele>82.25</ele></trkpt>
   <trkpt lat="49.016325" lon="2.467776"><ele>82.25</ele></trkpt>
   <trkpt lat="49.016224" lon="2.467303"><ele>82.25</ele></trkpt>
   <trkpt lat="49.014576" lon="2.459578"><ele>78.5</ele></trkpt>
   <trkpt lat="49.014536" lon="2.459383"><ele>78.5</ele></trkpt>
   <trkpt lat="49.014135" lon="2.45755"><ele>80.25</ele></trkpt>
   <trkpt lat="49.013931" lon="2.456676"><ele>79.5</ele></trkpt>
   <trkpt lat="49.013718" lon="2.455812"><ele>78.25</ele></trkpt>
   <trkpt lat="49.013585" lon="2.455304"><ele>77.25</ele></trkpt>
   <trkpt lat="49.013322" lon="2.454354"><ele>76</ele></trkpt>
   <trkpt lat="49.013139" lon="2.453718"><ele>76</ele></trkpt>
   <trkpt lat="49.012783" lon="2.452562"><ele>74</ele></trkpt>
   <trkpt lat="49.012365" lon="2.451305"><ele>73.25</ele></trkpt>
   <trkpt lat="49.012121" lon="2.450621"><ele>71.75</ele></trkpt>
   <trkpt lat="49.01174" lon="2.449602"><ele>70.25</ele></trkpt>
   <trkpt lat="49.011368" lon="2.448655"><ele>73</ele></trkpt>
   <trkpt lat="49.010965" lon="2.447664"><ele>72.25</ele></trkpt>
   <trkpt lat="49.009835" lon="2.444942"><ele>78.75</ele></trkpt>
   <trkpt lat="49.009794" lon="2.444843"><ele>78.75</ele></trkpt>
   <trkpt lat="49.008655" lon="2.442187"><ele>81.25</ele></trkpt>
   <trkpt lat="49.00786" lon="2.440363"><ele>83</ele></trkpt>
   <trkpt lat="49.007603" lon="2.439794"><ele>83.5</ele></trkpt>
   <trkpt lat="49.007243" lon="2.439047"><ele>82.75</ele></trkpt>
   <trkpt lat="49.006789" lon="2.438142"><ele>82.25</ele></trkpt>
   <trkpt lat="49.006283" lon="2.437185"><ele>80</ele></trkpt>
   <trkpt lat="49.005846" lon="2.436382"><ele>77.75</ele></trkpt>
   <trkpt lat="49.003117" lon="2.431403"><ele>74.25</ele></trkpt>
   <trkpt lat="49.002435" lon="2.430168"><ele>74.25</ele></trkpt>
   <trkpt lat="49.001917" lon="2.429214"><ele>75</ele></trkpt>
   <trkpt lat="49.001317" lon="2.428151"><ele>73</ele></trkpt>
   <trkpt lat="49.000832" lon="2.427333"><ele>73</ele></trkpt>
   <trkpt lat="49.000091" lon="2.426119"><ele>73</ele></trkpt>
   <trkpt lat="48.999075" lon="2.424556"><ele>72.75</ele></trkpt>
   <trkpt lat="48.997358" lon="2.421896"><ele>72.25</ele></trkpt>
   <trkpt lat="48.99705" lon="2.421439"><ele>72.5</ele></trkpt>
   <trkpt lat="48.996396" lon="2.420496"><ele>71.25</ele></trkpt>
   <trkpt lat="48.995532" lon="2.419314"><ele>69.5</ele></trkpt>
   <trkpt lat="48.994682" lon="2.41815"><ele>69.25</ele></trkpt>
   <trkpt lat="48.994297" lon="2.417606"><ele>69</ele></trkpt>
   <trkpt lat="48.993803" lon="2.416861"><ele>68.75</ele></trkpt>
   <trkpt lat="48.993377" lon="2.416176"><ele>68.75</ele></trkpt>
   <trkpt lat="48.993163" lon="2.415818"><ele>68.25</ele></trkpt>
   <trkpt lat="48.992748" lon="2.415087"><ele>68.5</ele></trkpt>
   <trkpt lat="48.991856" lon="2.41344"><ele>67.5</ele></trkpt>
   <trkpt lat="48.991314" lon="2.412458"><ele>67</ele></trkpt>
   <trkpt lat="48.990989" lon="2.411886"><ele>66.75</ele></trkpt>
   <trkpt lat="48.990641" lon="2.411312"><ele>66</ele></trkpt>
   <trkpt lat="48.990284" lon="2.410725"><ele>67.75</ele></trkpt>
   <trkpt lat="48.987238" lon="2.405922"><ele>64.75</ele></trkpt>
   <trkpt lat="48.986307" lon="2.404489"><ele>64.75</ele></trkpt>
   <trkpt lat="48.985951" lon="2.40396"><ele>64.5</ele></trkpt>
   <trkpt lat="48.985123" lon="2.402765"><ele>64</ele></trkpt>
   <trkpt lat="48.98462" lon="2.402071"><ele>60.75</ele></trkpt>
   <trkpt lat="48.984137" lon="2.401391"><ele>60.25</ele></trkpt>
   <trkpt lat="48.983855" lon="2.400982"><ele>59</ele></trkpt>
   <trkpt lat="48.983555" lon="2.400571"><ele>59.25</ele></trkpt>
   <trkpt lat="48.982469" lon="2.399021"><ele>57.75</ele></trkpt>
   <trkpt lat="48.981706" lon="2.397948"><ele>53.5</ele></trkpt>
   <trkpt lat="48.980917" lon="2.396806"><ele>55.25</ele></trkpt>
   <trkpt lat="48.980385" lon="2.396041"><ele>59</ele></trkpt>
   <trkpt lat="48.979048" lon="2.394069"><ele>59.25</ele></trkpt>
   <trkpt lat="48.978379" lon="2.393102"><ele>57.75</ele></trkpt>
   <trkpt lat="48.977505" lon="2.391893"><ele>56.75</ele></trkpt>
   <trkpt lat="48.977065" lon="2.391303"><ele>57.75</ele></trkpt>
   <trkpt lat="48.976525" lon="2.390559"><ele>58</ele></trkpt>
   <trkpt lat="48.975586" lon="2.389226"><ele>56.25</ele></trkpt>
   <trkpt lat="48.973638" lon="2.386332"><ele>52.25</ele></trkpt>
   <trkpt lat="48.972572" lon="2.384766"><ele>51</ele></trkpt>
   <trkpt lat="48.971589" lon="2.383347"><ele>49.5</ele></trkpt>
   <trkpt lat="48.968383" lon="2.378775"><ele>47.5</ele></trkpt>
   <trkpt lat="48.968014" lon="2.378257"><ele>48.25</ele></trkpt>
   <trkpt lat="48.967832" lon="2.377998"><ele>46</ele></trkpt>
   <trkpt lat="48.967783" lon="2.377933"><ele>46.25</ele></trkpt>
   <trkpt lat="48.967756" lon="2.377893"><ele>46.5</ele></trkpt>
   <trkpt lat="48.967217" lon="2.377121"><ele>47.75</ele></trkpt>
   <trkpt lat="48.966713" lon="2.376401"><ele>47.75</ele></trkpt>
   <trkpt lat="48.965857" lon="2.375213"><ele>46.75</ele></trkpt>
   <trkpt lat="48.965456" lon="2.374669"><ele>46.5</ele></trkpt>
   <trkpt lat="48.964105" lon="2.372831"><ele>46</ele></trkpt>
   <trkpt lat="48.963563" lon="2.372082"><ele>46</ele></trkpt>
   <trkpt lat="48.963316" lon="2.371722"><ele>46</ele></trkpt>
   <trkpt lat="48.961265" lon="2.368561"><ele>46</ele></trkpt>
   <trkpt lat="48.960658" lon="2.367636"><ele>45.5</ele></trkpt>
   <trkpt lat="48.960437" lon="2.367308"><ele>45</ele></trkpt>
   <trkpt lat="48.95893" lon="2.365147"><ele>44.5</ele></trkpt>
   <trkpt lat="48.955706" lon="2.360557"><ele>40.25</ele></trkpt>
   <trkpt lat="48.955145" lon="2.359749"><ele>39.5</ele></trkpt>
   <trkpt lat="48.954128" lon="2.358313"><ele>38.5</ele></trkpt>
   <trkpt lat="48.953278" lon="2.357092"><ele>37.5</ele></trkpt>
   <trkpt lat="48.952754" lon="2.356353"><ele>37.75</ele></trkpt>
   <trkpt lat="48.952748" lon="2.356346"><ele>37.75</ele></trkpt>
   <trkpt lat="48.952395" lon="2.355843"><ele>37.5</ele></trkpt>
   <trkpt lat="48.950994" lon="2.353847"><ele>37</ele></trkpt>
   <trkpt lat="48.947248" lon="2.348514"><ele>36</ele></trkpt>
   <trkpt lat="48.946687" lon="2.347739"><ele>36</ele></trkpt>
   <trkpt lat="48.946283" lon="2.347234"><ele>33.5</ele></trkpt>
   <trkpt lat="48.946104" lon="2.347032"><ele>33.25</ele></trkpt>
   <trkpt lat="48.945917" lon="2.346832"><ele>34.75</ele></trkpt>
   <trkpt lat="48.94543" lon="2.346359"><ele>34.25</ele></trkpt>
   <trkpt lat="48.945144" lon="2.346105"><ele>34.5</ele></trkpt>
   <trkpt lat="48.944897" lon="2.345906"><ele>34.25</ele></trkpt>
   <trkpt lat="48.944404" lon="2.345548"><ele>34.5</ele></trkpt>
   <trkpt lat="48.944197" lon="2.345418"><ele>34</ele></trkpt>
   <trkpt lat="48.943852" lon="2.345212"><ele>33.75</ele></trkpt>
   <trkpt lat="48.943471" lon="2.345018"><ele>34</ele></trkpt>
   <trkpt lat="48.943164" lon="2.344883"><ele>33.25</ele></trkpt>
   <trkpt lat="48.942759" lon="2.344741"><ele>34.5</ele></trkpt>
   <trkpt lat="48.942586" lon="2.34469"><ele>34.25</ele></trkpt>
   <trkpt lat="48.942525" lon="2.344673"><ele>34.25</ele></trkpt>
   <trkpt lat="48.942231" lon="2.344607"><ele>34</ele></trkpt>
   <trkpt lat="48.941942" lon="2.344555"><ele>33.75</ele></trkpt>
   <trkpt lat="48.94155" lon="2.344506"><ele>34</ele></trkpt>
   <trkpt lat="48.941269" lon="2.344485"><ele>34.25</ele></trkpt>
   <trkpt lat="48.940862" lon="2.344477"><ele>34.5</ele></trkpt>
   <trkpt lat="48.940579" lon="2.344481"><ele>34.25</ele></trkpt>
   <trkpt lat="48.940378" lon="2.344496"><ele>30.25</ele></trkpt>
   <trkpt lat="48.940131" lon="2.344524"><ele>31.25</ele></trkpt>
   <trkpt lat="48.939802" lon="2.344575"><ele>33.75</ele></trkpt>
   <trkpt lat="48.939233" lon="2.344694"><ele>35</ele></trkpt>
   <trkpt lat="48.938121" lon="2.345015"><ele>35.25</ele></trkpt>
   <trkpt lat="48.937596" lon="2.345148"><ele>33.25</ele></trkpt>
   <trkpt lat="48.937284" lon="2.345228"><ele>32.25</ele></trkpt>
   <trkpt lat="48.936953" lon="2.345315"><ele>31</ele></trkpt>
   <trkpt lat="48.936097" lon="2.345511"><ele>31.25</ele></trkpt>
   <trkpt lat="48.935962" lon="2.345539"><ele>34</ele></trkpt>
   <trkpt lat="48.935038" lon="2.345763"><ele>36</ele></trkpt>
   <trkpt lat="48.933478" lon="2.346158"><ele>36</ele></trkpt>
   <trkpt lat="48.933355" lon="2.346188"><ele>36</ele></trkpt>
   <trkpt lat="48.933263" lon="2.346211"><ele>36</ele></trkpt>
   <trkpt lat="48.933045" lon="2.346258"><ele>36</ele></trkpt>
   <trkpt lat="48.932093" lon="2.346473"><ele>36</ele></trkpt>
   <trkpt lat="48.930956" lon="2.346696"><ele>36</ele></trkpt>
   <trkpt lat="48.930945" lon="2.346698"><ele>36</ele></trkpt>
   <trkpt lat="48.930611" lon="2.346785"><ele>36</ele></trkpt>
   <trkpt lat="48.930307" lon="2.346869"><ele>36</ele></trkpt>
   <trkpt lat="48.929823" lon="2.347023"><ele>36</ele></trkpt>
   <trkpt lat="48.929483" lon="2.34712"><ele>36</ele></trkpt>
   <trkpt lat="48.929326" lon="2.347159"><ele>36</ele></trkpt>
   <trkpt lat="48.929148" lon="2.347205"><ele>35.75</ele></trkpt>
   <trkpt lat="48.92914" lon="2.347207"><ele>35.75</ele></trkpt>
   <trkpt lat="48.928437" lon="2.347384"><ele>35.5</ele></trkpt>
   <trkpt lat="48.927823" lon="2.347542"><ele>36</ele></trkpt>
   <trkpt lat="48.925392" lon="2.348239"><ele>35</ele></trkpt>
   <trkpt lat="48.9242" lon="2.348561"><ele>35.25</ele></trkpt>
   <trkpt lat="48.92322" lon="2.348828"><ele>34</ele></trkpt>
   <trkpt lat="48.922635" lon="2.348967"><ele>34.25</ele></trkpt>
   <trkpt lat="48.922249" lon="2.349032"><ele>34</ele></trkpt>
   <trkpt lat="48.921777" lon="2.349081"><ele>35.25</ele></trkpt>
   <trkpt lat="48.920461" lon="2.34923"><ele>35.5</ele></trkpt>
   <trkpt lat="48.920126" lon="2.349285"><ele>36</ele></trkpt>
   <trkpt lat="48.919599" lon="2.349404"><ele>35.5</ele></trkpt>
   <trkpt lat="48.915344" lon="2.350542"><ele>36.75</ele></trkpt>
   <trkpt lat="48.915276" lon="2.35056"><ele>35.75</ele></trkpt>
   <trkpt lat="48.915132" lon="2.350599"><ele>37.25</ele></trkpt>
   <trkpt lat="48.914878" lon="2.350666"><ele>39</ele></trkpt>
   <trkpt lat="48.914869" lon="2.350668"><ele>39</ele></trkpt>
   <trkpt lat="48.912407" lon="2.35132"><ele>40</ele></trkpt>
   <trkpt lat="48.911024" lon="2.351643"><ele>40.75</ele></trkpt>
   <trkpt lat="48.910914" lon="2.351666"><ele>40.75</ele></trkpt>
   <trkpt lat="48.910722" lon="2.351706"><ele>40.5</ele></trkpt>
   <trkpt lat="48.91024" lon="2.351796"><ele>40.5</ele></trkpt>
   <trkpt lat="48.909753" lon="2.351873"><ele>41</ele></trkpt>
   <trkpt lat="48.909034" lon="2.35198"><ele>41</ele></trkpt>
   <trkpt lat="48.907513" lon="2.352185"><ele>41</ele></trkpt>
   <trkpt lat="48.906765" lon="2.3523"><ele>41</ele></trkpt>
   <trkpt lat="48.906469" lon="2.352356"><ele>40.5</ele></trkpt>
   <trkpt lat="48.906017" lon="2.352432"><ele>40.5</ele></trkpt>
   <trkpt lat="48.905212" lon="2.352575"><ele>40.5</ele></trkpt>
   <trkpt lat="48.90481" lon="2.352667"><ele>40</ele></trkpt>
   <trkpt lat="48.904523" lon="2.352744"><ele>41.75</ele></trkpt>
   <trkpt lat="48.903379" lon="2.353087"><ele>41</ele></trkpt>
   <trkpt lat="48.903092" lon="2.353158"><ele>43.5</ele></trkpt>
   <trkpt lat="48.902533" lon="2.353276"><ele>42.5</ele></trkpt>
   <trkpt lat="48.901848" lon="2.353461"><ele>43.25</ele></trkpt>
   <trkpt lat="48.900944" lon="2.353724"><ele>44</ele></trkpt>
   <trkpt lat="48.899648" lon="2.354072"><ele>45</ele></trkpt>
   <trkpt lat="48.899364" lon="2.354129"><ele>45.75</ele></trkpt>
   <trkpt lat="48.89911" lon="2.354169"><ele>46</ele></trkpt>
   <trkpt lat="48.898923" lon="2.354191"><ele>46</ele></trkpt>
   <trkpt lat="48.898556" lon="2.354209"><ele>42</ele></trkpt>
   <trkpt lat="48.898101" lon="2.354232"><ele>43</ele></trkpt>
   <trkpt lat="48.897931" lon="2.354245"><ele>44.75</ele></trkpt>
   <trkpt lat="48.897634" lon="2.354268"><ele>46.5</ele></trkpt>
   <trkpt lat="48.897384" lon="2.354298"><ele>46.75</ele></trkpt>
   <trkpt lat="48.896417" lon="2.354471"><ele>47</ele></trkpt>
   <trkpt lat="48.896091" lon="2.354558"><ele>46.75</ele></trkpt>
   <trkpt lat="48.895629" lon="2.3547"><ele>46.75</ele></trkpt>
   <trkpt lat="48.893662" lon="2.355342"><ele>48.75</ele></trkpt>
   <trkpt lat="48.893395" lon="2.355434"><ele>48</ele></trkpt>
   <trkpt lat="48.892655" lon="2.355727"><ele>45.5</ele></trkpt>
   <trkpt lat="48.890443" lon="2.356676"><ele>48.25</ele></trkpt>
   <trkpt lat="48.890102" lon="2.356794"><ele>49</ele></trkpt>
   <trkpt lat="48.889861" lon="2.356863"><ele>49</ele></trkpt>
   <trkpt lat="48.888928" lon="2.357076"><ele>49.75</ele></trkpt>
   <trkpt lat="48.88831" lon="2.357193"><ele>49.25</ele></trkpt>
   <trkpt lat="48.88814" lon="2.357217"><ele>49.5</ele></trkpt>
   <trkpt lat="48.887399" lon="2.35731"><ele>50</ele></trkpt>
   <trkpt lat="48.887321" lon="2.35732"><ele>50</ele></trkpt>
   <trkpt lat="48.886951" lon="2.357368"><ele>49.75</ele></trkpt>
   <trkpt lat="48.886577" lon="2.357403"><ele>50</ele></trkpt>
   <trkpt lat="48.886502" lon="2.357404"><ele>50</ele></trkpt>
   <trkpt lat="48.886099" lon="2.357402"><ele>51</ele></trkpt>
   <trkpt lat="48.885926" lon="2.357405"><ele>51</ele></trkpt>
   <trkpt lat="48.885758" lon="2.357396"><ele>51</ele></trkpt>
   <trkpt lat="48.885687" lon="2.357387"><ele>51</ele></trkpt>
   <trkpt lat="48.885318" lon="2.357347"><ele>51</ele></trkpt>
   <trkpt lat="48.884971" lon="2.357308"><ele>51</ele></trkpt>
   <trkpt lat="48.884786" lon="2.357272"><ele>51</ele></trkpt>
   <trkpt lat="48.884476" lon="2.357214"><ele>51</ele></trkpt>
   <trkpt lat="48.884069" lon="2.357133"><ele>51.25</ele></trkpt>
   <trkpt lat="48.883955" lon="2.357112"><ele>51.75</ele></trkpt>
   <trkpt lat="48.883828" lon="2.357085"><ele>51.75</ele></trkpt>
   <trkpt lat="48.883685" lon="2.357038"><ele>51.75</ele></trkpt>
   <trkpt lat="48.883457" lon="2.356941"><ele>52</ele></trkpt>
   <trkpt lat="48.883246" lon="2.356826"><ele>52</ele></trkpt>
   <trkpt lat="48.882628" lon="2.356431"><ele>52</ele></trkpt>
   <trkpt lat="48.882279" lon="2.356232"><ele>52.75</ele></trkpt>
   <trkpt lat="48.882092" lon="2.356137"><ele>52.5</ele></trkpt>
   <trkpt lat="48.880578" lon="2.355423"><ele>56.25</ele></trkpt>
  </trkseg>
 </trk>
</gpx>