<?xml version="1.0" encoding="UTF-8"?>
<!-- track-length = 655937 filtered ascend = 382 plain-ascend = 30 cost=655938 energy=8.0kwh time=14h 34m 35s -->
<gpx 
 xmlns="http://www.topografix.com/GPX/1/1" 
 xmlns:xsi="http://www.w3.org/2001/XMLSchema-instance" 
 xsi:schemaLocation="http://www.topografix.com/GPX/1/1 http://www.topografix.com/GPX/1/1/gpx.xsd" 
 version="1.1" 
 creator="BRouter-Web 0.18.1">
 <trk>
  <name>Amsterdam -&gt; Berlin (655.9km)</name>
  <trkseg>
   <trkpt lat="52.378937" lon="4.90064"><ele>1.75</ele></trkpt>
   <trkpt lat="52.378801" lon="4.901015"><ele>2</ele></trkpt>
   <trkpt lat="52.378799" lon="4.90102"><ele>2</ele></trkpt>
   <trkpt lat="52.378797" lon="4.901025"><ele>2</ele></trkpt>
   <trkpt lat="52.378758" lon="4.901132"><ele>1.75</ele></trkpt>
   <trkpt lat="52.37872" lon="4.90124"><ele>1.75</ele></trkpt>
   <trkpt lat="52.378719" lon="4.90124"><ele>1.75</ele></trkpt>
   <trkpt lat="52.378379" lon="4.902176"><ele>2</ele></trkpt>
   <trkpt lat="52.378253" lon="4.902518"><ele>3</ele></trkpt>
   <trkpt lat="52.378131" lon="4.902823"><ele>9.5</ele></trkpt>
   <trkpt lat="52.378115" lon="4.902859"><ele>9.75</ele></trkpt>
   <trkpt lat="52.377956" lon="4.903201"><ele>6.75</ele></trkpt>
   <trkpt lat="52.377792" lon="4.903592"><ele>5.75</ele></trkpt>
   <trkpt lat="52.37772" lon="4.903785"><ele>5.25</ele></trkpt>
   <trkpt lat="52.377712" lon="4.903808"><ele>5.25</ele></trkpt>
   <trkpt lat="52.37758" lon="4.904229"><ele>4.25</ele></trkpt>
   <trkpt lat="52.377527" lon="4.904418"><ele>3.75</ele></trkpt>
   <trkpt lat="52.377508" lon="4.904489"><ele>4</ele></trkpt>
   <trkpt lat="52.37735" lon="4.904927"><ele>6</ele></trkpt>
   <trkpt lat="52.377278" lon="4.905186"><ele>6</ele></trkpt>
   <trkpt lat="52.377175" lon="4.905598"><ele>5.5</ele></trkpt>
   <trkpt lat="52.377057" lon="4.905969"><ele>5</ele></trkpt>
   <trkpt lat="52.376967" lon="4.906323"><ele>5</ele></trkpt>
   <trkpt lat="52.376921" lon="4.906551"><ele>4.75</ele></trkpt>
   <trkpt lat="52.376859" lon="4.90685"><ele>4.5</ele></trkpt>
   <trkpt lat="52.376793" lon="4.907222"><ele>4.75</ele></trkpt>
   <trkpt lat="52.376791" lon="4.907237"><ele>5</ele></trkpt>
   <trkpt lat="52.376756" lon="4.907632"><ele>5.25</ele></trkpt>
   <trkpt lat="52.376743" lon="4.907885"><ele>5.25</ele></trkpt>
   <trkpt lat="52.37671" lon="4.908137"><ele>5</ele></trkpt>
   <trkpt lat="52.37667" lon="4.908525"><ele>5</ele></trkpt>
   <trkpt lat="52.376655" lon="4.909042"><ele>5.5</ele></trkpt>
   <trkpt lat="52.376665" lon="4.909407"><ele>5.75</ele></trkpt>
   <trkpt lat="52.376672" lon="4.909811"><ele>5.25</ele></trkpt>
   <trkpt lat="52.376684" lon="4.910104"><ele>2.75</ele></trkpt>
   <trkpt lat="52.376693" lon="4.910315"><ele>1.25</ele></trkpt>
   <trkpt lat="52.376697" lon="4.910362"><ele>1</ele></trkpt>
   <trkpt lat="52.3767" lon="4.910402"><ele>1</ele></trkpt>
   <trkpt lat="52.376715" lon="4.910586"><ele>1.25</ele></trkpt>
   <trkpt lat="52.376743" lon="4.910934"><ele>2</ele></trkpt>
   <trkpt lat="52.376804" lon="4.911723"><ele>3.5</ele></trkpt>
   <trkpt lat="52.37683" lon="4.912101"><ele>4.5</ele></trkpt>
   <trkpt lat="52.376846" lon="4.912389"><ele>4.5</ele></trkpt>
   <trkpt lat="52.376853" lon="4.912839"><ele>4.25</ele></trkpt>
   <trkpt lat="52.376843" lon="4.91329"><ele>4</ele></trkpt>
   <trkpt lat="52.376827" lon="4.913566"><ele>3.75</ele></trkpt>
   <trkpt lat="52.376779" lon="4.914051"><ele>3.25</ele></trkpt>
   <trkpt lat="52.376768" lon="4.914148"><ele>3.25</ele></trkpt>
   <trkpt lat="52.376768" lon="4.914151"><ele>3.25</ele></trkpt>
   <trkpt lat="52.376724" lon="4.91447"><ele>3.75</ele></trkpt>
   <trkpt lat="52.376663" lon="4.914843"><ele>5.75</ele></trkpt>
   <trkpt lat="52.376557" lon="4.915506"><ele>4</ele></trkpt>
   <trkpt lat="52.376556" lon="4.915512"><ele>4</ele></trkpt>
   <trkpt lat="52.376242" lon="4.917462"><ele>3.25</ele></trkpt>
   <trkpt lat="52.375922" lon="4.919455"><ele>3.75</ele></trkpt>
   <trkpt lat="52.375748" lon="4.920606"><ele>4.25</ele></trkpt>
   <trkpt lat="52.375646" lon="4.921279"><ele>2.75</ele></trkpt>
   <trkpt lat="52.375605" lon="4.921551"><ele>2.75</ele></trkpt>
   <trkpt lat="52.375429" lon="4.922718"><ele>3.5</ele></trkpt>
   <trkpt lat="52.375427" lon="4.922733"><ele>3.5</ele></trkpt>
   <trkpt lat="52.375341" lon="4.923214"><ele>3.5</ele></trkpt>
   <trkpt lat="52.375253" lon="4.923627"><ele>3.5</ele></trkpt>
   <trkpt lat="52.375143" lon="4.92407"><ele>3.5</ele></trkpt>
   <trkpt lat="52.374958" lon="4.924699"><ele>3.5</ele></trkpt>
   <trkpt lat="52.374834" lon="4.925085"><ele>3.5</ele></trkpt>
   <trkpt lat="52.374099" lon="4.92737"><ele>3.5</ele></trkpt>
   <trkpt lat="52.373938" lon="4.927892"><ele>3.5</ele></trkpt>
   <trkpt lat="52.373727" lon="4.928681"><ele>3.5</ele></trkpt>
   <trkpt lat="52.373633" lon="4.929074"><ele>5.25</ele></trkpt>
   <trkpt lat="52.373528" lon="4.929503"><ele>4.5</ele></trkpt>
   <trkpt lat="52.373444" lon="4.929803"><ele>3.75</ele></trkpt>
   <trkpt lat="52.373347" lon="4.93009"><ele>5</ele></trkpt>
   <trkpt lat="52.37323" lon="4.930397"><ele>4.75</ele></trkpt>
   <trkpt lat="52.373124" lon="4.930646"><ele>4.25</ele></trkpt>
   <trkpt lat="52.372984" lon="4.930939"><ele>5.5</ele></trkpt>
   <trkpt lat="52.372785" lon="4.931289"><ele>5.5</ele></trkpt>
   <trkpt lat="52.372569" lon="4.931613"><ele>5.5</ele></trkpt>
   <trkpt lat="52.372378" lon="4.931861"><ele>5</ele></trkpt>
   <trkpt lat="52.372198" lon="4.932069"><ele>5</ele></trkpt>
   <trkpt lat="52.371977" lon="4.932281"><ele>3.25</ele></trkpt>
   <trkpt lat="52.371793" lon="4.932433"><ele>5.25</ele></trkpt>
   <trkpt lat="52.371614" lon="4.932564"><ele>6.25</ele></trkpt>
   <trkpt lat="52.371512" lon="4.932627"><ele>5.25</ele></trkpt>
   <trkpt lat="52.371246" lon="4.932764"><ele>6.5</ele></trkpt>
   <trkpt lat="52.371007" lon="4.932862"><ele>6</ele></trkpt>
   <trkpt lat="52.37072" lon="4.932944"><ele>3.75</ele></trkpt>
   <trkpt lat="52.370444" lon="4.933017"><ele>4</ele></trkpt>
   <trkpt lat="52.370158" lon="4.933085"><ele>6.5</ele></trkpt>
   <trkpt lat="52.369835" lon="4.933125"><ele>5.75</ele></trkpt>
   <trkpt lat="52.369633" lon="4.933128"><ele>5.5</ele></trkpt>
   <trkpt lat="52.369385" lon="4.933106"><ele>6</ele></trkpt>
   <trkpt lat="52.369205" lon="4.933069"><ele>6</ele></trkpt>
   <trkpt lat="52.369099" lon="4.933043"><ele>5.75</ele></trkpt>
   <trkpt lat="52.369014" lon="4.933016"><ele>5.25</ele></trkpt>
   <trkpt lat="52.369013" lon="4.933016"><ele>5.25</ele></trkpt>
   <trkpt lat="52.368896" lon="4.932977"><ele>4.75</ele></trkpt>
   <trkpt lat="52.368792" lon="4.932936"><ele>4.5</ele></trkpt>
   <trkpt lat="52.3686" lon="4.932847"><ele>5.25</ele></trkpt>
   <trkpt lat="52.368367" lon="4.932719"><ele>4.5</ele></trkpt>
   <trkpt lat="52.367615" lon="4.932271"><ele>2.5</ele></trkpt>
   <trkpt lat="52.367068" lon="4.931941"><ele>0.75</ele></trkpt>
   <trkpt lat="52.36689" lon="4.931835"><ele>1.25</ele></trkpt>
   <trkpt lat="52.366411" lon="4.931547"><ele>2.75</ele></trkpt>
   <trkpt lat="52.366145" lon="4.931387"><ele>3.5</ele></trkpt>
   <trkpt lat="52.365949" lon="4.931269"><ele>4.25</ele></trkpt>
   <trkpt lat="52.365752" lon="4.931152"><ele>4.25</ele></trkpt>
   <trkpt lat="52.365439" lon="4.930988"><ele>4</ele></trkpt>
   <trkpt lat="52.365252" lon="4.930909"><ele>4.25</ele></trkpt>
   <trkpt lat="52.365071" lon="4.930847"><ele>4.75</ele></trkpt>
   <trkpt lat="52.36488" lon="4.930795"><ele>4.5</ele></trkpt>
   <trkpt lat="52.36468" lon="4.930758"><ele>4</ele></trkpt>
   <trkpt lat="52.364442" lon="4.930734"><ele>3.75</ele></trkpt>
   <trkpt lat="52.364183" lon="4.930731"><ele>3.75</ele></trkpt>
   <trkpt lat="52.363496" lon="4.930774"><ele>2.75</ele></trkpt>
   <trkpt lat="52.363441" lon="4.930779"><ele>2.25</ele></trkpt>
   <trkpt lat="52.363225" lon="4.930795"><ele>2.25</ele></trkpt>
   <trkpt lat="52.362907" lon="4.930818"><ele>4.75</ele></trkpt>
   <trkpt lat="52.362459" lon="4.930852"><ele>5</ele></trkpt>
   <trkpt lat="52.36207" lon="4.930873"><ele>5</ele></trkpt>
   <trkpt lat="52.361839" lon="4.930867"><ele>5</ele></trkpt>
   <trkpt lat="52.361659" lon="4.930847"><ele>4.75</ele></trkpt>
   <trkpt lat="52.361426" lon="4.930799"><ele>3.5</ele></trkpt>
   <trkpt lat="52.361355" lon="4.930776"><ele>3.25</ele></trkpt>
   <trkpt lat="52.361086" lon="4.930681"><ele>2.5</ele></trkpt>
   <trkpt lat="52.361049" lon="4.930665"><ele>2.75</ele></trkpt>
   <trkpt lat="52.361017" lon="4.930649"><ele>3</ele></trkpt>
   <trkpt lat="52.360924" lon="4.930603"><ele>3.25</ele></trkpt>
   <trkpt lat="52.360615" lon="4.930446"><ele>4.25</ele></trkpt>
   <trkpt lat="52.360431" lon="4.930346"><ele>5</ele></trkpt>
   <trkpt lat="52.360335" lon="4.93029"><ele>5</ele></trkpt>
   <trkpt lat="52.360182" lon="4.930194"><ele>4.75</ele></trkpt>
   <trkpt lat="52.360124" lon="4.930154"><ele>4.75</ele></trkpt>
   <trkpt lat="52.360052" lon="4.930103"><ele>4.75</ele></trkpt>
   <trkpt lat="52.359964" lon="4.930035"><ele>5</ele></trkpt>
   <trkpt lat="52.359808" lon="4.929906"><ele>4.5</ele></trkpt>
   <trkpt lat="52.359734" lon="4.929838"><ele>4</ele></trkpt>
   <trkpt lat="52.359534" lon="4.92964"><ele>4.25</ele></trkpt>
   <trkpt lat="52.359314" lon="4.929395"><ele>4.25</ele></trkpt>
   <trkpt lat="52.359164" lon="4.929213"><ele>4.25</ele></trkpt>
   <trkpt lat="52.358995" lon="4.928993"><ele>3.75</ele></trkpt>
   <trkpt lat="52.358898" lon="4.928858"><ele>3.75</ele></trkpt>
   <trkpt lat="52.358882" lon="4.928836"><ele>3.75</ele></trkpt>
   <trkpt lat="52.35867" lon="4.928516"><ele>3.75</ele></trkpt>
   <trkpt lat="52.358475" lon="4.928184"><ele>2.75</ele></trkpt>
   <trkpt lat="52.358295" lon="4.927823"><ele>3.75</ele></trkpt>
   <trkpt lat="52.358134" lon="4.927438"><ele>3.75</ele></trkpt>
   <trkpt lat="52.358021" lon="4.927117"><ele>4</ele></trkpt>
   <trkpt lat="52.357935" lon="4.92685"><ele>4</ele></trkpt>
   <trkpt lat="52.357808" lon="4.926429"><ele>4</ele></trkpt>
   <trkpt lat="52.357575" lon="4.92565"><ele>4.5</ele></trkpt>
   <trkpt lat="52.357511" lon="4.925482"><ele>4.5</ele></trkpt>
   <trkpt lat="52.357293" lon="4.924848"><ele>2.5</ele></trkpt>
   <trkpt lat="52.357017" lon="4.923926"><ele>3</ele></trkpt>
   <trkpt lat="52.356916" lon="4.923586"><ele>4.5</ele></trkpt>
   <trkpt lat="52.356407" lon="4.921892"><ele>3.75</ele></trkpt>
   <trkpt lat="52.355712" lon="4.919451"><ele>3.25</ele></trkpt>
   <trkpt lat="52.355568" lon="4.918946"><ele>3</ele></trkpt>
   <trkpt lat="52.355324" lon="4.918124"><ele>3</ele></trkpt>
   <trkpt lat="52.355158" lon="4.917619"><ele>3</ele></trkpt>
   <trkpt lat="52.354967" lon="4.91711"><ele>4.75</ele></trkpt>
   <trkpt lat="52.354769" lon="4.91667"><ele>4.5</ele></trkpt>
   <trkpt lat="52.354759" lon="4.916651"><ele>4.5</ele></trkpt>
   <trkpt lat="52.354648" lon="4.916436"><ele>3.75</ele></trkpt>
   <trkpt lat="52.354489" lon="4.916164"><ele>3.75</ele></trkpt>
   <trkpt lat="52.354277" lon="4.915853"><ele>3.75</ele></trkpt>
   <trkpt lat="52.354076" lon="4.915595"><ele>3.75</ele></trkpt>
   <trkpt lat="52.353946" lon="4.91545"><ele>4</ele></trkpt>
   <trkpt lat="52.35377" lon="4.915273"><ele>4</ele></trkpt>
   <trkpt lat="52.353518" lon="4.915056"><ele>4.5</ele></trkpt>
   <trkpt lat="52.353397" lon="4.914967"><ele>4.75</ele></trkpt>
   <trkpt lat="52.353114" lon="4.914791"><ele>4.75</ele></trkpt>
   <trkpt lat="52.352859" lon="4.914669"><ele>4.75</ele></trkpt>
   <trkpt lat="52.352607" lon="4.914578"><ele>4.25</ele></trkpt>
   <trkpt lat="52.352505" lon="4.914551"><ele>4.25</ele></trkpt>
   <trkpt lat="52.352275" lon="4.914507"><ele>4.75</ele></trkpt>
   <trkpt lat="52.352158" lon="4.914494"><ele>5</ele></trkpt>
   <trkpt lat="52.352033" lon="4.914487"><ele>5</ele></trkpt>
   <trkpt lat="52.351827" lon="4.914492"><ele>5</ele></trkpt>
   <trkpt lat="52.351529" lon="4.914532"><ele>2.5</ele></trkpt>
   <trkpt lat="52.35139" lon="4.914565"><ele>2.5</ele></trkpt>
   <trkpt lat="52.351199" lon="4.914626"><ele>2.75</ele></trkpt>
   <trkpt lat="52.350882" lon="4.914766"><ele>3</ele></trkpt>
   <trkpt lat="52.350623" lon="4.914919"><ele>3.25</ele></trkpt>
   <trkpt lat="52.350326" lon="4.915128"><ele>3.75</ele></trkpt>
   <trkpt lat="52.349819" lon="4.915509"><ele>3.75</ele></trkpt>
   <trkpt lat="52.349198" lon="4.915977"><ele>4.25</ele></trkpt>
   <trkpt lat="52.348608" lon="4.916419"><ele>4.25</ele></trkpt>
   <trkpt lat="52.348066" lon="4.916812"><ele>4.25</ele></trkpt>
   <trkpt lat="52.347785" lon="4.916994"><ele>4.25</ele></trkpt>
   <trkpt lat="52.347651" lon="4.917078"><ele>4.5</ele></trkpt>
   <trkpt lat="52.347409" lon="4.917227"><ele>4.5</ele></trkpt>
   <trkpt lat="52.347241" lon="4.917328"><ele>4.25</ele></trkpt>
   <trkpt lat="52.347072" lon="4.917431"><ele>4.25</ele></trkpt>
   <trkpt lat="52.346904" lon="4.917534"><ele>5</ele></trkpt>
   <trkpt lat="52.346646" lon="4.917692"><ele>6.25</ele></trkpt>
   <trkpt lat="52.346584" lon="4.917728"><ele>5.5</ele></trkpt>
   <trkpt lat="52.346507" lon="4.917776"><ele>4.75</ele></trkpt>
   <trkpt lat="52.346466" lon="4.917799"><ele>4.25</ele></trkpt>
   <trkpt lat="52.345307" lon="4.918507"><ele>4.5</ele></trkpt>
   <trkpt lat="52.345041" lon="4.918657"><ele>5</ele></trkpt>
   <trkpt lat="52.344772" lon="4.918781"><ele>4.5</ele></trkpt>
   <trkpt lat="52.344575" lon="4.918852"><ele>4.25</ele></trkpt>
   <trkpt lat="52.343766" lon="4.919102"><ele>4</ele></trkpt>
   <trkpt lat="52.34344" lon="4.919208"><ele>3.75</ele></trkpt>
   <trkpt lat="52.343093" lon="4.919356"><ele>3.75</ele></trkpt>
   <trkpt lat="52.342821" lon="4.919503"><ele>3.5</ele></trkpt>
   <trkpt lat="52.3425" lon="4.919697"><ele>3.5</ele></trkpt>
   <trkpt lat="52.341752" lon="4.920158"><ele>3.25</ele></trkpt>
   <trkpt lat="52.341671" lon="4.920207"><ele>3.25</ele></trkpt>
   <trkpt lat="52.341024" lon="4.920621"><ele>3.75</ele></trkpt>
   <trkpt lat="52.340568" lon="4.920931"><ele>4.25</ele></trkpt>
   <trkpt lat="52.34042" lon="4.921035"><ele>4.5</ele></trkpt>
   <trkpt lat="52.340406" lon="4.921044"><ele>4.5</ele></trkpt>
   <trkpt lat="52.340342" lon="4.921091"><ele>4.5</ele></trkpt>
   <trkpt lat="52.340198" lon="4.921194"><ele>4</ele></trkpt>
   <trkpt lat="52.339815" lon="4.921478"><ele>3.5</ele></trkpt>
   <trkpt lat="52.339345" lon="4.921844"><ele>3.75</ele></trkpt>
   <trkpt lat="52.338557" lon="4.922496"><ele>3.75</ele></trkpt>
   <trkpt lat="52.338384" lon="4.922645"><ele>4</ele></trkpt>
   <trkpt lat="52.337717" lon="4.923246"><ele>4.25</ele></trkpt>
   <trkpt lat="52.334102" lon="4.926555"><ele>5</ele></trkpt>
   <trkpt lat="52.333739" lon="4.926887"><ele>5</ele></trkpt>
   <trkpt lat="52.332674" lon="4.927862"><ele>5.5</ele></trkpt>
   <trkpt lat="52.331715" lon="4.928739"><ele>5.75</ele></trkpt>
   <trkpt lat="52.331562" lon="4.92888"><ele>4.5</ele></trkpt>
   <trkpt lat="52.331455" lon="4.928978"><ele>3.75</ele></trkpt>
   <trkpt lat="52.331348" lon="4.929076"><ele>2.75</ele></trkpt>
   <trkpt lat="52.329332" lon="4.93092"><ele>4.75</ele></trkpt>
   <trkpt lat="52.328844" lon="4.931368"><ele>5</ele></trkpt>
   <trkpt lat="52.328329" lon="4.931849"><ele>5.75</ele></trkpt>
   <trkpt lat="52.327663" lon="4.93249"><ele>5.75</ele></trkpt>
   <trkpt lat="52.327001" lon="4.933153"><ele>6.5</ele></trkpt>
   <trkpt lat="52.32618" lon="4.934013"><ele>7.75</ele></trkpt>
   <trkpt lat="52.3261" lon="4.934098"><ele>8</ele></trkpt>
   <trkpt lat="52.324613" lon="4.935737"><ele>8</ele></trkpt>
   <trkpt lat="52.324594" lon="4.935757"><ele>8</ele></trkpt>
   <trkpt lat="52.324581" lon="4.935772"><ele>8</ele></trkpt>
   <trkpt lat="52.324448" lon="4.935915"><ele>8</ele></trkpt>
   <trkpt lat="52.324237" lon="4.936138"><ele>8.5</ele></trkpt>
   <trkpt lat="52.324218" lon="4.936159"><ele>8.5</ele></trkpt>
   <trkpt lat="52.32404" lon="4.936342"><ele>8.25</ele></trkpt>
   <trkpt lat="52.323938" lon="4.936446"><ele>8.25</ele></trkpt>
   <trkpt lat="52.323846" lon="4.93654"><ele>8.25</ele></trkpt>
   <trkpt lat="52.323664" lon="4.936727"><ele>8.25</ele></trkpt>
   <trkpt lat="52.323181" lon="4.937223"><ele>8</ele></trkpt>
   <trkpt lat="52.32311" lon="4.937296"><ele>8</ele></trkpt>
   <trkpt lat="52.323086" lon="4.93732"><ele>8</ele></trkpt>
   <trkpt lat="52.322385" lon="4.938002"><ele>7.75</ele></trkpt>
   <trkpt lat="52.321907" lon="4.938451"><ele>7.75</ele></trkpt>
   <trkpt lat="52.321638" lon="4.938701"><ele>7.5</ele></trkpt>
   <trkpt lat="52.321557" lon="4.938777"><ele>7</ele></trkpt>
   <trkpt lat="52.320675" lon="4.939623"><ele>7</ele></trkpt>
   <trkpt lat="52.319542" lon="4.940736"><ele>5.25</ele></trkpt>
   <trkpt lat="52.319369" lon="4.940906"><ele>5.25</ele></trkpt>
   <trkpt lat="52.319339" lon="4.940935"><ele>5</ele></trkpt>
   <trkpt lat="52.319184" lon="4.941088"><ele>5</ele></trkpt>
   <trkpt lat="52.318705" lon="4.941558"><ele>4.25</ele></trkpt>
   <trkpt lat="52.318431" lon="4.941827"><ele>4</ele></trkpt>
   <trkpt lat="52.317862" lon="4.942388"><ele>3</ele></trkpt>
   <trkpt lat="52.317804" lon="4.942444"><ele>3</ele></trkpt>
   <trkpt lat="52.317587" lon="4.942658"><ele>3.75</ele></trkpt>
   <trkpt lat="52.316944" lon="4.94329"><ele>5.75</ele></trkpt>
   <trkpt lat="52.316327" lon="4.943888"><ele>5.75</ele></trkpt>
   <trkpt lat="52.315532" lon="4.94464"><ele>5</ele></trkpt>
   <trkpt lat="52.315165" lon="4.944978"><ele>4.75</ele></trkpt>
   <trkpt lat="52.314537" lon="4.945555"><ele>4.25</ele></trkpt>
   <trkpt lat="52.31375" lon="4.946282"><ele>4.25</ele></trkpt>
   <trkpt lat="52.313669" lon="4.946356"><ele>4.75</ele></trkpt>
   <trkpt lat="52.313463" lon="4.946546"><ele>0</ele></trkpt>
   <trkpt lat="52.313407" lon="4.946597"><ele>0</ele></trkpt>
   <trkpt lat="52.313096" lon="4.946884"><ele>0</ele></trkpt>
   <trkpt lat="52.312617" lon="4.94732"><ele>0.25</ele></trkpt>
   <trkpt lat="52.31248" lon="4.947445"><ele>0.25</ele></trkpt>
   <trkpt lat="52.312419" lon="4.9475"><ele>0.25</ele></trkpt>
   <trkpt lat="52.311936" lon="4.947939"><ele>0.5</ele></trkpt>
   <trkpt lat="52.311809" lon="4.948055"><ele>0.5</ele></trkpt>
   <trkpt lat="52.311029" lon="4.948752"><ele>2</ele></trkpt>
   <trkpt lat="52.310686" lon="4.949055"><ele>2.5</ele></trkpt>
   <trkpt lat="52.310518" lon="4.949204"><ele>3</ele></trkpt>
   <trkpt lat="52.310378" lon="4.949327"><ele>3</ele></trkpt>
   <trkpt lat="52.307935" lon="4.951482"><ele>0.5</ele></trkpt>
   <trkpt lat="52.307697" lon="4.951692"><ele>-0.25</ele></trkpt>
   <trkpt lat="52.307639" lon="4.951743"><ele>0.75</ele></trkpt>
   <trkpt lat="52.307059" lon="4.952254"><ele>1.25</ele></trkpt>
   <trkpt lat="52.306777" lon="4.952503"><ele>1.5</ele></trkpt>
   <trkpt lat="52.306137" lon="4.953067"><ele>2.5</ele></trkpt>
   <trkpt lat="52.30591" lon="4.953268"><ele>3</ele></trkpt>
   <trkpt lat="52.304428" lon="4.954577"><ele>2</ele></trkpt>
   <trkpt lat="52.303264" lon="4.955635"><ele>1.5</ele></trkpt>
   <trkpt lat="52.30325" lon="4.955648"><ele>1.5</ele></trkpt>
   <trkpt lat="52.303035" lon="4.955844"><ele>1.5</ele></trkpt>
   <trkpt lat="52.30248" lon="4.956351"><ele>2</ele></trkpt>
   <trkpt lat="52.302456" lon="4.956373"><ele>2</ele></trkpt>
   <trkpt lat="52.302159" lon="4.956645"><ele>2.5</ele></trkpt>
   <trkpt lat="52.301875" lon="4.956904"><ele>2.5</ele></trkpt>
   <trkpt lat="52.301647" lon="4.957112"><ele>0.25</ele></trkpt>
   <trkpt lat="52.300857" lon="4.957839"><ele>0.5</ele></trkpt>
   <trkpt lat="52.299905" lon="4.958735"><ele>0.75</ele></trkpt>
   <trkpt lat="52.29936" lon="4.959254"><ele>1</ele></trkpt>
   <trkpt lat="52.299149" lon="4.959455"><ele>1</ele></trkpt>
   <trkpt lat="52.298382" lon="4.960174"><ele>0.75</ele></trkpt>
   <trkpt lat="52.298046" lon="4.960485"><ele>2.25</ele></trkpt>
   <trkpt lat="52.297572" lon="4.960921"><ele>0</ele></trkpt>
   <trkpt lat="52.297407" lon="4.961071"><ele>0.5</ele></trkpt>
   <trkpt lat="52.296407" lon="4.96197"><ele>3.5</ele></trkpt>
   <trkpt lat="52.29569" lon="4.962602"><ele>2.75</ele></trkpt>
   <trkpt lat="52.295675" lon="4.962615"><ele>2.75</ele></trkpt>
   <trkpt lat="52.293616" lon="4.9644"><ele>2.75</ele></trkpt>
   <trkpt lat="52.293411" lon="4.964578"><ele>2.5</ele></trkpt>
   <trkpt lat="52.292816" lon="4.965094"><ele>2.5</ele></trkpt>
   <trkpt lat="52.2928" lon="4.965108"><ele>2.5</ele></trkpt>
   <trkpt lat="52.292643" lon="4.965244"><ele>2.5</ele></trkpt>
   <trkpt lat="52.291106" lon="4.966577"><ele>2.5</ele></trkpt>
   <trkpt lat="52.290758" lon="4.966883"><ele>2.5</ele></trkpt>
   <trkpt lat="52.28954" lon="4.967976"><ele>2.5</ele></trkpt>
   <trkpt lat="52.286768" lon="4.970506"><ele>2.75</ele></trkpt>
   <trkpt lat="52.286199" lon="4.971023"><ele>3</ele></trkpt>
   <trkpt lat="52.285367" lon="4.971776"><ele>3</ele></trkpt>
   <trkpt lat="52.284892" lon="4.972194"><ele>3.25</ele></trkpt>
   <trkpt lat="52.282217" lon="4.974498"><ele>1.25</ele></trkpt>
   <trkpt lat="52.281372" lon="4.975225"><ele>1</ele></trkpt>
   <trkpt lat="52.280392" lon="4.976067"><ele>0</ele></trkpt>
   <trkpt lat="52.279216" lon="4.977063"><ele>-0.75</ele></trkpt>
   <trkpt lat="52.277424" lon="4.97853"><ele>-2.5</ele></trkpt>
   <trkpt lat="52.276261" lon="4.979523"><ele>-2.5</ele></trkpt>
   <trkpt lat="52.27566" lon="4.980055"><ele>-2.25</ele></trkpt>
   <trkpt lat="52.274379" lon="4.981213"><ele>-2</ele></trkpt>
   <trkpt lat="52.2739" lon="4.981647"><ele>-1.75</ele></trkpt>
   <trkpt lat="52.270611" lon="4.984623"><ele>-1.25</ele></trkpt>
   <trkpt lat="52.269164" lon="4.98593"><ele>-1.25</ele></trkpt>
   <trkpt lat="52.269102" lon="4.985986"><ele>-1.25</ele></trkpt>
   <trkpt lat="52.269018" lon="4.986064"><ele>-1.25</ele></trkpt>
   <trkpt lat="52.267955" lon="4.987013"><ele>-1.25</ele></trkpt>
   <trkpt lat="52.266984" lon="4.987838"><ele>-1</ele></trkpt>
   <trkpt lat="52.266189" lon="4.988475"><ele>-1</ele></trkpt>
   <trkpt lat="52.264227" lon="4.989987"><ele>-1</ele></trkpt>
   <trkpt lat="52.263547" lon="4.990538"><ele>-1</ele></trkpt>
   <trkpt lat="52.262885" lon="4.991096"><ele>-1.25</ele></trkpt>
   <trkpt lat="52.2623" lon="4.991609"><ele>-1</ele></trkpt>
   <trkpt lat="52.261491" lon="4.992339"><ele>-0.75</ele></trkpt>
   <trkpt lat="52.258264" lon="4.995283"><ele>-0.75</ele></trkpt>
   <trkpt lat="52.258249" lon="4.995297"><ele>-0.75</ele></trkpt>
   <trkpt lat="52.255518" lon="4.997782"><ele>-0.5</ele></trkpt>
   <trkpt lat="52.252946" lon="5.000126"><ele>-0.25</ele></trkpt>
   <trkpt lat="52.250001" lon="5.002808"><ele>-0.25</ele></trkpt>
   <trkpt lat="52.249359" lon="5.003392"><ele>-0.25</ele></trkpt>
   <trkpt lat="52.248788" lon="5.003895"><ele>0</ele></trkpt>
   <trkpt lat="52.24811" lon="5.004461"><ele>0</ele></trkpt>
   <trkpt lat="52.247581" lon="5.004869"><ele>0</ele></trkpt>
   <trkpt lat="52.247363" lon="5.005028"><ele>0</ele></trkpt>
   <trkpt lat="52.246916" lon="5.005342"><ele>0</ele></trkpt>
   <trkpt lat="52.246525" lon="5.005602"><ele>0</ele></trkpt>
   <trkpt lat="52.246504" lon="5.005615"><ele>0</ele></trkpt>
   <trkpt lat="52.24605" lon="5.005898"><ele>0</ele></trkpt>
   <trkpt lat="52.245651" lon="5.006133"><ele>0</ele></trkpt>
   <trkpt lat="52.244926" lon="5.006522"><ele>0</ele></trkpt>
   <trkpt lat="52.244227" lon="5.006855"><ele>0</ele></trkpt>
   <trkpt lat="52.243495" lon="5.007162"><ele>0</ele></trkpt>
   <trkpt lat="52.242727" lon="5.007437"><ele>0</ele></trkpt>
   <trkpt lat="52.242236" lon="5.007592"><ele>0</ele></trkpt>
   <trkpt lat="52.241949" lon="5.007672"><ele>0</ele></trkpt>
   <trkpt lat="52.241224" lon="5.007849"><ele>0</ele></trkpt>
   <trkpt lat="52.240762" lon="5.007939"><ele>0</ele></trkpt>
   <trkpt lat="52.240227" lon="5.008024"><ele>0</ele></trkpt>
   <trkpt lat="52.239901" lon="5.008066"><ele>0</ele></trkpt>
   <trkpt lat="52.239354" lon="5.008119"><ele>0</ele></trkpt>
   <trkpt lat="52.238905" lon="5.008146"><ele>0</ele></trkpt>
   <trkpt lat="52.238537" lon="5.008157"><ele>0</ele></trkpt>
   <trkpt lat="52.237739" lon="5.008154"><ele>0.25</ele></trkpt>
   <trkpt lat="52.237218" lon="5.00813"><ele>0.25</ele></trkpt>
   <trkpt lat="52.236749" lon="5.008094"><ele>0</ele></trkpt>
   <trkpt lat="52.235997" lon="5.008008"><ele>0</ele></trkpt>
   <trkpt lat="52.235283" lon="5.007894"><ele>0</ele></trkpt>
   <trkpt lat="52.23495" lon="5.007831"><ele>0</ele></trkpt>
   <trkpt lat="52.234432" lon="5.007719"><ele>0</ele></trkpt>
   <trkpt lat="52.234033" lon="5.007622"><ele>0</ele></trkpt>
   <trkpt lat="52.233096" lon="5.007373"><ele>0</ele></trkpt>
   <trkpt lat="52.233076" lon="5.007367"><ele>0</ele></trkpt>
   <trkpt lat="52.229448" lon="5.006382"><ele>0</ele></trkpt>
   <trkpt lat="52.22873" lon="5.006187"><ele>0</ele></trkpt>
   <trkpt lat="52.226552" lon="5.005647"><ele>0</ele></trkpt>
   <trkpt lat="52.22558" lon="5.005396"><ele>0</ele></trkpt>
   <trkpt lat="52.224521" lon="5.005094"><ele>0</ele></trkpt>
   <trkpt lat="52.223128" lon="5.004671"><ele>0</ele></trkpt>
   <trkpt lat="52.221638" lon="5.004252"><ele>0</ele></trkpt>
   <trkpt lat="52.221573" lon="5.004234"><ele>0</ele></trkpt>
   <trkpt lat="52.219793" lon="5.00375"><ele>0</ele></trkpt>
   <trkpt lat="52.219617" lon="5.003703"><ele>0</ele></trkpt>
   <trkpt lat="52.219253" lon="5.003603"><ele>0</ele></trkpt>
   <trkpt lat="52.210328" lon="5.001167"><ele>0</ele></trkpt>
   <trkpt lat="52.207752" lon="5.000464"><ele>0</ele></trkpt>
   <trkpt lat="52.206518" lon="5.000115"><ele>0.5</ele></trkpt>
   <trkpt lat="52.206021" lon="4.999966"><ele>1</ele></trkpt>
   <trkpt lat="52.203779" lon="4.999268"><ele>2.25</ele></trkpt>
   <trkpt lat="52.202677" lon="4.998953"><ele>2.5</ele></trkpt>
   <trkpt lat="52.201001" lon="4.998497"><ele>3.25</ele></trkpt>
   <trkpt lat="52.200528" lon="4.998369"><ele>3.5</ele></trkpt>
   <trkpt lat="52.199672" lon="4.998135"><ele>3</ele></trkpt>
   <trkpt lat="52.194846" lon="4.996823"><ele>0.75</ele></trkpt>
   <trkpt lat="52.192792" lon="4.996263"><ele>0</ele></trkpt>
   <trkpt lat="52.187538" lon="4.994834"><ele>0</ele></trkpt>
   <trkpt lat="52.183256" lon="4.99367"><ele>0.5</ele></trkpt>
   <trkpt lat="52.1807" lon="4.992975"><ele>0.25</ele></trkpt>
   <trkpt lat="52.180006" lon="4.992783"><ele>0.75</ele></trkpt>
   <trkpt lat="52.179078" lon="4.992509"><ele>0.75</ele></trkpt>
   <trkpt lat="52.178995" lon="4.992483"><ele>0.75</ele></trkpt>
   <trkpt lat="52.177856" lon="4.992125"><ele>1</ele></trkpt>
   <trkpt lat="52.176725" lon="4.991761"><ele>1.5</ele></trkpt>
   <trkpt lat="52.175818" lon="4.991484"><ele>1.75</ele></trkpt>
   <trkpt lat="52.175123" lon="4.991299"><ele>2</ele></trkpt>
   <trkpt lat="52.174336" lon="4.991126"><ele>2.5</ele></trkpt>
   <trkpt lat="52.173694" lon="4.991012"><ele>3</ele></trkpt>
   <trkpt lat="52.172998" lon="4.990918"><ele>3</ele></trkpt>
   <trkpt lat="52.172436" lon="4.990864"><ele>3.5</ele></trkpt>
   <trkpt lat="52.172097" lon="4.990842"><ele>3.25</ele></trkpt>
   <trkpt lat="52.172034" lon="4.990838"><ele>3</ele></trkpt>
   <trkpt lat="52.171923" lon="4.990833"><ele>3</ele></trkpt>
   <trkpt lat="52.171244" lon="4.990812"><ele>4</ele></trkpt>
   <trkpt lat="52.170785" lon="4.990816"><ele>4</ele></trkpt>
   <trkpt lat="52.17046" lon="4.990825"><ele>3.5</ele></trkpt>
   <trkpt lat="52.170108" lon="4.990842"><ele>3.25</ele></trkpt>
   <trkpt lat="52.169379" lon="4.990899"><ele>2.25</ele></trkpt>
   <trkpt lat="52.168704" lon="4.99097"><ele>1.75</ele></trkpt>
   <trkpt lat="52.16748" lon="4.991123"><ele>1</ele></trkpt>
   <trkpt lat="52.166751" lon="4.991229"><ele>0.75</ele></trkpt>
   <trkpt lat="52.166222" lon="4.991319"><ele>0.5</ele></trkpt>
   <trkpt lat="52.165686" lon="4.991425"><ele>0.25</ele></trkpt>
   <trkpt lat="52.165099" lon="4.991567"><ele>0.25</ele></trkpt>
   <trkpt lat="52.164529" lon="4.991731"><ele>0.25</ele></trkpt>
   <trkpt lat="52.164076" lon="4.991881"><ele>0.25</ele></trkpt>
   <trkpt lat="52.163725" lon="4.992008"><ele>0.25</ele></trkpt>
   <trkpt lat="52.163319" lon="4.992171"><ele>0.25</ele></trkpt>
   <trkpt lat="52.162909" lon="4.99235"><ele>0.25</ele></trkpt>
   <trkpt lat="52.162303" lon="4.992644"><ele>0.25</ele></trkpt>
   <trkpt lat="52.162099" lon="4.99275"><ele>0.25</ele></trkpt>
   <trkpt lat="52.161614" lon="4.993018"><ele>0.25</ele></trkpt>
   <trkpt lat="52.161064" lon="4.993351"><ele>0.25</ele></trkpt>
   <trkpt lat="52.160591" lon="4.99366"><ele>0.25</ele></trkpt>
   <trkpt lat="52.159988" lon="4.994088"><ele>0.25</ele></trkpt>
   <trkpt lat="52.159374" lon="4.994565"><ele>0.25</ele></trkpt>
   <trkpt lat="52.158939" lon="4.994928"><ele>0.25</ele></trkpt>
   <trkpt lat="52.158596" lon="4.995229"><ele>0.25</ele></trkpt>
   <trkpt lat="52.158099" lon="4.995692"><ele>0.25</ele></trkpt>
   <trkpt lat="52.157634" lon="4.996151"><ele>0.25</ele></trkpt>
   <trkpt lat="52.157176" lon="4.996633"><ele>0.25</ele></trkpt>
   <trkpt lat="52.156713" lon="4.99715"><ele>0.25</ele></trkpt>
   <trkpt lat="52.156355" lon="4.997572"><ele>0.25</ele></trkpt>
   <trkpt lat="52.155792" lon="4.998277"><ele>0.5</ele></trkpt>
   <trkpt lat="52.1554" lon="4.998799"><ele>0.5</ele></trkpt>
   <trkpt lat="52.155122" lon="4.999185"><ele>0.5</ele></trkpt>
   <trkpt lat="52.154727" lon="4.99976"><ele>0.5</ele></trkpt>
   <trkpt lat="52.154558" lon="5.000015"><ele>0.5</ele></trkpt>
   <trkpt lat="52.15424" lon="5.000512"><ele>0.5</ele></trkpt>
   <trkpt lat="52.153767" lon="5.001294"><ele>0.5</ele></trkpt>
   <trkpt lat="52.153485" lon="5.001784"><ele>0.5</ele></trkpt>
   <trkpt lat="52.15299" lon="5.002703"><ele>0.5</ele></trkpt>
   <trkpt lat="52.152953" lon="5.002773"><ele>0.5</ele></trkpt>
   <trkpt lat="52.152687" lon="5.003296"><ele>0.75</ele></trkpt>
   <trkpt lat="52.152367" lon="5.003949"><ele>0.75</ele></trkpt>
   <trkpt lat="52.151115" lon="5.006599"><ele>0.75</ele></trkpt>
   <trkpt lat="52.150798" lon="5.007256"><ele>0.75</ele></trkpt>
   <trkpt lat="52.150344" lon="5.008163"><ele>0.75</ele></trkpt>
   <trkpt lat="52.14994" lon="5.008933"><ele>1</ele></trkpt>
   <trkpt lat="52.149619" lon="5.009526"><ele>1</ele></trkpt>
   <trkpt lat="52.149032" lon="5.010573"><ele>1</ele></trkpt>
   <trkpt lat="52.14662" lon="5.014785"><ele>1</ele></trkpt>
   <trkpt lat="52.144099" lon="5.019182"><ele>1</ele></trkpt>
   <trkpt lat="52.141728" lon="5.023314"><ele>1</ele></trkpt>
   <trkpt lat="52.140993" lon="5.024567"><ele>1</ele></trkpt>
   <trkpt lat="52.13953" lon="5.027022"><ele>1</ele></trkpt>
   <trkpt lat="52.138473" lon="5.028855"><ele>1</ele></trkpt>
   <trkpt lat="52.138419" lon="5.028949"><ele>1</ele></trkpt>
   <trkpt lat="52.1381" lon="5.029504"><ele>1</ele></trkpt>
   <trkpt lat="52.137421" lon="5.030598"><ele>1</ele></trkpt>
   <trkpt lat="52.13692" lon="5.031471"><ele>1</ele></trkpt>
   <trkpt lat="52.136854" lon="5.031587"><ele>1</ele></trkpt>
   <trkpt lat="52.136607" lon="5.032017"><ele>1</ele></trkpt>
   <trkpt lat="52.136261" lon="5.032621"><ele>1</ele></trkpt>
   <trkpt lat="52.135986" lon="5.033097"><ele>1</ele></trkpt>
   <trkpt lat="52.135934" lon="5.033187"><ele>1</ele></trkpt>
   <trkpt lat="52.13581" lon="5.033399"><ele>1</ele></trkpt>
   <trkpt lat="52.135612" lon="5.033739"><ele>1.5</ele></trkpt>
   <trkpt lat="52.135414" lon="5.034077"><ele>1.5</ele></trkpt>
   <trkpt lat="52.135218" lon="5.03441"><ele>1</ele></trkpt>
   <trkpt lat="52.135126" lon="5.034565"><ele>1</ele></trkpt>
   <trkpt lat="52.134816" lon="5.035055"><ele>1</ele></trkpt>
   <trkpt lat="52.134507" lon="5.03551"><ele>1</ele></trkpt>
   <trkpt lat="52.134198" lon="5.036"><ele>1</ele></trkpt>
   <trkpt lat="52.133789" lon="5.036695"><ele>1</ele></trkpt>
   <trkpt lat="52.133736" lon="5.036783"><ele>1</ele></trkpt>
   <trkpt lat="52.133544" lon="5.037109"><ele>1</ele></trkpt>
   <trkpt lat="52.131444" lon="5.040672"><ele>0.75</ele></trkpt>
   <trkpt lat="52.131161" lon="5.041153"><ele>1</ele></trkpt>
   <trkpt lat="52.130506" lon="5.042266"><ele>1.5</ele></trkpt>
   <trkpt lat="52.129166" lon="5.044554"><ele>2</ele></trkpt>
   <trkpt lat="52.129014" lon="5.044818"><ele>2.75</ele></trkpt>
   <trkpt lat="52.12856" lon="5.045608"><ele>1.75</ele></trkpt>
   <trkpt lat="52.128253" lon="5.046103"><ele>1.75</ele></trkpt>
   <trkpt lat="52.127846" lon="5.046723"><ele>2</ele></trkpt>
   <trkpt lat="52.127539" lon="5.047218"><ele>1.75</ele></trkpt>
   <trkpt lat="52.127396" lon="5.047467"><ele>1.5</ele></trkpt>
   <trkpt lat="52.126129" lon="5.049676"><ele>2</ele></trkpt>
   <trkpt lat="52.125073" lon="5.051546"><ele>1.5</ele></trkpt>
   <trkpt lat="52.125064" lon="5.051562"><ele>1.5</ele></trkpt>
   <trkpt lat="52.124722" lon="5.052167"><ele>1.75</ele></trkpt>
   <trkpt lat="52.124605" lon="5.052375"><ele>0.5</ele></trkpt>
   <trkpt lat="52.124504" lon="5.052555"><ele>1</ele></trkpt>
   <trkpt lat="52.123684" lon="5.054005"><ele>1.75</ele></trkpt>
   <trkpt lat="52.123204" lon="5.054834"><ele>2</ele></trkpt>
   <trkpt lat="52.122715" lon="5.055656"><ele>2</ele></trkpt>
   <trkpt lat="52.122177" lon="5.056529"><ele>2.75</ele></trkpt>
   <trkpt lat="52.120993" lon="5.058415"><ele>2.5</ele></trkpt>
   <trkpt lat="52.12041" lon="5.05938"><ele>2.75</ele></trkpt>
   <trkpt lat="52.11995" lon="5.060166"><ele>2.75</ele></trkpt>
   <trkpt lat="52.118232" lon="5.063153"><ele>3.5</ele></trkpt>
   <trkpt lat="52.118213" lon="5.063187"><ele>3.5</ele></trkpt>
   <trkpt lat="52.117904" lon="5.063724"><ele>3.5</ele></trkpt>
   <trkpt lat="52.117146" lon="5.06504"><ele>4.25</ele></trkpt>
   <trkpt lat="52.11382" lon="5.070822"><ele>6.75</ele></trkpt>
   <trkpt lat="52.113128" lon="5.072008"><ele>7.25</ele></trkpt>
   <trkpt lat="52.113111" lon="5.072036"><ele>7.25</ele></trkpt>
   <trkpt lat="52.112788" lon="5.072585"><ele>7.75</ele></trkpt>
   <trkpt lat="52.112712" lon="5.072713"><ele>7.25</ele></trkpt>
   <trkpt lat="52.112537" lon="5.073009"><ele>5.5</ele></trkpt>
   <trkpt lat="52.112412" lon="5.073219"><ele>6.25</ele></trkpt>
   <trkpt lat="52.112392" lon="5.073253"><ele>6.75</ele></trkpt>
   <trkpt lat="52.112374" lon="5.073284"><ele>7</ele></trkpt>
   <trkpt lat="52.111136" lon="5.075406"><ele>5.5</ele></trkpt>
   <trkpt lat="52.111085" lon="5.075494"><ele>3</ele></trkpt>
   <trkpt lat="52.109509" lon="5.078231"><ele>3.75</ele></trkpt>
   <trkpt lat="52.109261" lon="5.078661"><ele>9.25</ele></trkpt>
   <trkpt lat="52.108748" lon="5.079561"><ele>7.75</ele></trkpt>
   <trkpt lat="52.10873" lon="5.079592"><ele>7.75</ele></trkpt>
   <trkpt lat="52.108417" lon="5.080145"><ele>7.75</ele></trkpt>
   <trkpt lat="52.107087" lon="5.082513"><ele>7</ele></trkpt>
   <trkpt lat="52.106461" lon="5.083606"><ele>6</ele></trkpt>
   <trkpt lat="52.106406" lon="5.083701"><ele>6</ele></trkpt>
   <trkpt lat="52.106389" lon="5.083731"><ele>6</ele></trkpt>
   <trkpt lat="52.106297" lon="5.08389"><ele>6</ele></trkpt>
   <trkpt lat="52.105212" lon="5.085774"><ele>6</ele></trkpt>
   <trkpt lat="52.105194" lon="5.085805"><ele>6</ele></trkpt>
   <trkpt lat="52.105024" lon="5.086101"><ele>6.75</ele></trkpt>
   <trkpt lat="52.104875" lon="5.08636"><ele>5.75</ele></trkpt>
   <trkpt lat="52.104869" lon="5.086369"><ele>5.75</ele></trkpt>
   <trkpt lat="52.104853" lon="5.086397"><ele>5.75</ele></trkpt>
   <trkpt lat="52.104814" lon="5.086466"><ele>5.75</ele></trkpt>
   <trkpt lat="52.104117" lon="5.087675"><ele>6.25</ele></trkpt>
   <trkpt lat="52.104099" lon="5.087707"><ele>6</ele></trkpt>
   <trkpt lat="52.104079" lon="5.087741"><ele>5.75</ele></trkpt>
   <trkpt lat="52.104052" lon="5.087789"><ele>5.75</ele></trkpt>
   <trkpt lat="52.103791" lon="5.088242"><ele>5.75</ele></trkpt>
   <trkpt lat="52.103773" lon="5.088274"><ele>5.75</ele></trkpt>
   <trkpt lat="52.103701" lon="5.088398"><ele>5.75</ele></trkpt>
   <trkpt lat="52.103401" lon="5.088921"><ele>5.75</ele></trkpt>
   <trkpt lat="52.103191" lon="5.089285"><ele>5.75</ele></trkpt>
   <trkpt lat="52.102981" lon="5.08965"><ele>5.75</ele></trkpt>
   <trkpt lat="52.102857" lon="5.089866"><ele>5.75</ele></trkpt>
   <trkpt lat="52.102372" lon="5.090708"><ele>5.75</ele></trkpt>
   <trkpt lat="52.101309" lon="5.09254"><ele>4.25</ele></trkpt>
   <trkpt lat="52.101002" lon="5.093053"><ele>4</ele></trkpt>
   <trkpt lat="52.100388" lon="5.094049"><ele>3.25</ele></trkpt>
   <trkpt lat="52.100137" lon="5.094447"><ele>3.25</ele></trkpt>
   <trkpt lat="52.100119" lon="5.094475"><ele>3.25</ele></trkpt>
   <trkpt lat="52.099395" lon="5.095591"><ele>2.75</ele></trkpt>
   <trkpt lat="52.099296" lon="5.09574"><ele>2.75</ele></trkpt>
   <trkpt lat="52.099224" lon="5.095849"><ele>2.75</ele></trkpt>
   <trkpt lat="52.098916" lon="5.096343"><ele>2.75</ele></trkpt>
   <trkpt lat="52.098443" lon="5.097151"><ele>2.5</ele></trkpt>
   <trkpt lat="52.098136" lon="5.097645"><ele>2</ele></trkpt>
   <trkpt lat="52.097829" lon="5.098103"><ele>2</ele></trkpt>
   <trkpt lat="52.09724" lon="5.098982"><ele>2.25</ele></trkpt>
   <trkpt lat="52.096923" lon="5.099461"><ele>2</ele></trkpt>
   <trkpt lat="52.096777" lon="5.099695"><ele>2.5</ele></trkpt>
   <trkpt lat="52.096668" lon="5.099881"><ele>2</ele></trkpt>
   <trkpt lat="52.096554" lon="5.100096"><ele>2.25</ele></trkpt>
   <trkpt lat="52.096384" lon="5.100454"><ele>2</ele></trkpt>
   <trkpt lat="52.096281" lon="5.100697"><ele>3.5</ele></trkpt>
   <trkpt lat="52.096197" lon="5.100915"><ele>3.5</ele></trkpt>
   <trkpt lat="52.096062" lon="5.10131"><ele>2</ele></trkpt>
   <trkpt lat="52.095972" lon="5.101611"><ele>2.75</ele></trkpt>
   <trkpt lat="52.095894" lon="5.101884"><ele>2.75</ele></trkpt>
   <trkpt lat="52.09566" lon="5.102761"><ele>3.5</ele></trkpt>
   <trkpt lat="52.095572" lon="5.103066"><ele>3</ele></trkpt>
   <trkpt lat="52.095459" lon="5.103409"><ele>3.25</ele></trkpt>
   <trkpt lat="52.095376" lon="5.103632"><ele>3.5</ele></trkpt>
   <trkpt lat="52.095244" lon="5.103956"><ele>3.25</ele></trkpt>
   <trkpt lat="52.095149" lon="5.104165"><ele>4</ele></trkpt>
   <trkpt lat="52.094997" lon="5.104467"><ele>4</ele></trkpt>
   <trkpt lat="52.094835" lon="5.104754"><ele>3.75</ele></trkpt>
   <trkpt lat="52.094674" lon="5.10501"><ele>3.75</ele></trkpt>
   <trkpt lat="52.094652" lon="5.105043"><ele>3.75</ele></trkpt>
   <trkpt lat="52.094651" lon="5.105045"><ele>3.75</ele></trkpt>
   <trkpt lat="52.094483" lon="5.105282"><ele>3.75</ele></trkpt>
   <trkpt lat="52.094357" lon="5.105443"><ele>4</ele></trkpt>
   <trkpt lat="52.09418" lon="5.105648"><ele>3.75</ele></trkpt>
   <trkpt lat="52.094015" lon="5.10582"><ele>3.75</ele></trkpt>
   <trkpt lat="52.093942" lon="5.105892"><ele>4</ele></trkpt>
   <trkpt lat="52.09383" lon="5.106002"><ele>3.5</ele></trkpt>
   <trkpt lat="52.093772" lon="5.106059"><ele>3.5</ele></trkpt>
   <trkpt lat="52.093748" lon="5.106082"><ele>3.25</ele></trkpt>
   <trkpt lat="52.093615" lon="5.10621"><ele>3.25</ele></trkpt>
   <trkpt lat="52.093396" lon="5.106419"><ele>4</ele></trkpt>
   <trkpt lat="52.093265" lon="5.106546"><ele>4</ele></trkpt>
   <trkpt lat="52.092575" lon="5.107201"><ele>4.75</ele></trkpt>
   <trkpt lat="52.092482" lon="5.107287"><ele>4.75</ele></trkpt>
   <trkpt lat="52.092194" lon="5.10752"><ele>4</ele></trkpt>
   <trkpt lat="52.091733" lon="5.107853"><ele>4</ele></trkpt>
   <trkpt lat="52.091451" lon="5.108052"><ele>4</ele></trkpt>
   <trkpt lat="52.091094" lon="5.108304"><ele>4</ele></trkpt>
   <trkpt lat="52.091003" lon="5.108373"><ele>4.25</ele></trkpt>
   <trkpt lat="52.090964" lon="5.108401"><ele>4.25</ele></trkpt>
   <trkpt lat="52.09092" lon="5.108434"><ele>4.25</ele></trkpt>
   <trkpt lat="52.090532" lon="5.108736"><ele>4</ele></trkpt>
   <trkpt lat="52.090437" lon="5.108819"><ele>4</ele></trkpt>
   <trkpt lat="52.09006" lon="5.109158"><ele>4</ele></trkpt>
   <trkpt lat="52.089966" lon="5.109244"><ele>4</ele></trkpt>
   <trkpt lat="52.089873" lon="5.109331"><ele>4</ele></trkpt>
   <trkpt lat="52.089753" lon="5.109441"><ele>4</ele></trkpt>
   <trkpt lat="52.089739" lon="5.109455"><ele>4</ele></trkpt>
   <trkpt lat="52.08966" lon="5.109528"><ele>4</ele></trkpt>
   <trkpt lat="52.089609" lon="5.109576"><ele>4</ele></trkpt>
   <trkpt lat="52.08904" lon="5.110105"><ele>3.75</ele></trkpt>
   <trkpt lat="52.088888" lon="5.11025"><ele>3.5</ele></trkpt>
   <trkpt lat="52.088748" lon="5.110386"><ele>3.5</ele></trkpt>
   <trkpt lat="52.088562" lon="5.110564"><ele>3</ele></trkpt>
   <trkpt lat="52.088378" lon="5.110741"><ele>3.25</ele></trkpt>
   <trkpt lat="52.088379" lon="5.110741"><ele>3.25</ele></trkpt>
   <trkpt lat="52.088196" lon="5.110947"><ele>3.5</ele></trkpt>
   <trkpt lat="52.088125" lon="5.111028"><ele>3.75</ele></trkpt>
   <trkpt lat="52.087768" lon="5.111491"><ele>4</ele></trkpt>
   <trkpt lat="52.087749" lon="5.111517"><ele>4</ele></trkpt>
   <trkpt lat="52.087227" lon="5.112211"><ele>4</ele></trkpt>
   <trkpt lat="52.086951" lon="5.112551"><ele>3.75</ele></trkpt>
   <trkpt lat="52.087267" lon="5.112196"><ele>4</ele></trkpt>
   <trkpt lat="52.087501" lon="5.111923"><ele>4</ele></trkpt>
   <trkpt lat="52.087843" lon="5.111473"><ele>4</ele></trkpt>
   <trkpt lat="52.088148" lon="5.111097"><ele>3.75</ele></trkpt>
   <trkpt lat="52.088211" lon="5.111025"><ele>3.75</ele></trkpt>
   <trkpt lat="52.088386" lon="5.110824"><ele>3</ele></trkpt>
   <trkpt lat="52.088397" lon="5.110812"><ele>3.25</ele></trkpt>
   <trkpt lat="52.088584" lon="5.110629"><ele>3.25</ele></trkpt>
   <trkpt lat="52.088769" lon="5.110449"><ele>3.5</ele></trkpt>
   <trkpt lat="52.089071" lon="5.110155"><ele>3.75</ele></trkpt>
   <trkpt lat="52.089181" lon="5.110054"><ele>4</ele></trkpt>
   <trkpt lat="52.08968" lon="5.109587"><ele>4</ele></trkpt>
   <trkpt lat="52.089744" lon="5.109525"><ele>4</ele></trkpt>
   <trkpt lat="52.089773" lon="5.109497"><ele>4</ele></trkpt>
   <trkpt lat="52.089893" lon="5.109388"><ele>4</ele></trkpt>
   <trkpt lat="52.090081" lon="5.109216"><ele>4</ele></trkpt>
   <trkpt lat="52.090462" lon="5.10888"><ele>4</ele></trkpt>
   <trkpt lat="52.090955" lon="5.108507"><ele>4</ele></trkpt>
   <trkpt lat="52.090999" lon="5.108477"><ele>4</ele></trkpt>
   <trkpt lat="52.091031" lon="5.108453"><ele>4</ele></trkpt>
   <trkpt lat="52.091124" lon="5.108387"><ele>4</ele></trkpt>
   <trkpt lat="52.091543" lon="5.108102"><ele>4</ele></trkpt>
   <trkpt lat="52.091784" lon="5.107937"><ele>4</ele></trkpt>
   <trkpt lat="52.09202" lon="5.107775"><ele>4.75</ele></trkpt>
   <trkpt lat="52.092413" lon="5.107483"><ele>4.5</ele></trkpt>
   <trkpt lat="52.092898" lon="5.107063"><ele>4</ele></trkpt>
   <trkpt lat="52.09313" lon="5.10684"><ele>4</ele></trkpt>
   <trkpt lat="52.093299" lon="5.106678"><ele>4</ele></trkpt>
   <trkpt lat="52.093933" lon="5.106069"><ele>4</ele></trkpt>
   <trkpt lat="52.094263" lon="5.105754"><ele>3.75</ele></trkpt>
   <trkpt lat="52.094499" lon="5.105527"><ele>3.75</ele></trkpt>
   <trkpt lat="52.094653" lon="5.105379"><ele>3</ele></trkpt>
   <trkpt lat="52.09487" lon="5.105172"><ele>2.5</ele></trkpt>
   <trkpt lat="52.094891" lon="5.105152"><ele>2.5</ele></trkpt>
   <trkpt lat="52.094925" lon="5.105119"><ele>2.25</ele></trkpt>
   <trkpt lat="52.095511" lon="5.104569"><ele>2.25</ele></trkpt>
   <trkpt lat="52.09579" lon="5.10435"><ele>2</ele></trkpt>
   <trkpt lat="52.096035" lon="5.104191"><ele>2</ele></trkpt>
   <trkpt lat="52.096313" lon="5.104049"><ele>2.25</ele></trkpt>
   <trkpt lat="52.096504" lon="5.103973"><ele>2.5</ele></trkpt>
   <trkpt lat="52.09664" lon="5.10393"><ele>2.75</ele></trkpt>
   <trkpt lat="52.096875" lon="5.103874"><ele>3.5</ele></trkpt>
   <trkpt lat="52.096998" lon="5.103855"><ele>3.75</ele></trkpt>
   <trkpt lat="52.097298" lon="5.103836"><ele>4.25</ele></trkpt>
   <trkpt lat="52.097494" lon="5.103843"><ele>4.5</ele></trkpt>
   <trkpt lat="52.097663" lon="5.103862"><ele>4.5</ele></trkpt>
   <trkpt lat="52.098228" lon="5.103963"><ele>4.75</ele></trkpt>
   <trkpt lat="52.098716" lon="5.104059"><ele>5</ele></trkpt>
   <trkpt lat="52.098756" lon="5.104067"><ele>5</ele></trkpt>
   <trkpt lat="52.098755" lon="5.104067"><ele>5</ele></trkpt>
   <trkpt lat="52.098837" lon="5.104084"><ele>5</ele></trkpt>
   <trkpt lat="52.098979" lon="5.104116"><ele>5.25</ele></trkpt>
   <trkpt lat="52.099275" lon="5.104192"><ele>5.5</ele></trkpt>
   <trkpt lat="52.099487" lon="5.104257"><ele>5</ele></trkpt>
   <trkpt lat="52.099801" lon="5.104369"><ele>5</ele></trkpt>
   <trkpt lat="52.099955" lon="5.104433"><ele>5.75</ele></trkpt>
   <trkpt lat="52.10037" lon="5.104628"><ele>4.75</ele></trkpt>
   <trkpt lat="52.100693" lon="5.104808"><ele>4.75</ele></trkpt>
   <trkpt lat="52.100921" lon="5.10495"><ele>5</ele></trkpt>
   <trkpt lat="52.100966" lon="5.10498"><ele>5.25</ele></trkpt>
   <trkpt lat="52.101346" lon="5.105249"><ele>5.5</ele></trkpt>
   <trkpt lat="52.101748" lon="5.105575"><ele>4.75</ele></trkpt>
   <trkpt lat="52.101928" lon="5.105737"><ele>4.5</ele></trkpt>
   <trkpt lat="52.102296" lon="5.106097"><ele>5.75</ele></trkpt>
   <trkpt lat="52.102566" lon="5.10639"><ele>5.75</ele></trkpt>
   <trkpt lat="52.102788" lon="5.106649"><ele>4.5</ele></trkpt>
   <trkpt lat="52.103032" lon="5.106957"><ele>6</ele></trkpt>
   <trkpt lat="52.103202" lon="5.107185"><ele>5</ele></trkpt>
   <trkpt lat="52.103498" lon="5.107618"><ele>4.75</ele></trkpt>
   <trkpt lat="52.103649" lon="5.107856"><ele>5.5</ele></trkpt>
   <trkpt lat="52.10399" lon="5.108424"><ele>5.25</ele></trkpt>
   <trkpt lat="52.104638" lon="5.10955"><ele>5.25</ele></trkpt>
   <trkpt lat="52.104825" lon="5.109875"><ele>5.25</ele></trkpt>
   <trkpt lat="52.104843" lon="5.109906"><ele>5.25</ele></trkpt>
   <trkpt lat="52.104861" lon="5.109937"><ele>5.5</ele></trkpt>
   <trkpt lat="52.105577" lon="5.111185"><ele>5.5</ele></trkpt>
   <trkpt lat="52.106012" lon="5.111963"><ele>4</ele></trkpt>
   <trkpt lat="52.106332" lon="5.11258"><ele>4.25</ele></trkpt>
   <trkpt lat="52.106537" lon="5.112996"><ele>3.75</ele></trkpt>
   <trkpt lat="52.106788" lon="5.113535"><ele>3.5</ele></trkpt>
   <trkpt lat="52.107071" lon="5.114181"><ele>3.25</ele></trkpt>
   <trkpt lat="52.107221" lon="5.114543"><ele>3.25</ele></trkpt>
   <trkpt lat="52.107368" lon="5.114911"><ele>3.25</ele></trkpt>
   <trkpt lat="52.107614" lon="5.115561"><ele>3.25</ele></trkpt>
   <trkpt lat="52.107812" lon="5.116129"><ele>4.5</ele></trkpt>
   <trkpt lat="52.107988" lon="5.116671"><ele>3</ele></trkpt>
   <trkpt lat="52.108122" lon="5.117119"><ele>3.25</ele></trkpt>
   <trkpt lat="52.108303" lon="5.117771"><ele>3.75</ele></trkpt>
   <trkpt lat="52.109255" lon="5.121418"><ele>2.5</ele></trkpt>
   <trkpt lat="52.109601" lon="5.122761"><ele>1.5</ele></trkpt>
   <trkpt lat="52.109751" lon="5.123369"><ele>1.5</ele></trkpt>
   <trkpt lat="52.110126" lon="5.125011"><ele>0.5</ele></trkpt>
   <trkpt lat="52.110392" lon="5.126224"><ele>1.5</ele></trkpt>
   <trkpt lat="52.110393" lon="5.126228"><ele>1.5</ele></trkpt>
   <trkpt lat="52.110467" lon="5.126567"><ele>1.75</ele></trkpt>
   <trkpt lat="52.111877" lon="5.132863"><ele>1.75</ele></trkpt>
   <trkpt lat="52.111982" lon="5.133333"><ele>2.5</ele></trkpt>
   <trkpt lat="52.112129" lon="5.133988"><ele>2</ele></trkpt>
   <trkpt lat="52.112205" lon="5.134331"><ele>3.25</ele></trkpt>
   <trkpt lat="52.112206" lon="5.134334"><ele>3.5</ele></trkpt>
   <trkpt lat="52.112643" lon="5.13628"><ele>2</ele></trkpt>
   <trkpt lat="52.112847" lon="5.137191"><ele>3.5</ele></trkpt>
   <trkpt lat="52.112882" lon="5.137346"><ele>4</ele></trkpt>
   <trkpt lat="52.113841" lon="5.141629"><ele>6.5</ele></trkpt>
   <trkpt lat="52.113885" lon="5.141823"><ele>4.5</ele></trkpt>
   <trkpt lat="52.113965" lon="5.142178"><ele>4.25</ele></trkpt>
   <trkpt lat="52.114181" lon="5.143148"><ele>6.5</ele></trkpt>
   <trkpt lat="52.114242" lon="5.143417"><ele>4.75</ele></trkpt>
   <trkpt lat="52.114281" lon="5.143588"><ele>3.25</ele></trkpt>
   <trkpt lat="52.114364" lon="5.143962"><ele>3.5</ele></trkpt>
   <trkpt lat="52.114873" lon="5.146238"><ele>1.25</ele></trkpt>
   <trkpt lat="52.114927" lon="5.146477"><ele>2</ele></trkpt>
   <trkpt lat="52.114941" lon="5.14654"><ele>2.25</ele></trkpt>
   <trkpt lat="52.115204" lon="5.147684"><ele>3</ele></trkpt>
   <trkpt lat="52.11545" lon="5.148677"><ele>1.5</ele></trkpt>
   <trkpt lat="52.115633" lon="5.149363"><ele>1</ele></trkpt>
   <trkpt lat="52.116268" lon="5.151618"><ele>1.75</ele></trkpt>
   <trkpt lat="52.116483" lon="5.152416"><ele>2.75</ele></trkpt>
   <trkpt lat="52.11678" lon="5.153622"><ele>2.75</ele></trkpt>
   <trkpt lat="52.116938" lon="5.154333"><ele>6.25</ele></trkpt>
   <trkpt lat="52.117067" lon="5.154956"><ele>6</ele></trkpt>
   <trkpt lat="52.117204" lon="5.155651"><ele>5.75</ele></trkpt>
   <trkpt lat="52.117421" lon="5.156869"><ele>5.5</ele></trkpt>
   <trkpt lat="52.117592" lon="5.157817"><ele>5.25</ele></trkpt>
   <trkpt lat="52.11781" lon="5.158896"><ele>5</ele></trkpt>
   <trkpt lat="52.118016" lon="5.159825"><ele>5</ele></trkpt>
   <trkpt lat="52.11827" lon="5.160862"><ele>3.25</ele></trkpt>
   <trkpt lat="52.118451" lon="5.161539"><ele>2.5</ele></trkpt>
   <trkpt lat="52.118622" lon="5.162149"><ele>3.75</ele></trkpt>
   <trkpt lat="52.118939" lon="5.163201"><ele>2.25</ele></trkpt>
   <trkpt lat="52.119512" lon="5.165028"><ele>2.25</ele></trkpt>
   <trkpt lat="52.119923" lon="5.166423"><ele>2</ele></trkpt>
   <trkpt lat="52.120291" lon="5.167744"><ele>2</ele></trkpt>
   <trkpt lat="52.120403" lon="5.168165"><ele>1.5</ele></trkpt>
   <trkpt lat="52.12069" lon="5.169245"><ele>2</ele></trkpt>
   <trkpt lat="52.120756" lon="5.16949"><ele>2</ele></trkpt>
   <trkpt lat="52.121151" lon="5.17083"><ele>2.75</ele></trkpt>
   <trkpt lat="52.12193" lon="5.173759"><ele>2.5</ele></trkpt>
   <trkpt lat="52.121967" lon="5.173898"><ele>2.75</ele></trkpt>
   <trkpt lat="52.123476" lon="5.179571"><ele>3</ele></trkpt>
   <trkpt lat="52.123644" lon="5.180202"><ele>3</ele></trkpt>
   <trkpt lat="52.124981" lon="5.18523"><ele>3</ele></trkpt>
   <trkpt lat="52.125568" lon="5.187428"><ele>3</ele></trkpt>
   <trkpt lat="52.12695" lon="5.192619"><ele>3.75</ele></trkpt>
   <trkpt lat="52.126953" lon="5.192629"><ele>3.75</ele></trkpt>
   <trkpt lat="52.127584" lon="5.194998"><ele>3.25</ele></trkpt>
   <trkpt lat="52.128086" lon="5.196852"><ele>4</ele></trkpt>
   <trkpt lat="52.128178" lon="5.197189"><ele>4</ele></trkpt>
   <trkpt lat="52.128219" lon="5.19734"><ele>4</ele></trkpt>
   <trkpt lat="52.128263" lon="5.197503"><ele>4</ele></trkpt>
   <trkpt lat="52.128647" lon="5.198903"><ele>4</ele></trkpt>
   <trkpt lat="52.12865" lon="5.198916"><ele>4</ele></trkpt>
   <trkpt lat="52.128733" lon="5.199217"><ele>4</ele></trkpt>
   <trkpt lat="52.129062" lon="5.200381"><ele>4</ele></trkpt>
   <trkpt lat="52.129597" lon="5.202212"><ele>4</ele></trkpt>
   <trkpt lat="52.129619" lon="5.202287"><ele>4</ele></trkpt>
   <trkpt lat="52.129777" lon="5.20285"><ele>4</ele></trkpt>
   <trkpt lat="52.129981" lon="5.203604"><ele>4</ele></trkpt>
   <trkpt lat="52.130144" lon="5.204216"><ele>4</ele></trkpt>
   <trkpt lat="52.130176" lon="5.204339"><ele>4</ele></trkpt>
   <trkpt lat="52.130254" lon="5.204637"><ele>4</ele></trkpt>
   <trkpt lat="52.130315" lon="5.204876"><ele>4</ele></trkpt>
   <trkpt lat="52.130318" lon="5.204887"><ele>4</ele></trkpt>
   <trkpt lat="52.130339" lon="5.204972"><ele>4</ele></trkpt>
   <trkpt lat="52.130382" lon="5.205136"><ele>4</ele></trkpt>
   <trkpt lat="52.130399" lon="5.205208"><ele>4</ele></trkpt>
   <trkpt lat="52.130474" lon="5.205512"><ele>4</ele></trkpt>
   <trkpt lat="52.130587" lon="5.205973"><ele>4</ele></trkpt>
   <trkpt lat="52.13087" lon="5.207146"><ele>4</ele></trkpt>
   <trkpt lat="52.130881" lon="5.207188"><ele>4.25</ele></trkpt>
   <trkpt lat="52.131167" lon="5.208329"><ele>4.25</ele></trkpt>
   <trkpt lat="52.131534" lon="5.209719"><ele>5.75</ele></trkpt>
   <trkpt lat="52.132779" lon="5.214383"><ele>5</ele></trkpt>
   <trkpt lat="52.133801" lon="5.218203"><ele>4.75</ele></trkpt>
   <trkpt lat="52.134139" lon="5.219466"><ele>5.75</ele></trkpt>
   <trkpt lat="52.135213" lon="5.223478"><ele>6</ele></trkpt>
   <trkpt lat="52.135321" lon="5.22388"><ele>6.75</ele></trkpt>
   <trkpt lat="52.13739" lon="5.231596"><ele>7.5</ele></trkpt>
   <trkpt lat="52.137979" lon="5.233747"><ele>8.25</ele></trkpt>
   <trkpt lat="52.138366" lon="5.235104"><ele>8.25</ele></trkpt>
   <trkpt lat="52.139022" lon="5.237346"><ele>8.25</ele></trkpt>
   <trkpt lat="52.139482" lon="5.239003"><ele>8.75</ele></trkpt>
   <trkpt lat="52.139499" lon="5.239066"><ele>8.75</ele></trkpt>
   <trkpt lat="52.139801" lon="5.240188"><ele>8.75</ele></trkpt>
   <trkpt lat="52.140098" lon="5.241286"><ele>9</ele></trkpt>
   <trkpt lat="52.140124" lon="5.241383"><ele>9</ele></trkpt>
   <trkpt lat="52.140179" lon="5.241594"><ele>9</ele></trkpt>
   <trkpt lat="52.140271" lon="5.241935"><ele>9</ele></trkpt>
   <trkpt lat="52.140295" lon="5.242024"><ele>9</ele></trkpt>
   <trkpt lat="52.140799" lon="5.243921"><ele>9</ele></trkpt>
   <trkpt lat="52.140961" lon="5.24458"><ele>8.75</ele></trkpt>
   <trkpt lat="52.141461" lon="5.246762"><ele>8</ele></trkpt>
   <trkpt lat="52.141674" lon="5.247644"><ele>7.75</ele></trkpt>
   <trkpt lat="52.141788" lon="5.248092"><ele>8</ele></trkpt>
   <trkpt lat="52.142247" lon="5.249814"><ele>7.75</ele></trkpt>
   <trkpt lat="52.142384" lon="5.250326"><ele>7.5</ele></trkpt>
   <trkpt lat="52.142444" lon="5.250553"><ele>7.75</ele></trkpt>
   <trkpt lat="52.142602" lon="5.251138"><ele>8</ele></trkpt>
   <trkpt lat="52.142867" lon="5.252274"><ele>7.5</ele></trkpt>
   <trkpt lat="52.142968" lon="5.252654"><ele>8</ele></trkpt>
   <trkpt lat="52.14298" lon="5.252698"><ele>8</ele></trkpt>
   <trkpt lat="52.144658" lon="5.258959"><ele>6.75</ele></trkpt>
   <trkpt lat="52.144869" lon="5.259744"><ele>6.75</ele></trkpt>
   <trkpt lat="52.145207" lon="5.261029"><ele>6.5</ele></trkpt>
   <trkpt lat="52.145371" lon="5.261702"><ele>6.5</ele></trkpt>
   <trkpt lat="52.145513" lon="5.262351"><ele>6.75</ele></trkpt>
   <trkpt lat="52.145703" lon="5.263334"><ele>6.5</ele></trkpt>
   <trkpt lat="52.145815" lon="5.264015"><ele>6.75</ele></trkpt>
   <trkpt lat="52.145891" lon="5.26453"><ele>6</ele></trkpt>
   <trkpt lat="52.145998" lon="5.26538"><ele>5.5</ele></trkpt>
   <trkpt lat="52.146057" lon="5.265939"><ele>6.75</ele></trkpt>
   <trkpt lat="52.146127" lon="5.26676"><ele>6.75</ele></trkpt>
   <trkpt lat="52.146155" lon="5.26717"><ele>6.75</ele></trkpt>
   <trkpt lat="52.14619" lon="5.267815"><ele>8</ele></trkpt>
   <trkpt lat="52.146217" lon="5.268592"><ele>8</ele></trkpt>
   <trkpt lat="52.146228" lon="5.269333"><ele>8</ele></trkpt>
   <trkpt lat="52.14622" lon="5.270021"><ele>8</ele></trkpt>
   <trkpt lat="52.146212" lon="5.270367"><ele>8</ele></trkpt>
   <trkpt lat="52.146181" lon="5.271248"><ele>8</ele></trkpt>
   <trkpt lat="52.145879" lon="5.278476"><ele>8</ele></trkpt>
   <trkpt lat="52.145691" lon="5.282961"><ele>8.25</ele></trkpt>
   <trkpt lat="52.145623" lon="5.284612"><ele>8</ele></trkpt>
   <trkpt lat="52.145599" lon="5.285182"><ele>8.5</ele></trkpt>
   <trkpt lat="52.145452" lon="5.288758"><ele>8</ele></trkpt>
   <trkpt lat="52.145007" lon="5.299374"><ele>9</ele></trkpt>
   <trkpt lat="52.144996" lon="5.299659"><ele>8.75</ele></trkpt>
   <trkpt lat="52.144992" lon="5.299739"><ele>8.75</ele></trkpt>
   <trkpt lat="52.144988" lon="5.299835"><ele>8.75</ele></trkpt>
   <trkpt lat="52.144984" lon="5.299929"><ele>8.75</ele></trkpt>
   <trkpt lat="52.14497" lon="5.300249"><ele>8.75</ele></trkpt>
   <trkpt lat="52.144878" lon="5.3024"><ele>9.25</ele></trkpt>
   <trkpt lat="52.144436" lon="5.31282"><ele>8.75</ele></trkpt>
   <trkpt lat="52.144361" lon="5.314622"><ele>9</ele></trkpt>
   <trkpt lat="52.144339" lon="5.315296"><ele>9.5</ele></trkpt>
   <trkpt lat="52.144328" lon="5.315917"><ele>9</ele></trkpt>
   <trkpt lat="52.144326" lon="5.31666"><ele>9</ele></trkpt>
   <trkpt lat="52.144333" lon="5.317303"><ele>9</ele></trkpt>
   <trkpt lat="52.144345" lon="5.317776"><ele>8</ele></trkpt>
   <trkpt lat="52.14435" lon="5.317939"><ele>8.75</ele></trkpt>
   <trkpt lat="52.144373" lon="5.318529"><ele>9.75</ele></trkpt>
   <trkpt lat="52.144417" lon="5.319348"><ele>10</ele></trkpt>
   <trkpt lat="52.144499" lon="5.320423"><ele>9.75</ele></trkpt>
   <trkpt lat="52.144896" lon="5.324781"><ele>11</ele></trkpt>
   <trkpt lat="52.144899" lon="5.32481"><ele>11</ele></trkpt>
   <trkpt lat="52.144978" lon="5.325676"><ele>11</ele></trkpt>
   <trkpt lat="52.146037" lon="5.337264"><ele>10.25</ele></trkpt>
   <trkpt lat="52.146164" lon="5.338572"><ele>10.5</ele></trkpt>
   <trkpt lat="52.146275" lon="5.339497"><ele>10.5</ele></trkpt>
   <trkpt lat="52.146441" lon="5.340599"><ele>9.75</ele></trkpt>
   <trkpt lat="52.146648" lon="5.341706"><ele>10</ele></trkpt>
   <trkpt lat="52.146806" lon="5.34244"><ele>10.25</ele></trkpt>
   <trkpt lat="52.14693" lon="5.342959"><ele>10</ele></trkpt>
   <trkpt lat="52.147023" lon="5.343332"><ele>10.25</ele></trkpt>
   <trkpt lat="52.147141" lon="5.343777"><ele>10</ele></trkpt>
   <trkpt lat="52.147349" lon="5.344496"><ele>9.5</ele></trkpt>
   <trkpt lat="52.147571" lon="5.345197"><ele>9.75</ele></trkpt>
   <trkpt lat="52.147843" lon="5.345987"><ele>9.5</ele></trkpt>
   <trkpt lat="52.148189" lon="5.346938"><ele>10</ele></trkpt>
   <trkpt lat="52.148419" lon="5.347571"><ele>9.5</ele></trkpt>
   <trkpt lat="52.148467" lon="5.347703"><ele>9.75</ele></trkpt>
   <trkpt lat="52.150558" lon="5.353431"><ele>8</ele></trkpt>
   <trkpt lat="52.150593" lon="5.353529"><ele>8</ele></trkpt>
   <trkpt lat="52.15063" lon="5.353628"><ele>8.25</ele></trkpt>
   <trkpt lat="52.151615" lon="5.356336"><ele>7</ele></trkpt>
   <trkpt lat="52.151749" lon="5.356702"><ele>8.5</ele></trkpt>
   <trkpt lat="52.151754" lon="5.356717"><ele>8.5</ele></trkpt>
   <trkpt lat="52.152307" lon="5.358233"><ele>7.75</ele></trkpt>
   <trkpt lat="52.152649" lon="5.359189"><ele>7.25</ele></trkpt>
   <trkpt lat="52.152836" lon="5.35977"><ele>6</ele></trkpt>
   <trkpt lat="52.152963" lon="5.360226"><ele>6.5</ele></trkpt>
   <trkpt lat="52.153028" lon="5.360497"><ele>6.25</ele></trkpt>
   <trkpt lat="52.153103" lon="5.360859"><ele>6</ele></trkpt>
   <trkpt lat="52.153125" lon="5.360974"><ele>6.25</ele></trkpt>
   <trkpt lat="52.153171" lon="5.361235"><ele>6.75</ele></trkpt>
   <trkpt lat="52.153219" lon="5.361566"><ele>7</ele></trkpt>
   <trkpt lat="52.15331" lon="5.362354"><ele>6.25</ele></trkpt>
   <trkpt lat="52.153311" lon="5.362359"><ele>6.25</ele></trkpt>
   <trkpt lat="52.153344" lon="5.362739"><ele>6</ele></trkpt>
   <trkpt lat="52.153469" lon="5.364106"><ele>5</ele></trkpt>
   <trkpt lat="52.153479" lon="5.364623"><ele>5</ele></trkpt>
   <trkpt lat="52.153475" lon="5.364931"><ele>5</ele></trkpt>
   <trkpt lat="52.153475" lon="5.36503"><ele>5</ele></trkpt>
   <trkpt lat="52.153425" lon="5.366784"><ele>5</ele></trkpt>
   <trkpt lat="52.153429" lon="5.36719"><ele>5</ele></trkpt>
   <trkpt lat="52.153437" lon="5.367495"><ele>5.75</ele></trkpt>
   <trkpt lat="52.153497" lon="5.369171"><ele>6.25</ele></trkpt>
   <trkpt lat="52.153524" lon="5.369942"><ele>6.25</ele></trkpt>
   <trkpt lat="52.153552" lon="5.370746"><ele>6</ele></trkpt>
   <trkpt lat="52.153578" lon="5.371513"><ele>5.5</ele></trkpt>
   <trkpt lat="52.153601" lon="5.372157"><ele>5.25</ele></trkpt>
   <trkpt lat="52.153602" lon="5.372186"><ele>5</ele></trkpt>
   <trkpt lat="52.153605" lon="5.372296"><ele>5</ele></trkpt>
   <trkpt lat="52.153609" lon="5.372388"><ele>5</ele></trkpt>
   <trkpt lat="52.153611" lon="5.37246"><ele>5</ele></trkpt>
   <trkpt lat="52.153644" lon="5.373394"><ele>5.75</ele></trkpt>
   <trkpt lat="52.153649" lon="5.373528"><ele>5.75</ele></trkpt>
   <trkpt lat="52.153653" lon="5.373634"><ele>5.75</ele></trkpt>
   <trkpt lat="52.153663" lon="5.373915"><ele>5.75</ele></trkpt>
   <trkpt lat="52.153669" lon="5.374067"><ele>5.75</ele></trkpt>
   <trkpt lat="52.153673" lon="5.374152"><ele>5.75</ele></trkpt>
   <trkpt lat="52.153715" lon="5.374704"><ele>5.25</ele></trkpt>
   <trkpt lat="52.153728" lon="5.374827"><ele>5.5</ele></trkpt>
   <trkpt lat="52.153749" lon="5.375003"><ele>5.75</ele></trkpt>
   <trkpt lat="52.153753" lon="5.375036"><ele>6</ele></trkpt>
   <trkpt lat="52.15379" lon="5.375297"><ele>6.25</ele></trkpt>
   <trkpt lat="52.153813" lon="5.375446"><ele>6.5</ele></trkpt>
   <trkpt lat="52.153877" lon="5.375793"><ele>6</ele></trkpt>
   <trkpt lat="52.153955" lon="5.37615"><ele>5</ele></trkpt>
   <trkpt lat="52.15403" lon="5.376445"><ele>5</ele></trkpt>
   <trkpt lat="52.154075" lon="5.376606"><ele>5.5</ele></trkpt>
   <trkpt lat="52.154102" lon="5.376705"><ele>5.5</ele></trkpt>
   <trkpt lat="52.154148" lon="5.376855"><ele>5.25</ele></trkpt>
   <trkpt lat="52.154178" lon="5.376949"><ele>5</ele></trkpt>
   <trkpt lat="52.154253" lon="5.377174"><ele>5</ele></trkpt>
   <trkpt lat="52.154416" lon="5.377595"><ele>5</ele></trkpt>
   <trkpt lat="52.154568" lon="5.377943"><ele>5</ele></trkpt>
   <trkpt lat="52.154699" lon="5.378211"><ele>5</ele></trkpt>
   <trkpt lat="52.154879" lon="5.378542"><ele>5</ele></trkpt>
   <trkpt lat="52.155007" lon="5.378754"><ele>5</ele></trkpt>
   <trkpt lat="52.155322" lon="5.379225"><ele>5</ele></trkpt>
   <trkpt lat="52.155915" lon="5.380097"><ele>5</ele></trkpt>
   <trkpt lat="52.156181" lon="5.380459"><ele>4.5</ele></trkpt>
   <trkpt lat="52.156502" lon="5.380857"><ele>4</ele></trkpt>
   <trkpt lat="52.156523" lon="5.380884"><ele>4</ele></trkpt>
   <trkpt lat="52.156959" lon="5.381425"><ele>4</ele></trkpt>
   <trkpt lat="52.157047" lon="5.381534"><ele>4</ele></trkpt>
   <trkpt lat="52.157088" lon="5.381585"><ele>4</ele></trkpt>
   <trkpt lat="52.15769" lon="5.382333"><ele>3.75</ele></trkpt>
   <trkpt lat="52.158754" lon="5.383653"><ele>3.75</ele></trkpt>
   <trkpt lat="52.159127" lon="5.384116"><ele>3.25</ele></trkpt>
   <trkpt lat="52.159239" lon="5.384255"><ele>3</ele></trkpt>
   <trkpt lat="52.15958" lon="5.384678"><ele>2.75</ele></trkpt>
   <trkpt lat="52.159682" lon="5.384805"><ele>2.75</ele></trkpt>
   <trkpt lat="52.160252" lon="5.385586"><ele>2.75</ele></trkpt>
   <trkpt lat="52.160492" lon="5.385884"><ele>2.75</ele></trkpt>
   <trkpt lat="52.160556" lon="5.385964"><ele>2.75</ele></trkpt>
   <trkpt lat="52.160713" lon="5.386159"><ele>2.75</ele></trkpt>
   <trkpt lat="52.160732" lon="5.386183"><ele>2.75</ele></trkpt>
   <trkpt lat="52.161325" lon="5.386918"><ele>3</ele></trkpt>
   <trkpt lat="52.161512" lon="5.387151"><ele>3</ele></trkpt>
   <trkpt lat="52.16391" lon="5.390136"><ele>3.75</ele></trkpt>
   <trkpt lat="52.166556" lon="5.393526"><ele>4</ele></trkpt>
   <trkpt lat="52.166849" lon="5.393898"><ele>2.25</ele></trkpt>
   <trkpt lat="52.16692" lon="5.393989"><ele>1</ele></trkpt>
   <trkpt lat="52.167537" lon="5.39478"><ele>2</ele></trkpt>
   <trkpt lat="52.167706" lon="5.394998"><ele>3.25</ele></trkpt>
   <trkpt lat="52.168942" lon="5.396587"><ele>3.25</ele></trkpt>
   <trkpt lat="52.169397" lon="5.397211"><ele>3.75</ele></trkpt>
   <trkpt lat="52.1696" lon="5.397511"><ele>5.5</ele></trkpt>
   <trkpt lat="52.169834" lon="5.397879"><ele>4.5</ele></trkpt>
   <trkpt lat="52.170068" lon="5.398276"><ele>4</ele></trkpt>
   <trkpt lat="52.170222" lon="5.398555"><ele>4.25</ele></trkpt>
   <trkpt lat="52.170304" lon="5.398711"><ele>3.5</ele></trkpt>
   <trkpt lat="52.170436" lon="5.398967"><ele>4</ele></trkpt>
   <trkpt lat="52.170655" lon="5.399421"><ele>3.25</ele></trkpt>
   <trkpt lat="52.170914" lon="5.400012"><ele>2.75</ele></trkpt>
   <trkpt lat="52.171141" lon="5.400586"><ele>3</ele></trkpt>
   <trkpt lat="52.171269" lon="5.40094"><ele>3</ele></trkpt>
   <trkpt lat="52.171445" lon="5.401467"><ele>3</ele></trkpt>
   <trkpt lat="52.171473" lon="5.401554"><ele>3</ele></trkpt>
   <trkpt lat="52.17163" lon="5.40208"><ele>3</ele></trkpt>
   <trkpt lat="52.171774" lon="5.402616"><ele>3</ele></trkpt>
   <trkpt lat="52.171953" lon="5.403381"><ele>3</ele></trkpt>
   <trkpt lat="52.172064" lon="5.403936"><ele>3.25</ele></trkpt>
   <trkpt lat="52.172162" lon="5.404499"><ele>3</ele></trkpt>
   <trkpt lat="52.172276" lon="5.405297"><ele>3</ele></trkpt>
   <trkpt lat="52.172334" lon="5.405814"><ele>3</ele></trkpt>
   <trkpt lat="52.172386" lon="5.406393"><ele>3</ele></trkpt>
   <trkpt lat="52.172424" lon="5.406989"><ele>3.5</ele></trkpt>
   <trkpt lat="52.172449" lon="5.4076"><ele>3</ele></trkpt>
   <trkpt lat="52.172456" lon="5.407906"><ele>3</ele></trkpt>
   <trkpt lat="52.17246" lon="5.408457"><ele>3</ele></trkpt>
   <trkpt lat="52.172443" lon="5.409313"><ele>3</ele></trkpt>
   <trkpt lat="52.172414" lon="5.409923"><ele>3</ele></trkpt>
   <trkpt lat="52.172354" lon="5.410713"><ele>2.5</ele></trkpt>
   <trkpt lat="52.172262" lon="5.411566"><ele>2.75</ele></trkpt>
   <trkpt lat="52.172164" lon="5.412282"><ele>3.75</ele></trkpt>
   <trkpt lat="52.172076" lon="5.412868"><ele>2</ele></trkpt>
   <trkpt lat="52.171808" lon="5.414546"><ele>2</ele></trkpt>
   <trkpt lat="52.171713" lon="5.415142"><ele>3</ele></trkpt>
   <trkpt lat="52.171706" lon="5.415182"><ele>3</ele></trkpt>
   <trkpt lat="52.170407" lon="5.423303"><ele>6.75</ele></trkpt>
   <trkpt lat="52.17029" lon="5.424029"><ele>5</ele></trkpt>
   <trkpt lat="52.168675" lon="5.434103"><ele>4</ele></trkpt>
   <trkpt lat="52.168625" lon="5.434413"><ele>4</ele></trkpt>
   <trkpt lat="52.168603" lon="5.43455"><ele>4</ele></trkpt>
   <trkpt lat="52.168589" lon="5.434637"><ele>4</ele></trkpt>
   <trkpt lat="52.168537" lon="5.434964"><ele>4</ele></trkpt>
   <trkpt lat="52.1681" lon="5.437687"><ele>3</ele></trkpt>
   <trkpt lat="52.167905" lon="5.438926"><ele>2.5</ele></trkpt>
   <trkpt lat="52.167773" lon="5.439889"><ele>3.5</ele></trkpt>
   <trkpt lat="52.16769" lon="5.440661"><ele>2.5</ele></trkpt>
   <trkpt lat="52.167614" lon="5.441534"><ele>2</ele></trkpt>
   <trkpt lat="52.167288" lon="5.44599"><ele>2.75</ele></trkpt>
   <trkpt lat="52.167278" lon="5.446132"><ele>2.75</ele></trkpt>
   <trkpt lat="52.166565" lon="5.455886"><ele>3</ele></trkpt>
   <trkpt lat="52.166496" lon="5.456831"><ele>3</ele></trkpt>
   <trkpt lat="52.166427" lon="5.45778"><ele>3</ele></trkpt>
   <trkpt lat="52.166415" lon="5.45795"><ele>3.5</ele></trkpt>
   <trkpt lat="52.166373" lon="5.458519"><ele>4</ele></trkpt>
   <trkpt lat="52.166324" lon="5.459199"><ele>3.75</ele></trkpt>
   <trkpt lat="52.165617" lon="5.468871"><ele>3</ele></trkpt>
   <trkpt lat="52.164642" lon="5.482155"><ele>3.5</ele></trkpt>
   <trkpt lat="52.164609" lon="5.482602"><ele>3.25</ele></trkpt>
   <trkpt lat="52.163306" lon="5.50036"><ele>4.75</ele></trkpt>
   <trkpt lat="52.16291" lon="5.505731"><ele>5</ele></trkpt>
   <trkpt lat="52.162876" lon="5.506199"><ele>5</ele></trkpt>
   <trkpt lat="52.16235" lon="5.513343"><ele>5</ele></trkpt>
   <trkpt lat="52.16231" lon="5.514015"><ele>5.5</ele></trkpt>
   <trkpt lat="52.162289" lon="5.514496"><ele>6</ele></trkpt>
   <trkpt lat="52.162266" lon="5.515508"><ele>6</ele></trkpt>
   <trkpt lat="52.162268" lon="5.516152"><ele>6</ele></trkpt>
   <trkpt lat="52.162288" lon="5.517117"><ele>6</ele></trkpt>
   <trkpt lat="52.162623" lon="5.52825"><ele>5.25</ele></trkpt>
   <trkpt lat="52.16264" lon="5.529305"><ele>5.75</ele></trkpt>
   <trkpt lat="52.16264" lon="5.529939"><ele>6</ele></trkpt>
   <trkpt lat="52.162565" lon="5.539087"><ele>6.5</ele></trkpt>
   <trkpt lat="52.162495" lon="5.547329"><ele>7.75</ele></trkpt>
   <trkpt lat="52.162441" lon="5.553778"><ele>9</ele></trkpt>
   <trkpt lat="52.162347" lon="5.564823"><ele>8</ele></trkpt>
   <trkpt lat="52.162287" lon="5.57161"><ele>9</ele></trkpt>
   <trkpt lat="52.162286" lon="5.571688"><ele>9</ele></trkpt>
   <trkpt lat="52.162286" lon="5.571755"><ele>9</ele></trkpt>
   <trkpt lat="52.162285" lon="5.571845"><ele>9</ele></trkpt>
   <trkpt lat="52.16224" lon="5.577035"><ele>9</ele></trkpt>
   <trkpt lat="52.162192" lon="5.58241"><ele>10.75</ele></trkpt>
   <trkpt lat="52.162153" lon="5.586934"><ele>10.75</ele></trkpt>
   <trkpt lat="52.162141" lon="5.588261"><ele>10.5</ele></trkpt>
   <trkpt lat="52.162119" lon="5.590865"><ele>10.5</ele></trkpt>
   <trkpt lat="52.162104" lon="5.592642"><ele>10.5</ele></trkpt>
   <trkpt lat="52.162102" lon="5.592773"><ele>10.5</ele></trkpt>
   <trkpt lat="52.162087" lon="5.594363"><ele>11.5</ele></trkpt>
   <trkpt lat="52.162086" lon="5.594541"><ele>11.5</ele></trkpt>
   <trkpt lat="52.162043" lon="5.599806"><ele>12</ele></trkpt>
   <trkpt lat="52.16206" lon="5.60101"><ele>12</ele></trkpt>
   <trkpt lat="52.162093" lon="5.602006"><ele>11.25</ele></trkpt>
   <trkpt lat="52.162139" lon="5.602942"><ele>11.75</ele></trkpt>
   <trkpt lat="52.162195" lon="5.603699"><ele>12</ele></trkpt>
   <trkpt lat="52.162229" lon="5.60405"><ele>12</ele></trkpt>
   <trkpt lat="52.162292" lon="5.604566"><ele>12</ele></trkpt>
   <trkpt lat="52.162345" lon="5.604925"><ele>12</ele></trkpt>
   <trkpt lat="52.162416" lon="5.60534"><ele>11.75</ele></trkpt>
   <trkpt lat="52.162467" lon="5.6056"><ele>11.75</ele></trkpt>
   <trkpt lat="52.162589" lon="5.606148"><ele>11.25</ele></trkpt>
   <trkpt lat="52.162675" lon="5.606485"><ele>12</ele></trkpt>
   <trkpt lat="52.162811" lon="5.606965"><ele>12</ele></trkpt>
   <trkpt lat="52.163179" lon="5.608129"><ele>12</ele></trkpt>
   <trkpt lat="52.165738" lon="5.615997"><ele>13.5</ele></trkpt>
   <trkpt lat="52.165798" lon="5.616182"><ele>13.75</ele></trkpt>
   <trkpt lat="52.165823" lon="5.616258"><ele>13.75</ele></trkpt>
   <trkpt lat="52.16584" lon="5.616309"><ele>13.75</ele></trkpt>
   <trkpt lat="52.167203" lon="5.620506"><ele>14.75</ele></trkpt>
   <trkpt lat="52.171303" lon="5.63314"><ele>15.75</ele></trkpt>
   <trkpt lat="52.173045" lon="5.63851"><ele>16.5</ele></trkpt>
   <trkpt lat="52.173213" lon="5.639026"><ele>15.25</ele></trkpt>
   <trkpt lat="52.17883" lon="5.656336"><ele>16.5</ele></trkpt>
   <trkpt lat="52.179921" lon="5.659702"><ele>16.5</ele></trkpt>
   <trkpt lat="52.18009" lon="5.660223"><ele>16</ele></trkpt>
   <trkpt lat="52.183726" lon="5.671448"><ele>17.75</ele></trkpt>
   <trkpt lat="52.183987" lon="5.672339"><ele>18</ele></trkpt>
   <trkpt lat="52.184189" lon="5.673125"><ele>19</ele></trkpt>
   <trkpt lat="52.184303" lon="5.673618"><ele>18</ele></trkpt>
   <trkpt lat="52.184423" lon="5.674174"><ele>18.75</ele></trkpt>
   <trkpt lat="52.184724" lon="5.67565"><ele>19</ele></trkpt>
   <trkpt lat="52.184768" lon="5.675867"><ele>19</ele></trkpt>
   <trkpt lat="52.18536" lon="5.678778"><ele>18</ele></trkpt>
   <trkpt lat="52.185426" lon="5.679102"><ele>18.75</ele></trkpt>
   <trkpt lat="52.185495" lon="5.679442"><ele>19</ele></trkpt>
   <trkpt lat="52.185828" lon="5.681077"><ele>19.75</ele></trkpt>
   <trkpt lat="52.187448" lon="5.689032"><ele>19</ele></trkpt>
   <trkpt lat="52.187809" lon="5.690801"><ele>20.5</ele></trkpt>
   <trkpt lat="52.188029" lon="5.691883"><ele>19.75</ele></trkpt>
   <trkpt lat="52.188122" lon="5.692329"><ele>20</ele></trkpt>
   <trkpt lat="52.188806" lon="5.695696"><ele>20</ele></trkpt>
   <trkpt lat="52.188849" lon="5.695906"><ele>20</ele></trkpt>
   <trkpt lat="52.189051" lon="5.696711"><ele>20</ele></trkpt>
   <trkpt lat="52.189309" lon="5.697983"><ele>19.5</ele></trkpt>
   <trkpt lat="52.189342" lon="5.698144"><ele>19.25</ele></trkpt>
   <trkpt lat="52.19011" lon="5.701921"><ele>20</ele></trkpt>
   <trkpt lat="52.19033" lon="5.703032"><ele>20.75</ele></trkpt>
   <trkpt lat="52.190452" lon="5.703727"><ele>20</ele></trkpt>
   <trkpt lat="52.190531" lon="5.704257"><ele>21</ele></trkpt>
   <trkpt lat="52.190583" lon="5.704661"><ele>21.75</ele></trkpt>
   <trkpt lat="52.19065" lon="5.705268"><ele>20.5</ele></trkpt>
   <trkpt lat="52.190714" lon="5.706004"><ele>20</ele></trkpt>
   <trkpt lat="52.191421" lon="5.715342"><ele>23.5</ele></trkpt>
   <trkpt lat="52.191463" lon="5.715904"><ele>22.25</ele></trkpt>
   <trkpt lat="52.191465" lon="5.715924"><ele>22</ele></trkpt>
   <trkpt lat="52.191645" lon="5.718319"><ele>22.75</ele></trkpt>
   <trkpt lat="52.193217" lon="5.739099"><ele>24.75</ele></trkpt>
   <trkpt lat="52.19326" lon="5.739668"><ele>27</ele></trkpt>
   <trkpt lat="52.193261" lon="5.739682"><ele>27.25</ele></trkpt>
   <trkpt lat="52.193699" lon="5.745471"><ele>27.5</ele></trkpt>
   <trkpt lat="52.193735" lon="5.745941"><ele>25.5</ele></trkpt>
   <trkpt lat="52.194769" lon="5.759655"><ele>32.75</ele></trkpt>
   <trkpt lat="52.195152" lon="5.764744"><ele>30.5</ele></trkpt>
   <trkpt lat="52.195195" lon="5.765321"><ele>31.75</ele></trkpt>
   <trkpt lat="52.196242" lon="5.779236"><ele>34.5</ele></trkpt>
   <trkpt lat="52.196289" lon="5.779857"><ele>34.25</ele></trkpt>
   <trkpt lat="52.196914" lon="5.788152"><ele>37</ele></trkpt>
   <trkpt lat="52.196957" lon="5.788733"><ele>37.25</ele></trkpt>
   <trkpt lat="52.198292" lon="5.806528"><ele>42.5</ele></trkpt>
   <trkpt lat="52.198825" lon="5.81363"><ele>43</ele></trkpt>
   <trkpt lat="52.19884" lon="5.813826"><ele>43</ele></trkpt>
   <trkpt lat="52.198858" lon="5.814062"><ele>43</ele></trkpt>
   <trkpt lat="52.199917" lon="5.828239"><ele>52.25</ele></trkpt>
   <trkpt lat="52.199996" lon="5.829294"><ele>50.75</ele></trkpt>
   <trkpt lat="52.200518" lon="5.836282"><ele>47.5</ele></trkpt>
   <trkpt lat="52.200538" lon="5.836541"><ele>48</ele></trkpt>
   <trkpt lat="52.200566" lon="5.836919"><ele>47.75</ele></trkpt>
   <trkpt lat="52.200913" lon="5.841542"><ele>47.5</ele></trkpt>
   <trkpt lat="52.201353" lon="5.847388"><ele>48.5</ele></trkpt>
   <trkpt lat="52.201436" lon="5.848624"><ele>48</ele></trkpt>
   <trkpt lat="52.201472" lon="5.84943"><ele>49.5</ele></trkpt>
   <trkpt lat="52.201491" lon="5.850371"><ele>49.75</ele></trkpt>
   <trkpt lat="52.201488" lon="5.851114"><ele>49.75</ele></trkpt>
   <trkpt lat="52.201465" lon="5.852014"><ele>48.75</ele></trkpt>
   <trkpt lat="52.201406" lon="5.853076"><ele>46.25</ele></trkpt>
   <trkpt lat="52.20133" lon="5.853987"><ele>48.75</ele></trkpt>
   <trkpt lat="52.201231" lon="5.854901"><ele>49.75</ele></trkpt>
   <trkpt lat="52.201113" lon="5.855764"><ele>45</ele></trkpt>
   <trkpt lat="52.200965" lon="5.856673"><ele>49.75</ele></trkpt>
   <trkpt lat="52.200883" lon="5.857111"><ele>46.75</ele></trkpt>
   <trkpt lat="52.200764" lon="5.857696"><ele>48</ele></trkpt>
   <trkpt lat="52.200575" lon="5.858519"><ele>45</ele></trkpt>
   <trkpt lat="52.200433" lon="5.859081"><ele>49</ele></trkpt>
   <trkpt lat="52.200323" lon="5.859484"><ele>46</ele></trkpt>
   <trkpt lat="52.200168" lon="5.86002"><ele>48.75</ele></trkpt>
   <trkpt lat="52.199904" lon="5.860863"><ele>47.5</ele></trkpt>
   <trkpt lat="52.19965" lon="5.861601"><ele>47</ele></trkpt>
   <trkpt lat="52.199437" lon="5.862179"><ele>44</ele></trkpt>
   <trkpt lat="52.198914" lon="5.863552"><ele>44.25</ele></trkpt>
   <trkpt lat="52.198656" lon="5.86422"><ele>44.5</ele></trkpt>
   <trkpt lat="52.195253" lon="5.873095"><ele>41.75</ele></trkpt>
   <trkpt lat="52.194932" lon="5.873978"><ele>42.5</ele></trkpt>
   <trkpt lat="52.194793" lon="5.874386"><ele>42</ele></trkpt>
   <trkpt lat="52.19464" lon="5.874866"><ele>43</ele></trkpt>
   <trkpt lat="52.194497" lon="5.875342"><ele>41</ele></trkpt>
   <trkpt lat="52.194307" lon="5.876034"><ele>43.25</ele></trkpt>
   <trkpt lat="52.194158" lon="5.876626"><ele>40</ele></trkpt>
   <trkpt lat="52.193983" lon="5.877392"><ele>41.75</ele></trkpt>
   <trkpt lat="52.193887" lon="5.877861"><ele>39.25</ele></trkpt>
   <trkpt lat="52.193773" lon="5.878469"><ele>42.25</ele></trkpt>
   <trkpt lat="52.193668" lon="5.879088"><ele>40</ele></trkpt>
   <trkpt lat="52.193543" lon="5.879879"><ele>41</ele></trkpt>
   <trkpt lat="52.193477" lon="5.880308"><ele>40.75</ele></trkpt>
   <trkpt lat="52.19346" lon="5.880414"><ele>40.25</ele></trkpt>
   <trkpt lat="52.19043" lon="5.900157"><ele>36.75</ele></trkpt>
   <trkpt lat="52.190375" lon="5.900516"><ele>35.5</ele></trkpt>
   <trkpt lat="52.189643" lon="5.90529"><ele>34.25</ele></trkpt>
   <trkpt lat="52.189511" lon="5.906153"><ele>33.25</ele></trkpt>
   <trkpt lat="52.18945" lon="5.906586"><ele>32.5</ele></trkpt>
   <trkpt lat="52.189358" lon="5.907313"><ele>33.5</ele></trkpt>
   <trkpt lat="52.189273" lon="5.908135"><ele>34.25</ele></trkpt>
   <trkpt lat="52.18921" lon="5.908928"><ele>31.5</ele></trkpt>
   <trkpt lat="52.189173" lon="5.909558"><ele>31</ele></trkpt>
   <trkpt lat="52.189152" lon="5.910072"><ele>31</ele></trkpt>
   <trkpt lat="52.189133" lon="5.910919"><ele>31.25</ele></trkpt>
   <trkpt lat="52.189138" lon="5.912"><ele>31</ele></trkpt>
   <trkpt lat="52.189169" lon="5.912907"><ele>30.5</ele></trkpt>
   <trkpt lat="52.189228" lon="5.913902"><ele>31.25</ele></trkpt>
   <trkpt lat="52.189314" lon="5.914884"><ele>32.25</ele></trkpt>
   <trkpt lat="52.189376" lon="5.915445"><ele>31.25</ele></trkpt>
   <trkpt lat="52.189434" lon="5.915907"><ele>30</ele></trkpt>
   <trkpt lat="52.189529" lon="5.916574"><ele>30.75</ele></trkpt>
   <trkpt lat="52.1897" lon="5.917585"><ele>30</ele></trkpt>
   <trkpt lat="52.189865" lon="5.918417"><ele>31.25</ele></trkpt>
   <trkpt lat="52.189943" lon="5.918782"><ele>30</ele></trkpt>
   <trkpt lat="52.19007" lon="5.919326"><ele>29.75</ele></trkpt>
   <trkpt lat="52.1903" lon="5.920219"><ele>29.25</ele></trkpt>
   <trkpt lat="52.190411" lon="5.920615"><ele>30.25</ele></trkpt>
   <trkpt lat="52.190574" lon="5.921157"><ele>29</ele></trkpt>
   <trkpt lat="52.190838" lon="5.921973"><ele>29</ele></trkpt>
   <trkpt lat="52.190947" lon="5.922281"><ele>29.25</ele></trkpt>
   <trkpt lat="52.191143" lon="5.922813"><ele>28</ele></trkpt>
   <trkpt lat="52.19136" lon="5.92336"><ele>28</ele></trkpt>
   <trkpt lat="52.191561" lon="5.923832"><ele>28.75</ele></trkpt>
   <trkpt lat="52.191771" lon="5.924303"><ele>28.5</ele></trkpt>
   <trkpt lat="52.192555" lon="5.925954"><ele>27.5</ele></trkpt>
   <trkpt lat="52.192568" lon="5.925979"><ele>27.5</ele></trkpt>
   <trkpt lat="52.194015" lon="5.929007"><ele>25.5</ele></trkpt>
   <trkpt lat="52.196263" lon="5.933698"><ele>25</ele></trkpt>
   <trkpt lat="52.196303" lon="5.933784"><ele>25</ele></trkpt>
   <trkpt lat="52.196346" lon="5.933875"><ele>25</ele></trkpt>
   <trkpt lat="52.196734" lon="5.934685"><ele>23.75</ele></trkpt>
   <trkpt lat="52.197269" lon="5.935805"><ele>23.75</ele></trkpt>
   <trkpt lat="52.202131" lon="5.945963"><ele>21</ele></trkpt>
   <trkpt lat="52.202157" lon="5.94602"><ele>21</ele></trkpt>
   <trkpt lat="52.202191" lon="5.946087"><ele>21</ele></trkpt>
   <trkpt lat="52.20222" lon="5.946149"><ele>20.75</ele></trkpt>
   <trkpt lat="52.202299" lon="5.946315"><ele>20.75</ele></trkpt>
   <trkpt lat="52.203111" lon="5.948012"><ele>19.75</ele></trkpt>
   <trkpt lat="52.203173" lon="5.948141"><ele>19.5</ele></trkpt>
   <trkpt lat="52.203413" lon="5.948641"><ele>19.75</ele></trkpt>
   <trkpt lat="52.203422" lon="5.948661"><ele>19.75</ele></trkpt>
   <trkpt lat="52.203973" lon="5.94991"><ele>19</ele></trkpt>
   <trkpt lat="52.20407" lon="5.950113"><ele>19.25</ele></trkpt>
   <trkpt lat="52.204938" lon="5.951927"><ele>19.5</ele></trkpt>
   <trkpt lat="52.205017" lon="5.95209"><ele>19.25</ele></trkpt>
   <trkpt lat="52.205342" lon="5.95277"><ele>19</ele></trkpt>
   <trkpt lat="52.206247" lon="5.954665"><ele>18.25</ele></trkpt>
   <trkpt lat="52.206463" lon="5.955118"><ele>18.25</ele></trkpt>
   <trkpt lat="52.207472" lon="5.95729"><ele>17.5</ele></trkpt>
   <trkpt lat="52.207796" lon="5.958016"><ele>15.25</ele></trkpt>
   <trkpt lat="52.207986" lon="5.958474"><ele>18</ele></trkpt>
   <trkpt lat="52.208093" lon="5.958753"><ele>18</ele></trkpt>
   <trkpt lat="52.208348" lon="5.959474"><ele>17.75</ele></trkpt>
   <trkpt lat="52.208452" lon="5.9598"><ele>17.5</ele></trkpt>
   <trkpt lat="52.208587" lon="5.960249"><ele>17</ele></trkpt>
   <trkpt lat="52.208746" lon="5.960833"><ele>17.5</ele></trkpt>
   <trkpt lat="52.208847" lon="5.961237"><ele>17</ele></trkpt>
   <trkpt lat="52.208971" lon="5.961807"><ele>17.5</ele></trkpt>
   <trkpt lat="52.208997" lon="5.961939"><ele>17.5</ele></trkpt>
   <trkpt lat="52.209049" lon="5.962226"><ele>17.25</ele></trkpt>
   <trkpt lat="52.209092" lon="5.9625"><ele>17.25</ele></trkpt>
   <trkpt lat="52.209168" lon="5.963025"><ele>16.75</ele></trkpt>
   <trkpt lat="52.209307" lon="5.964029"><ele>17</ele></trkpt>
   <trkpt lat="52.209326" lon="5.964195"><ele>17.25</ele></trkpt>
   <trkpt lat="52.209364" lon="5.964715"><ele>17</ele></trkpt>
   <trkpt lat="52.209375" lon="5.965031"><ele>17</ele></trkpt>
   <trkpt lat="52.209376" lon="5.965458"><ele>17</ele></trkpt>
   <trkpt lat="52.209339" lon="5.966219"><ele>17</ele></trkpt>
   <trkpt lat="52.209312" lon="5.966756"><ele>17</ele></trkpt>
   <trkpt lat="52.209291" lon="5.96716"><ele>17</ele></trkpt>
   <trkpt lat="52.20929" lon="5.96717"><ele>17</ele></trkpt>
   <trkpt lat="52.20924" lon="5.968107"><ele>16.75</ele></trkpt>
   <trkpt lat="52.209225" lon="5.968513"><ele>17</ele></trkpt>
   <trkpt lat="52.209204" lon="5.969096"><ele>16.75</ele></trkpt>
   <trkpt lat="52.209171" lon="5.969971"><ele>17</ele></trkpt>
   <trkpt lat="52.209123" lon="5.97127"><ele>17.75</ele></trkpt>
   <trkpt lat="52.209112" lon="5.971782"><ele>17.75</ele></trkpt>
   <trkpt lat="52.2091" lon="5.972686"><ele>17.75</ele></trkpt>
   <trkpt lat="52.2091" lon="5.972717"><ele>17.75</ele></trkpt>
   <trkpt lat="52.2091" lon="5.972724"><ele>17.75</ele></trkpt>
   <trkpt lat="52.209101" lon="5.973626"><ele>17</ele></trkpt>
   <trkpt lat="52.209088" lon="5.97446"><ele>17</ele></trkpt>
   <trkpt lat="52.209025" lon="5.97631"><ele>17</ele></trkpt>
   <trkpt lat="52.209004" lon="5.976839"><ele>17</ele></trkpt>
   <trkpt lat="52.208975" lon="5.977643"><ele>15.25</ele></trkpt>
   <trkpt lat="52.208968" lon="5.977832"><ele>13.75</ele></trkpt>
   <trkpt lat="52.208956" lon="5.978163"><ele>13</ele></trkpt>
   <trkpt lat="52.208941" lon="5.978641"><ele>13.75</ele></trkpt>
   <trkpt lat="52.208936" lon="5.978973"><ele>15</ele></trkpt>
   <trkpt lat="52.208941" lon="5.979577"><ele>14.5</ele></trkpt>
   <trkpt lat="52.208945" lon="5.979715"><ele>14.5</ele></trkpt>
   <trkpt lat="52.208966" lon="5.979994"><ele>14.25</ele></trkpt>
   <trkpt lat="52.208985" lon="5.98025"><ele>14.25</ele></trkpt>
   <trkpt lat="52.20899" lon="5.980397"><ele>14.25</ele></trkpt>
   <trkpt lat="52.209002" lon="5.981301"><ele>14.5</ele></trkpt>
   <trkpt lat="52.209028" lon="5.982329"><ele>14.25</ele></trkpt>
   <trkpt lat="52.209059" lon="5.982836"><ele>14.25</ele></trkpt>
   <trkpt lat="52.209103" lon="5.983356"><ele>15.25</ele></trkpt>
   <trkpt lat="52.209129" lon="5.983599"><ele>15.75</ele></trkpt>
   <trkpt lat="52.209153" lon="5.983816"><ele>15.25</ele></trkpt>
   <trkpt lat="52.20923" lon="5.984404"><ele>14.25</ele></trkpt>
   <trkpt lat="52.209309" lon="5.984905"><ele>12.5</ele></trkpt>
   <trkpt lat="52.209374" lon="5.985273"><ele>13.75</ele></trkpt>
   <trkpt lat="52.209485" lon="5.985823"><ele>14.5</ele></trkpt>
   <trkpt lat="52.209574" lon="5.986221"><ele>12.25</ele></trkpt>
   <trkpt lat="52.209678" lon="5.986644"><ele>13.25</ele></trkpt>
   <trkpt lat="52.209821" lon="5.987167"><ele>12.25</ele></trkpt>
   <trkpt lat="52.209991" lon="5.987742"><ele>13.5</ele></trkpt>
   <trkpt lat="52.212128" lon="5.994565"><ele>10.25</ele></trkpt>
   <trkpt lat="52.21217" lon="5.9947"><ele>10</ele></trkpt>
   <trkpt lat="52.21232" lon="5.995178"><ele>9</ele></trkpt>
   <trkpt lat="52.212801" lon="5.99671"><ele>10.5</ele></trkpt>
   <trkpt lat="52.213481" lon="5.998871"><ele>8.75</ele></trkpt>
   <trkpt lat="52.214437" lon="6.001914"><ele>9.75</ele></trkpt>
   <trkpt lat="52.214623" lon="6.0025"><ele>10</ele></trkpt>
   <trkpt lat="52.214714" lon="6.002797"><ele>10</ele></trkpt>
   <trkpt lat="52.214719" lon="6.002812"><ele>10</ele></trkpt>
   <trkpt lat="52.215167" lon="6.004241"><ele>9.25</ele></trkpt>
   <trkpt lat="52.215429" lon="6.005079"><ele>8.75</ele></trkpt>
   <trkpt lat="52.215538" lon="6.005424"><ele>9.25</ele></trkpt>
   <trkpt lat="52.215639" lon="6.005746"><ele>9</ele></trkpt>
   <trkpt lat="52.215746" lon="6.00609"><ele>8.75</ele></trkpt>
   <trkpt lat="52.215901" lon="6.006583"><ele>7.5</ele></trkpt>
   <trkpt lat="52.216" lon="6.006898"><ele>7.5</ele></trkpt>
   <trkpt lat="52.218447" lon="6.014699"><ele>8</ele></trkpt>
   <trkpt lat="52.218547" lon="6.015017"><ele>7.75</ele></trkpt>
   <trkpt lat="52.218661" lon="6.015381"><ele>7.75</ele></trkpt>
   <trkpt lat="52.219119" lon="6.016838"><ele>7.5</ele></trkpt>
   <trkpt lat="52.21955" lon="6.018126"><ele>8</ele></trkpt>
   <trkpt lat="52.21978" lon="6.018772"><ele>7.75</ele></trkpt>
   <trkpt lat="52.220042" lon="6.019478"><ele>7.75</ele></trkpt>
   <trkpt lat="52.220891" lon="6.021691"><ele>7.5</ele></trkpt>
   <trkpt lat="52.220896" lon="6.021705"><ele>7.5</ele></trkpt>
   <trkpt lat="52.221039" lon="6.022079"><ele>7.25</ele></trkpt>
   <trkpt lat="52.22426" lon="6.030476"><ele>6.75</ele></trkpt>
   <trkpt lat="52.224685" lon="6.031587"><ele>6.5</ele></trkpt>
   <trkpt lat="52.226653" lon="6.036717"><ele>6</ele></trkpt>
   <trkpt lat="52.227437" lon="6.038762"><ele>5.75</ele></trkpt>
   <trkpt lat="52.227557" lon="6.039074"><ele>6</ele></trkpt>
   <trkpt lat="52.229371" lon="6.043806"><ele>6</ele></trkpt>
   <trkpt lat="52.229843" lon="6.045066"><ele>5.75</ele></trkpt>
   <trkpt lat="52.230011" lon="6.045539"><ele>5.75</ele></trkpt>
   <trkpt lat="52.230161" lon="6.045984"><ele>5</ele></trkpt>
   <trkpt lat="52.23039" lon="6.0467"><ele>5</ele></trkpt>
   <trkpt lat="52.230643" lon="6.047554"><ele>5.5</ele></trkpt>
   <trkpt lat="52.230823" lon="6.048222"><ele>5.75</ele></trkpt>
   <trkpt lat="52.230849" lon="6.048318"><ele>5.75</ele></trkpt>
   <trkpt lat="52.230865" lon="6.048378"><ele>6</ele></trkpt>
   <trkpt lat="52.23108" lon="6.049248"><ele>5.75</ele></trkpt>
   <trkpt lat="52.231214" lon="6.049836"><ele>5.5</ele></trkpt>
   <trkpt lat="52.231414" lon="6.050789"><ele>5.75</ele></trkpt>
   <trkpt lat="52.231615" lon="6.051861"><ele>5.75</ele></trkpt>
   <trkpt lat="52.231794" lon="6.052956"><ele>4.5</ele></trkpt>
   <trkpt lat="52.231894" lon="6.053654"><ele>5.75</ele></trkpt>
   <trkpt lat="52.232009" lon="6.054534"><ele>5</ele></trkpt>
   <trkpt lat="52.232746" lon="6.060496"><ele>5.5</ele></trkpt>
   <trkpt lat="52.232816" lon="6.061069"><ele>5.75</ele></trkpt>
   <trkpt lat="52.232933" lon="6.062012"><ele>5.25</ele></trkpt>
   <trkpt lat="52.233639" lon="6.067744"><ele>6</ele></trkpt>
   <trkpt lat="52.235211" lon="6.080521"><ele>5.5</ele></trkpt>
   <trkpt lat="52.235282" lon="6.081098"><ele>5.75</ele></trkpt>
   <trkpt lat="52.235525" lon="6.08307"><ele>5.75</ele></trkpt>
   <trkpt lat="52.236425" lon="6.090396"><ele>6</ele></trkpt>
   <trkpt lat="52.236818" lon="6.093598"><ele>6</ele></trkpt>
   <trkpt lat="52.236935" lon="6.094534"><ele>6</ele></trkpt>
   <trkpt lat="52.237012" lon="6.095096"><ele>6</ele></trkpt>
   <trkpt lat="52.2371" lon="6.095698"><ele>5.5</ele></trkpt>
   <trkpt lat="52.237153" lon="6.096021"><ele>5.75</ele></trkpt>
   <trkpt lat="52.237253" lon="6.096585"><ele>6</ele></trkpt>
   <trkpt lat="52.237378" lon="6.097216"><ele>5.25</ele></trkpt>
   <trkpt lat="52.237516" lon="6.097835"><ele>5.25</ele></trkpt>
   <trkpt lat="52.237592" lon="6.098144"><ele>6</ele></trkpt>
   <trkpt lat="52.23779" lon="6.098902"><ele>6</ele></trkpt>
   <trkpt lat="52.237853" lon="6.099124"><ele>6.5</ele></trkpt>
   <trkpt lat="52.238059" lon="6.099808"><ele>6.75</ele></trkpt>
   <trkpt lat="52.238154" lon="6.100112"><ele>6.5</ele></trkpt>
   <trkpt lat="52.238259" lon="6.100436"><ele>6.25</ele></trkpt>
   <trkpt lat="52.23834" lon="6.100684"><ele>6.25</ele></trkpt>
   <trkpt lat="52.238531" lon="6.101265"><ele>6</ele></trkpt>
   <trkpt lat="52.238535" lon="6.101278"><ele>6</ele></trkpt>
   <trkpt lat="52.238589" lon="6.101439"><ele>6</ele></trkpt>
   <trkpt lat="52.238609" lon="6.101501"><ele>6</ele></trkpt>
   <trkpt lat="52.239501" lon="6.104192"><ele>6</ele></trkpt>
   <trkpt lat="52.240097" lon="6.106026"><ele>5.75</ele></trkpt>
   <trkpt lat="52.241161" lon="6.109318"><ele>5.75</ele></trkpt>
   <trkpt lat="52.241373" lon="6.109996"><ele>5.75</ele></trkpt>
   <trkpt lat="52.241578" lon="6.110683"><ele>6</ele></trkpt>
   <trkpt lat="52.241753" lon="6.111311"><ele>6</ele></trkpt>
   <trkpt lat="52.241956" lon="6.112088"><ele>6</ele></trkpt>
   <trkpt lat="52.242101" lon="6.112684"><ele>6</ele></trkpt>
   <trkpt lat="52.242319" lon="6.113668"><ele>6</ele></trkpt>
   <trkpt lat="52.242528" lon="6.114725"><ele>6</ele></trkpt>
   <trkpt lat="52.242659" lon="6.115457"><ele>6</ele></trkpt>
   <trkpt lat="52.242781" lon="6.116215"><ele>5.75</ele></trkpt>
   <trkpt lat="52.243418" lon="6.120255"><ele>6</ele></trkpt>
   <trkpt lat="52.244102" lon="6.124607"><ele>4.75</ele></trkpt>
   <trkpt lat="52.244105" lon="6.124623"><ele>5</ele></trkpt>
   <trkpt lat="52.244151" lon="6.124919"><ele>5.75</ele></trkpt>
   <trkpt lat="52.244349" lon="6.126158"><ele>5</ele></trkpt>
   <trkpt lat="52.244483" lon="6.126937"><ele>5.75</ele></trkpt>
   <trkpt lat="52.244652" lon="6.127754"><ele>5</ele></trkpt>
   <trkpt lat="52.244742" lon="6.128138"><ele>5.75</ele></trkpt>
   <trkpt lat="52.244851" lon="6.128562"><ele>5</ele></trkpt>
   <trkpt lat="52.24497" lon="6.128988"><ele>6</ele></trkpt>
   <trkpt lat="52.245165" lon="6.12961"><ele>5.5</ele></trkpt>
   <trkpt lat="52.245334" lon="6.130094"><ele>6.5</ele></trkpt>
   <trkpt lat="52.245431" lon="6.130352"><ele>6</ele></trkpt>
   <trkpt lat="52.245622" lon="6.130824"><ele>7</ele></trkpt>
   <trkpt lat="52.245818" lon="6.131273"><ele>7</ele></trkpt>
   <trkpt lat="52.246035" lon="6.131732"><ele>5.75</ele></trkpt>
   <trkpt lat="52.246313" lon="6.132277"><ele>6.75</ele></trkpt>
   <trkpt lat="52.246597" lon="6.132787"><ele>7.25</ele></trkpt>
   <trkpt lat="52.246848" lon="6.133202"><ele>5.25</ele></trkpt>
   <trkpt lat="52.247168" lon="6.133702"><ele>8</ele></trkpt>
   <trkpt lat="52.247463" lon="6.134146"><ele>8.75</ele></trkpt>
   <trkpt lat="52.248271" lon="6.135329"><ele>8</ele></trkpt>
   <trkpt lat="52.249575" lon="6.137239"><ele>8.5</ele></trkpt>
   <trkpt lat="52.250116" lon="6.138034"><ele>9</ele></trkpt>
   <trkpt lat="52.251042" lon="6.139389"><ele>9</ele></trkpt>
   <trkpt lat="52.251542" lon="6.140107"><ele>8.75</ele></trkpt>
   <trkpt lat="52.252314" lon="6.141217"><ele>10.5</ele></trkpt>
   <trkpt lat="52.252857" lon="6.142011"><ele>9</ele></trkpt>
   <trkpt lat="52.256158" lon="6.146851"><ele>9.75</ele></trkpt>
   <trkpt lat="52.256297" lon="6.147055"><ele>11.75</ele></trkpt>
   <trkpt lat="52.257306" lon="6.148543"><ele>11.25</ele></trkpt>
   <trkpt lat="52.257601" lon="6.14903"><ele>10.75</ele></trkpt>
   <trkpt lat="52.257817" lon="6.149434"><ele>11.25</ele></trkpt>
   <trkpt lat="52.257904" lon="6.149604"><ele>9.5</ele></trkpt>
   <trkpt lat="52.258145" lon="6.150137"><ele>9.75</ele></trkpt>
   <trkpt lat="52.258282" lon="6.150475"><ele>9.75</ele></trkpt>
   <trkpt lat="52.258296" lon="6.150509"><ele>10</ele></trkpt>
   <trkpt lat="52.25841" lon="6.150816"><ele>9.75</ele></trkpt>
   <trkpt lat="52.258456" lon="6.150944"><ele>8.75</ele></trkpt>
   <trkpt lat="52.258458" lon="6.150948"><ele>8.75</ele></trkpt>
   <trkpt lat="52.258479" lon="6.151006"><ele>8.5</ele></trkpt>
   <trkpt lat="52.258546" lon="6.151196"><ele>9</ele></trkpt>
   <trkpt lat="52.25877" lon="6.151822"><ele>8.25</ele></trkpt>
   <trkpt lat="52.258883" lon="6.152142"><ele>10.25</ele></trkpt>
   <trkpt lat="52.258966" lon="6.1524"><ele>9.25</ele></trkpt>
   <trkpt lat="52.259072" lon="6.152788"><ele>8</ele></trkpt>
   <trkpt lat="52.259128" lon="6.153034"><ele>9.5</ele></trkpt>
   <trkpt lat="52.259184" lon="6.15334"><ele>10.5</ele></trkpt>
   <trkpt lat="52.259232" lon="6.153696"><ele>9.25</ele></trkpt>
   <trkpt lat="52.259261" lon="6.15405"><ele>8.25</ele></trkpt>
   <trkpt lat="52.25927" lon="6.154273"><ele>7</ele></trkpt>
   <trkpt lat="52.259273" lon="6.154485"><ele>6.25</ele></trkpt>
   <trkpt lat="52.259266" lon="6.154765"><ele>8</ele></trkpt>
   <trkpt lat="52.259254" lon="6.154971"><ele>8.75</ele></trkpt>
   <trkpt lat="52.259216" lon="6.155352"><ele>10</ele></trkpt>
   <trkpt lat="52.259162" lon="6.155702"><ele>9.75</ele></trkpt>
   <trkpt lat="52.259088" lon="6.156059"><ele>9.5</ele></trkpt>
   <trkpt lat="52.258981" lon="6.156438"><ele>10</ele></trkpt>
   <trkpt lat="52.258855" lon="6.156839"><ele>9.75</ele></trkpt>
   <trkpt lat="52.25879" lon="6.157043"><ele>9.75</ele></trkpt>
   <trkpt lat="52.25858" lon="6.157684"><ele>10.25</ele></trkpt>
   <trkpt lat="52.258579" lon="6.157687"><ele>10.25</ele></trkpt>
   <trkpt lat="52.258512" lon="6.157871"><ele>10.25</ele></trkpt>
   <trkpt lat="52.258263" lon="6.158488"><ele>10.25</ele></trkpt>
   <trkpt lat="52.258146" lon="6.158771"><ele>10</ele></trkpt>
   <trkpt lat="52.258131" lon="6.158808"><ele>10</ele></trkpt>
   <trkpt lat="52.25799" lon="6.159148"><ele>10.25</ele></trkpt>
   <trkpt lat="52.257853" lon="6.159479"><ele>10</ele></trkpt>
   <trkpt lat="52.257711" lon="6.159825"><ele>9.5</ele></trkpt>
   <trkpt lat="52.257514" lon="6.160303"><ele>9.75</ele></trkpt>
   <trkpt lat="52.257439" lon="6.160482"><ele>9.5</ele></trkpt>
   <trkpt lat="52.257242" lon="6.160957"><ele>9.75</ele></trkpt>
   <trkpt lat="52.257157" lon="6.161165"><ele>9.75</ele></trkpt>
   <trkpt lat="52.257119" lon="6.161257"><ele>9.75</ele></trkpt>
   <trkpt lat="52.257089" lon="6.16133"><ele>9.75</ele></trkpt>
   <trkpt lat="52.257017" lon="6.161505"><ele>10</ele></trkpt>
   <trkpt lat="52.256831" lon="6.161956"><ele>9.5</ele></trkpt>
   <trkpt lat="52.25681" lon="6.162007"><ele>9.5</ele></trkpt>
   <trkpt lat="52.256661" lon="6.162367"><ele>9.75</ele></trkpt>
   <trkpt lat="52.256656" lon="6.162378"><ele>9.75</ele></trkpt>
   <trkpt lat="52.25648" lon="6.162803"><ele>9.75</ele></trkpt>
   <trkpt lat="52.25626" lon="6.163342"><ele>9.75</ele></trkpt>
   <trkpt lat="52.256255" lon="6.163357"><ele>9.75</ele></trkpt>
   <trkpt lat="52.256221" lon="6.163449"><ele>9.5</ele></trkpt>
   <trkpt lat="52.2562" lon="6.163506"><ele>9.25</ele></trkpt>
   <trkpt lat="52.256164" lon="6.163612"><ele>8.75</ele></trkpt>
   <trkpt lat="52.256128" lon="6.163728"><ele>7.75</ele></trkpt>
   <trkpt lat="52.256052" lon="6.164014"><ele>7.75</ele></trkpt>
   <trkpt lat="52.25601" lon="6.164196"><ele>9.5</ele></trkpt>
   <trkpt lat="52.255962" lon="6.164446"><ele>9.5</ele></trkpt>
   <trkpt lat="52.255883" lon="6.164971"><ele>9.5</ele></trkpt>
   <trkpt lat="52.255836" lon="6.165341"><ele>9.75</ele></trkpt>
   <trkpt lat="52.255749" lon="6.166208"><ele>9.75</ele></trkpt>
   <trkpt lat="52.255741" lon="6.166509"><ele>9</ele></trkpt>
   <trkpt lat="52.255717" lon="6.166977"><ele>8.75</ele></trkpt>
   <trkpt lat="52.255678" lon="6.16746"><ele>9</ele></trkpt>
   <trkpt lat="52.255658" lon="6.167922"><ele>9.25</ele></trkpt>
   <trkpt lat="52.255658" lon="6.168313"><ele>9.25</ele></trkpt>
   <trkpt lat="52.255674" lon="6.16874"><ele>8.75</ele></trkpt>
   <trkpt lat="52.255716" lon="6.169235"><ele>8.25</ele></trkpt>
   <trkpt lat="52.25575" lon="6.169511"><ele>8.75</ele></trkpt>
   <trkpt lat="52.255791" lon="6.169784"><ele>9.25</ele></trkpt>
   <trkpt lat="52.255883" lon="6.170273"><ele>9.25</ele></trkpt>
   <trkpt lat="52.25601" lon="6.17084"><ele>8</ele></trkpt>
   <trkpt lat="52.25601" lon="6.170841"><ele>8</ele></trkpt>
   <trkpt lat="52.256023" lon="6.170896"><ele>8.25</ele></trkpt>
   <trkpt lat="52.257376" lon="6.176758"><ele>8.5</ele></trkpt>
   <trkpt lat="52.257507" lon="6.177354"><ele>9.75</ele></trkpt>
   <trkpt lat="52.257575" lon="6.177692"><ele>9</ele></trkpt>
   <trkpt lat="52.257653" lon="6.178156"><ele>8.5</ele></trkpt>
   <trkpt lat="52.257698" lon="6.178476"><ele>8.75</ele></trkpt>
   <trkpt lat="52.257745" lon="6.178881"><ele>9.75</ele></trkpt>
   <trkpt lat="52.257798" lon="6.179545"><ele>9.75</ele></trkpt>
   <trkpt lat="52.257831" lon="6.180303"><ele>8.75</ele></trkpt>
   <trkpt lat="52.257852" lon="6.180763"><ele>8.25</ele></trkpt>
   <trkpt lat="52.25787" lon="6.181241"><ele>9</ele></trkpt>
   <trkpt lat="52.257892" lon="6.181844"><ele>8.75</ele></trkpt>
   <trkpt lat="52.257898" lon="6.182164"><ele>8.5</ele></trkpt>
   <trkpt lat="52.257901" lon="6.182398"><ele>8.5</ele></trkpt>
   <trkpt lat="52.257901" lon="6.182445"><ele>8.5</ele></trkpt>
   <trkpt lat="52.257898" lon="6.1828"><ele>8.5</ele></trkpt>
   <trkpt lat="52.257888" lon="6.183136"><ele>8.75</ele></trkpt>
   <trkpt lat="52.257867" lon="6.18352"><ele>8.5</ele></trkpt>
   <trkpt lat="52.257837" lon="6.183905"><ele>8.25</ele></trkpt>
   <trkpt lat="52.257762" lon="6.184572"><ele>8.25</ele></trkpt>
   <trkpt lat="52.257673" lon="6.185159"><ele>7.5</ele></trkpt>
   <trkpt lat="52.257548" lon="6.185804"><ele>8.25</ele></trkpt>
   <trkpt lat="52.257519" lon="6.185941"><ele>8.25</ele></trkpt>
   <trkpt lat="52.257419" lon="6.186382"><ele>6.5</ele></trkpt>
   <trkpt lat="52.25731" lon="6.186825"><ele>6.5</ele></trkpt>
   <trkpt lat="52.25717" lon="6.187346"><ele>6.75</ele></trkpt>
   <trkpt lat="52.257031" lon="6.187827"><ele>7</ele></trkpt>
   <trkpt lat="52.256903" lon="6.188237"><ele>7</ele></trkpt>
   <trkpt lat="52.256692" lon="6.18885"><ele>7.75</ele></trkpt>
   <trkpt lat="52.25644" lon="6.189501"><ele>6.75</ele></trkpt>
   <trkpt lat="52.256233" lon="6.189988"><ele>6.5</ele></trkpt>
   <trkpt lat="52.256115" lon="6.190246"><ele>7.75</ele></trkpt>
   <trkpt lat="52.255943" lon="6.190606"><ele>6.25</ele></trkpt>
   <trkpt lat="52.255778" lon="6.19093"><ele>6.5</ele></trkpt>
   <trkpt lat="52.255606" lon="6.191247"><ele>6.5</ele></trkpt>
   <trkpt lat="52.255392" lon="6.191619"><ele>6</ele></trkpt>
   <trkpt lat="52.255076" lon="6.192122"><ele>6.75</ele></trkpt>
   <trkpt lat="52.254868" lon="6.192428"><ele>6.5</ele></trkpt>
   <trkpt lat="52.254638" lon="6.192745"><ele>7</ele></trkpt>
   <trkpt lat="52.254264" lon="6.193225"><ele>7</ele></trkpt>
   <trkpt lat="52.253243" lon="6.194487"><ele>8</ele></trkpt>
   <trkpt lat="52.253029" lon="6.194755"><ele>7</ele></trkpt>
   <trkpt lat="52.252957" lon="6.194839"><ele>7.25</ele></trkpt>
   <trkpt lat="52.252717" lon="6.195137"><ele>8.25</ele></trkpt>
   <trkpt lat="52.252533" lon="6.195365"><ele>7.75</ele></trkpt>
   <trkpt lat="52.252239" lon="6.19576"><ele>7.5</ele></trkpt>
   <trkpt lat="52.252071" lon="6.195999"><ele>7.5</ele></trkpt>
   <trkpt lat="52.251853" lon="6.196322"><ele>7.5</ele></trkpt>
   <trkpt lat="52.25175" lon="6.196487"><ele>7.75</ele></trkpt>
   <trkpt lat="52.251597" lon="6.196749"><ele>7.5</ele></trkpt>
   <trkpt lat="52.251426" lon="6.197076"><ele>8.25</ele></trkpt>
   <trkpt lat="52.251233" lon="6.1975"><ele>8</ele></trkpt>
   <trkpt lat="52.25111" lon="6.197806"><ele>8.5</ele></trkpt>
   <trkpt lat="52.25105" lon="6.197972"><ele>6.25</ele></trkpt>
   <trkpt lat="52.250879" lon="6.198498"><ele>5.75</ele></trkpt>
   <trkpt lat="52.250808" lon="6.198751"><ele>7.25</ele></trkpt>
   <trkpt lat="52.250711" lon="6.199142"><ele>7</ele></trkpt>
   <trkpt lat="52.250609" lon="6.199643"><ele>8.25</ele></trkpt>
   <trkpt lat="52.250567" lon="6.199885"><ele>8.25</ele></trkpt>
   <trkpt lat="52.250518" lon="6.200223"><ele>7.25</ele></trkpt>
   <trkpt lat="52.250461" lon="6.200742"><ele>7</ele></trkpt>
   <trkpt lat="52.250428" lon="6.201215"><ele>7.25</ele></trkpt>
   <trkpt lat="52.250404" lon="6.201745"><ele>7</ele></trkpt>
   <trkpt lat="52.250404" lon="6.201749"><ele>7</ele></trkpt>
   <trkpt lat="52.250399" lon="6.201871"><ele>7</ele></trkpt>
   <trkpt lat="52.250383" lon="6.202268"><ele>7.25</ele></trkpt>
   <trkpt lat="52.250332" lon="6.203496"><ele>7</ele></trkpt>
   <trkpt lat="52.25032" lon="6.203789"><ele>7.75</ele></trkpt>
   <trkpt lat="52.250226" lon="6.206085"><ele>8.75</ele></trkpt>
   <trkpt lat="52.250177" lon="6.207506"><ele>7.5</ele></trkpt>
   <trkpt lat="52.250167" lon="6.208157"><ele>7.25</ele></trkpt>
   <trkpt lat="52.250168" lon="6.208886"><ele>7.75</ele></trkpt>
   <trkpt lat="52.250173" lon="6.209327"><ele>7.75</ele></trkpt>
   <trkpt lat="52.250192" lon="6.210072"><ele>8</ele></trkpt>
   <trkpt lat="52.250294" lon="6.213277"><ele>7.75</ele></trkpt>
   <trkpt lat="52.250319" lon="6.214077"><ele>8</ele></trkpt>
   <trkpt lat="52.250332" lon="6.214486"><ele>7.75</ele></trkpt>
   <trkpt lat="52.250362" lon="6.215419"><ele>8.25</ele></trkpt>
   <trkpt lat="52.250369" lon="6.215633"><ele>8.25</ele></trkpt>
   <trkpt lat="52.250371" lon="6.215682"><ele>8.5</ele></trkpt>
   <trkpt lat="52.250377" lon="6.215875"><ele>8.5</ele></trkpt>
   <trkpt lat="52.250379" lon="6.21594"><ele>8.25</ele></trkpt>
   <trkpt lat="52.250382" lon="6.216034"><ele>8</ele></trkpt>
   <trkpt lat="52.250409" lon="6.216878"><ele>7.5</ele></trkpt>
   <trkpt lat="52.250455" lon="6.218325"><ele>7.75</ele></trkpt>
   <trkpt lat="52.250846" lon="6.230595"><ele>6.75</ele></trkpt>
   <trkpt lat="52.25089" lon="6.23197"><ele>6.75</ele></trkpt>
   <trkpt lat="52.250894" lon="6.232091"><ele>6.75</ele></trkpt>
   <trkpt lat="52.25104" lon="6.236659"><ele>7</ele></trkpt>
   <trkpt lat="52.251053" lon="6.23707"><ele>7</ele></trkpt>
   <trkpt lat="52.251064" lon="6.237392"><ele>7</ele></trkpt>
   <trkpt lat="52.251064" lon="6.237412"><ele>7</ele></trkpt>
   <trkpt lat="52.251258" lon="6.243477"><ele>6</ele></trkpt>
   <trkpt lat="52.251302" lon="6.245112"><ele>6</ele></trkpt>
   <trkpt lat="52.251313" lon="6.246492"><ele>6.75</ele></trkpt>
   <trkpt lat="52.251312" lon="6.249762"><ele>7</ele></trkpt>
   <trkpt lat="52.251312" lon="6.249813"><ele>7</ele></trkpt>
   <trkpt lat="52.251312" lon="6.251706"><ele>7</ele></trkpt>
   <trkpt lat="52.251318" lon="6.252282"><ele>7</ele></trkpt>
   <trkpt lat="52.251336" lon="6.253037"><ele>6.75</ele></trkpt>
   <trkpt lat="52.251391" lon="6.254684"><ele>8</ele></trkpt>
   <trkpt lat="52.251406" lon="6.255113"><ele>7.75</ele></trkpt>
   <trkpt lat="52.251416" lon="6.25542"><ele>7.75</ele></trkpt>
   <trkpt lat="52.251425" lon="6.255702"><ele>8</ele></trkpt>
   <trkpt lat="52.251433" lon="6.255942"><ele>8</ele></trkpt>
   <trkpt lat="52.2516" lon="6.260843"><ele>7</ele></trkpt>
   <trkpt lat="52.252104" lon="6.275671"><ele>9.25</ele></trkpt>
   <trkpt lat="52.252154" lon="6.277135"><ele>9</ele></trkpt>
   <trkpt lat="52.252176" lon="6.277805"><ele>9</ele></trkpt>
   <trkpt lat="52.252517" lon="6.28791"><ele>9.25</ele></trkpt>
   <trkpt lat="52.252596" lon="6.290317"><ele>8.5</ele></trkpt>
   <trkpt lat="52.252763" lon="6.295265"><ele>9.75</ele></trkpt>
   <trkpt lat="52.25286" lon="6.298102"><ele>9</ele></trkpt>
   <trkpt lat="52.252896" lon="6.298853"><ele>9</ele></trkpt>
   <trkpt lat="52.252928" lon="6.299333"><ele>9</ele></trkpt>
   <trkpt lat="52.252984" lon="6.299949"><ele>9.25</ele></trkpt>
   <trkpt lat="52.253038" lon="6.300409"><ele>9</ele></trkpt>
   <trkpt lat="52.253096" lon="6.300833"><ele>9</ele></trkpt>
   <trkpt lat="52.253201" lon="6.301474"><ele>9</ele></trkpt>
   <trkpt lat="52.253342" lon="6.302187"><ele>9.75</ele></trkpt>
   <trkpt lat="52.253461" lon="6.302733"><ele>9</ele></trkpt>
   <trkpt lat="52.254" lon="6.305049"><ele>9</ele></trkpt>
   <trkpt lat="52.254434" lon="6.306912"><ele>9.75</ele></trkpt>
   <trkpt lat="52.256373" lon="6.315236"><ele>9.75</ele></trkpt>
   <trkpt lat="52.257031" lon="6.318059"><ele>9.5</ele></trkpt>
   <trkpt lat="52.258142" lon="6.322826"><ele>9</ele></trkpt>
   <trkpt lat="52.258485" lon="6.32425"><ele>10</ele></trkpt>
   <trkpt lat="52.258661" lon="6.324913"><ele>10</ele></trkpt>
   <trkpt lat="52.258826" lon="6.325501"><ele>9</ele></trkpt>
   <trkpt lat="52.259002" lon="6.32609"><ele>9</ele></trkpt>
   <trkpt lat="52.259178" lon="6.326642"><ele>9.75</ele></trkpt>
   <trkpt lat="52.259349" lon="6.327153"><ele>9</ele></trkpt>
   <trkpt lat="52.259522" lon="6.327649"><ele>9.5</ele></trkpt>
   <trkpt lat="52.259791" lon="6.328374"><ele>10.5</ele></trkpt>
   <trkpt lat="52.260035" lon="6.328998"><ele>9.75</ele></trkpt>
   <trkpt lat="52.26102" lon="6.331415"><ele>10.75</ele></trkpt>
   <trkpt lat="52.266061" lon="6.343757"><ele>10.25</ele></trkpt>
   <trkpt lat="52.266393" lon="6.344569"><ele>10.75</ele></trkpt>
   <trkpt lat="52.266613" lon="6.345107"><ele>10.25</ele></trkpt>
   <trkpt lat="52.268881" lon="6.350658"><ele>10.75</ele></trkpt>
   <trkpt lat="52.271373" lon="6.356766"><ele>10.75</ele></trkpt>
   <trkpt lat="52.272935" lon="6.3606"><ele>10</ele></trkpt>
   <trkpt lat="52.273078" lon="6.360959"><ele>10.75</ele></trkpt>
   <trkpt lat="52.273373" lon="6.36176"><ele>10.5</ele></trkpt>
   <trkpt lat="52.273567" lon="6.362348"><ele>10.25</ele></trkpt>
   <trkpt lat="52.273774" lon="6.363057"><ele>10</ele></trkpt>
   <trkpt lat="52.273877" lon="6.363458"><ele>11.25</ele></trkpt>
   <trkpt lat="52.273974" lon="6.36387"><ele>10.5</ele></trkpt>
   <trkpt lat="52.274056" lon="6.364241"><ele>10</ele></trkpt>
   <trkpt lat="52.274165" lon="6.36479"><ele>10.75</ele></trkpt>
   <trkpt lat="52.274169" lon="6.364811"><ele>10.75</ele></trkpt>
   <trkpt lat="52.274318" lon="6.365625"><ele>10</ele></trkpt>
   <trkpt lat="52.275955" lon="6.374896"><ele>10</ele></trkpt>
   <trkpt lat="52.276524" lon="6.378125"><ele>10.25</ele></trkpt>
   <trkpt lat="52.278208" lon="6.387681"><ele>11</ele></trkpt>
   <trkpt lat="52.278212" lon="6.387701"><ele>11</ele></trkpt>
   <trkpt lat="52.278325" lon="6.388348"><ele>11.75</ele></trkpt>
   <trkpt lat="52.280467" lon="6.400525"><ele>11.25</ele></trkpt>
   <trkpt lat="52.280505" lon="6.400734"><ele>12.5</ele></trkpt>
   <trkpt lat="52.28115" lon="6.404408"><ele>15.5</ele></trkpt>
   <trkpt lat="52.281164" lon="6.404484"><ele>15</ele></trkpt>
   <trkpt lat="52.281198" lon="6.404673"><ele>13.75</ele></trkpt>
   <trkpt lat="52.281417" lon="6.405921"><ele>16.25</ele></trkpt>
   <trkpt lat="52.281548" lon="6.406664"><ele>13.5</ele></trkpt>
   <trkpt lat="52.281648" lon="6.407233"><ele>16.5</ele></trkpt>
   <trkpt lat="52.283209" lon="6.416096"><ele>16</ele></trkpt>
   <trkpt lat="52.283246" lon="6.41631"><ele>17</ele></trkpt>
   <trkpt lat="52.283301" lon="6.416623"><ele>19.25</ele></trkpt>
   <trkpt lat="52.283315" lon="6.416699"><ele>19.75</ele></trkpt>
   <trkpt lat="52.28367" lon="6.418724"><ele>20</ele></trkpt>
   <trkpt lat="52.283786" lon="6.419383"><ele>19</ele></trkpt>
   <trkpt lat="52.283878" lon="6.419911"><ele>20.5</ele></trkpt>
   <trkpt lat="52.284098" lon="6.421161"><ele>21</ele></trkpt>
   <trkpt lat="52.284124" lon="6.421311"><ele>21</ele></trkpt>
   <trkpt lat="52.284494" lon="6.423416"><ele>21</ele></trkpt>
   <trkpt lat="52.284554" lon="6.423759"><ele>21</ele></trkpt>
   <trkpt lat="52.284604" lon="6.424047"><ele>21</ele></trkpt>
   <trkpt lat="52.28645" lon="6.434561"><ele>18.25</ele></trkpt>
   <trkpt lat="52.286606" lon="6.435447"><ele>17.5</ele></trkpt>
   <trkpt lat="52.287294" lon="6.439367"><ele>19</ele></trkpt>
   <trkpt lat="52.288134" lon="6.444155"><ele>18</ele></trkpt>
   <trkpt lat="52.288197" lon="6.444509"><ele>18</ele></trkpt>
   <trkpt lat="52.288291" lon="6.445063"><ele>18</ele></trkpt>
   <trkpt lat="52.288915" lon="6.448607"><ele>18</ele></trkpt>
   <trkpt lat="52.289338" lon="6.451011"><ele>18.25</ele></trkpt>
   <trkpt lat="52.289495" lon="6.451863"><ele>18</ele></trkpt>
   <trkpt lat="52.289703" lon="6.452887"><ele>17.5</ele></trkpt>
   <trkpt lat="52.289826" lon="6.453429"><ele>18.5</ele></trkpt>
   <trkpt lat="52.289977" lon="6.454068"><ele>17.5</ele></trkpt>
   <trkpt lat="52.290195" lon="6.454909"><ele>17.5</ele></trkpt>
   <trkpt lat="52.290402" lon="6.455646"><ele>17.25</ele></trkpt>
   <trkpt lat="52.290513" lon="6.456019"><ele>16.5</ele></trkpt>
   <trkpt lat="52.290759" lon="6.4568"><ele>16.5</ele></trkpt>
   <trkpt lat="52.290855" lon="6.457087"><ele>16</ele></trkpt>
   <trkpt lat="52.291372" lon="6.458574"><ele>16</ele></trkpt>
   <trkpt lat="52.291414" lon="6.458708"><ele>15.5</ele></trkpt>
   <trkpt lat="52.294081" lon="6.466307"><ele>13</ele></trkpt>
   <trkpt lat="52.294208" lon="6.466669"><ele>13.75</ele></trkpt>
   <trkpt lat="52.294571" lon="6.467713"><ele>12</ele></trkpt>
   <trkpt lat="52.294748" lon="6.468217"><ele>12.75</ele></trkpt>
   <trkpt lat="52.294834" lon="6.468463"><ele>12.25</ele></trkpt>
   <trkpt lat="52.297676" lon="6.476581"><ele>11.25</ele></trkpt>
   <trkpt lat="52.298537" lon="6.479043"><ele>11.25</ele></trkpt>
   <trkpt lat="52.298972" lon="6.480283"><ele>11.75</ele></trkpt>
   <trkpt lat="52.302139" lon="6.489337"><ele>10.5</ele></trkpt>
   <trkpt lat="52.302331" lon="6.489885"><ele>10.75</ele></trkpt>
   <trkpt lat="52.303037" lon="6.491902"><ele>11.5</ele></trkpt>
   <trkpt lat="52.303939" lon="6.494477"><ele>12</ele></trkpt>
   <trkpt lat="52.3052" lon="6.498009"><ele>8.25</ele></trkpt>
   <trkpt lat="52.305289" lon="6.498258"><ele>9.5</ele></trkpt>
   <trkpt lat="52.305633" lon="6.499207"><ele>11.75</ele></trkpt>
   <trkpt lat="52.307995" lon="6.505792"><ele>11.75</ele></trkpt>
   <trkpt lat="52.30904" lon="6.508702"><ele>11.25</ele></trkpt>
   <trkpt lat="52.309046" lon="6.508718"><ele>11.25</ele></trkpt>
   <trkpt lat="52.30919" lon="6.509119"><ele>11</ele></trkpt>
   <trkpt lat="52.309508" lon="6.510014"><ele>11</ele></trkpt>
   <trkpt lat="52.309727" lon="6.510653"><ele>11</ele></trkpt>
   <trkpt lat="52.309909" lon="6.511238"><ele>11</ele></trkpt>
   <trkpt lat="52.310075" lon="6.511834"><ele>11</ele></trkpt>
   <trkpt lat="52.310229" lon="6.51246"><ele>8</ele></trkpt>
   <trkpt lat="52.310272" lon="6.512647"><ele>9</ele></trkpt>
   <trkpt lat="52.310386" lon="6.513191"><ele>10.5</ele></trkpt>
   <trkpt lat="52.310507" lon="6.513815"><ele>10.25</ele></trkpt>
   <trkpt lat="52.310507" lon="6.513816"><ele>10.25</ele></trkpt>
   <trkpt lat="52.310574" lon="6.514176"><ele>10.75</ele></trkpt>
   <trkpt lat="52.310806" lon="6.515407"><ele>10.5</ele></trkpt>
   <trkpt lat="52.310996" lon="6.516337"><ele>10</ele></trkpt>
   <trkpt lat="52.311137" lon="6.516943"><ele>11</ele></trkpt>
   <trkpt lat="52.311234" lon="6.517331"><ele>10.75</ele></trkpt>
   <trkpt lat="52.311353" lon="6.517771"><ele>10.75</ele></trkpt>
   <trkpt lat="52.311416" lon="6.517999"><ele>11</ele></trkpt>
   <trkpt lat="52.311635" lon="6.518709"><ele>10.5</ele></trkpt>
   <trkpt lat="52.311678" lon="6.518839"><ele>10</ele></trkpt>
   <trkpt lat="52.311796" lon="6.51919"><ele>10.75</ele></trkpt>
   <trkpt lat="52.311833" lon="6.519294"><ele>10.5</ele></trkpt>
   <trkpt lat="52.311852" lon="6.51935"><ele>10.5</ele></trkpt>
   <trkpt lat="52.312104" lon="6.520032"><ele>11</ele></trkpt>
   <trkpt lat="52.31237" lon="6.520679"><ele>10.25</ele></trkpt>
   <trkpt lat="52.312477" lon="6.520926"><ele>10.25</ele></trkpt>
   <trkpt lat="52.312657" lon="6.521319"><ele>10.25</ele></trkpt>
   <trkpt lat="52.312886" lon="6.521791"><ele>10.25</ele></trkpt>
   <trkpt lat="52.313039" lon="6.522088"><ele>10.5</ele></trkpt>
   <trkpt lat="52.313073" lon="6.522153"><ele>10.5</ele></trkpt>
   <trkpt lat="52.313149" lon="6.522302"><ele>10.5</ele></trkpt>
   <trkpt lat="52.313462" lon="6.52285"><ele>10.25</ele></trkpt>
   <trkpt lat="52.313899" lon="6.523573"><ele>10.75</ele></trkpt>
   <trkpt lat="52.31391" lon="6.523591"><ele>10.75</ele></trkpt>
   <trkpt lat="52.315015" lon="6.525343"><ele>10</ele></trkpt>
   <trkpt lat="52.316347" lon="6.527449"><ele>6.5</ele></trkpt>
   <trkpt lat="52.316584" lon="6.527823"><ele>9</ele></trkpt>
   <trkpt lat="52.316596" lon="6.527843"><ele>9.25</ele></trkpt>
   <trkpt lat="52.318144" lon="6.5303"><ele>9.5</ele></trkpt>
   <trkpt lat="52.318255" lon="6.530474"><ele>9.75</ele></trkpt>
   <trkpt lat="52.318519" lon="6.530892"><ele>9.25</ele></trkpt>
   <trkpt lat="52.318631" lon="6.531073"><ele>9.25</ele></trkpt>
   <trkpt lat="52.318834" lon="6.53139"><ele>9</ele></trkpt>
   <trkpt lat="52.319257" lon="6.532047"><ele>9</ele></trkpt>
   <trkpt lat="52.319488" lon="6.532388"><ele>9.25</ele></trkpt>
   <trkpt lat="52.319698" lon="6.532689"><ele>9.25</ele></trkpt>
   <trkpt lat="52.320068" lon="6.533195"><ele>9.75</ele></trkpt>
   <trkpt lat="52.320559" lon="6.533824"><ele>9.75</ele></trkpt>
   <trkpt lat="52.320862" lon="6.53419"><ele>9.75</ele></trkpt>
   <trkpt lat="52.321218" lon="6.534599"><ele>9.25</ele></trkpt>
   <trkpt lat="52.32494" lon="6.538706"><ele>9.75</ele></trkpt>
   <trkpt lat="52.327059" lon="6.541044"><ele>9.25</ele></trkpt>
   <trkpt lat="52.328691" lon="6.542843"><ele>10</ele></trkpt>
   <trkpt lat="52.332463" lon="6.547002"><ele>9.75</ele></trkpt>
   <trkpt lat="52.332868" lon="6.547423"><ele>10</ele></trkpt>
   <trkpt lat="52.334095" lon="6.548664"><ele>9.75</ele></trkpt>
   <trkpt lat="52.337568" lon="6.552186"><ele>9.75</ele></trkpt>
   <trkpt lat="52.337924" lon="6.552558"><ele>9.25</ele></trkpt>
   <trkpt lat="52.33814" lon="6.552792"><ele>9.75</ele></trkpt>
   <trkpt lat="52.338293" lon="6.552962"><ele>9.75</ele></trkpt>
   <trkpt lat="52.338576" lon="6.553287"><ele>9.5</ele></trkpt>
   <trkpt lat="52.343555" lon="6.559188"><ele>11</ele></trkpt>
   <trkpt lat="52.346337" lon="6.562489"><ele>10.75</ele></trkpt>
   <trkpt lat="52.34976" lon="6.566549"><ele>12</ele></trkpt>
   <trkpt lat="52.35005" lon="6.566894"><ele>12</ele></trkpt>
   <trkpt lat="52.352744" lon="6.57009"><ele>12</ele></trkpt>
   <trkpt lat="52.355238" lon="6.57305"><ele>13.75</ele></trkpt>
   <trkpt lat="52.357842" lon="6.576138"><ele>14.5</ele></trkpt>
   <trkpt lat="52.357945" lon="6.57626"><ele>14.75</ele></trkpt>
   <trkpt lat="52.357978" lon="6.576301"><ele>14.75</ele></trkpt>
   <trkpt lat="52.358137" lon="6.576492"><ele>14.5</ele></trkpt>
   <trkpt lat="52.358372" lon="6.576786"><ele>15</ele></trkpt>
   <trkpt lat="52.358586" lon="6.577069"><ele>15</ele></trkpt>
   <trkpt lat="52.358876" lon="6.577486"><ele>14</ele></trkpt>
   <trkpt lat="52.359063" lon="6.577781"><ele>14.75</ele></trkpt>
   <trkpt lat="52.359332" lon="6.578247"><ele>14.25</ele></trkpt>
   <trkpt lat="52.359606" lon="6.578781"><ele>14</ele></trkpt>
   <trkpt lat="52.35973" lon="6.579045"><ele>13.75</ele></trkpt>
   <trkpt lat="52.359954" lon="6.579562"><ele>13.5</ele></trkpt>
   <trkpt lat="52.360067" lon="6.579845"><ele>13</ele></trkpt>
   <trkpt lat="52.360119" lon="6.579983"><ele>13</ele></trkpt>
   <trkpt lat="52.360205" lon="6.580223"><ele>13</ele></trkpt>
   <trkpt lat="52.360311" lon="6.580529"><ele>12.75</ele></trkpt>
   <trkpt lat="52.360511" lon="6.581197"><ele>12</ele></trkpt>
   <trkpt lat="52.360642" lon="6.581696"><ele>11.5</ele></trkpt>
   <trkpt lat="52.360712" lon="6.581992"><ele>11</ele></trkpt>
   <trkpt lat="52.36086" lon="6.582712"><ele>11.75</ele></trkpt>
   <trkpt lat="52.360929" lon="6.583122"><ele>11</ele></trkpt>
   <trkpt lat="52.360992" lon="6.583556"><ele>11</ele></trkpt>
   <trkpt lat="52.361054" lon="6.584072"><ele>11.75</ele></trkpt>
   <trkpt lat="52.361096" lon="6.584527"><ele>11.75</ele></trkpt>
   <trkpt lat="52.361159" lon="6.585491"><ele>11</ele></trkpt>
   <trkpt lat="52.361204" lon="6.586363"><ele>11</ele></trkpt>
   <trkpt lat="52.361216" lon="6.586584"><ele>11</ele></trkpt>
   <trkpt lat="52.361229" lon="6.586987"><ele>11</ele></trkpt>
   <trkpt lat="52.361239" lon="6.587648"><ele>11</ele></trkpt>
   <trkpt lat="52.361253" lon="6.588039"><ele>11.75</ele></trkpt>
   <trkpt lat="52.361266" lon="6.588298"><ele>12</ele></trkpt>
   <trkpt lat="52.361289" lon="6.588744"><ele>12</ele></trkpt>
   <trkpt lat="52.361311" lon="6.589179"><ele>11.25</ele></trkpt>
   <trkpt lat="52.361352" lon="6.589991"><ele>11.75</ele></trkpt>
   <trkpt lat="52.361411" lon="6.591139"><ele>11.75</ele></trkpt>
   <trkpt lat="52.361463" lon="6.592164"><ele>12</ele></trkpt>
   <trkpt lat="52.361473" lon="6.592361"><ele>12</ele></trkpt>
   <trkpt lat="52.36148" lon="6.592484"><ele>11.75</ele></trkpt>
   <trkpt lat="52.361496" lon="6.592798"><ele>11.5</ele></trkpt>
   <trkpt lat="52.361596" lon="6.594775"><ele>11</ele></trkpt>
   <trkpt lat="52.361707" lon="6.596943"><ele>10</ele></trkpt>
   <trkpt lat="52.361741" lon="6.59762"><ele>9.5</ele></trkpt>
   <trkpt lat="52.361754" lon="6.597871"><ele>9.5</ele></trkpt>
   <trkpt lat="52.361755" lon="6.597885"><ele>9.5</ele></trkpt>
   <trkpt lat="52.361769" lon="6.598165"><ele>9.25</ele></trkpt>
   <trkpt lat="52.361824" lon="6.599191"><ele>9</ele></trkpt>
   <trkpt lat="52.361899" lon="6.600436"><ele>10.5</ele></trkpt>
   <trkpt lat="52.362502" lon="6.61001"><ele>13.75</ele></trkpt>
   <trkpt lat="52.362541" lon="6.610642"><ele>12</ele></trkpt>
   <trkpt lat="52.362635" lon="6.612124"><ele>10.25</ele></trkpt>
   <trkpt lat="52.362654" lon="6.612437"><ele>10.25</ele></trkpt>
   <trkpt lat="52.362852" lon="6.615581"><ele>11.75</ele></trkpt>
   <trkpt lat="52.362884" lon="6.616086"><ele>10</ele></trkpt>
   <trkpt lat="52.362984" lon="6.617666"><ele>13.5</ele></trkpt>
   <trkpt lat="52.363167" lon="6.620742"><ele>11.5</ele></trkpt>
   <trkpt lat="52.363262" lon="6.622253"><ele>14.5</ele></trkpt>
   <trkpt lat="52.363462" lon="6.625266"><ele>11.25</ele></trkpt>
   <trkpt lat="52.363535" lon="6.626428"><ele>12.5</ele></trkpt>
   <trkpt lat="52.363582" lon="6.627175"><ele>14.25</ele></trkpt>
   <trkpt lat="52.363787" lon="6.630445"><ele>11.75</ele></trkpt>
   <trkpt lat="52.363796" lon="6.630585"><ele>12.25</ele></trkpt>
   <trkpt lat="52.363882" lon="6.63196"><ele>13.75</ele></trkpt>
   <trkpt lat="52.363897" lon="6.632197"><ele>13.75</ele></trkpt>
   <trkpt lat="52.363985" lon="6.633592"><ele>11.25</ele></trkpt>
   <trkpt lat="52.364061" lon="6.634792"><ele>10.75</ele></trkpt>
   <trkpt lat="52.364122" lon="6.635855"><ele>12.5</ele></trkpt>
   <trkpt lat="52.36415" lon="6.636524"><ele>12.75</ele></trkpt>
   <trkpt lat="52.364161" lon="6.637222"><ele>12.75</ele></trkpt>
   <trkpt lat="52.364155" lon="6.637782"><ele>12.75</ele></trkpt>
   <trkpt lat="52.364129" lon="6.638499"><ele>12.25</ele></trkpt>
   <trkpt lat="52.364092" lon="6.639087"><ele>11.25</ele></trkpt>
   <trkpt lat="52.36406" lon="6.639468"><ele>11</ele></trkpt>
   <trkpt lat="52.364007" lon="6.639973"><ele>10.25</ele></trkpt>
   <trkpt lat="52.363938" lon="6.640516"><ele>10.75</ele></trkpt>
   <trkpt lat="52.363828" lon="6.641224"><ele>11.5</ele></trkpt>
   <trkpt lat="52.363696" lon="6.641925"><ele>10.75</ele></trkpt>
   <trkpt lat="52.363558" lon="6.64255"><ele>11.75</ele></trkpt>
   <trkpt lat="52.363422" lon="6.643089"><ele>11.25</ele></trkpt>
   <trkpt lat="52.36341" lon="6.643136"><ele>11.25</ele></trkpt>
   <trkpt lat="52.363326" lon="6.643439"><ele>11.25</ele></trkpt>
   <trkpt lat="52.363163" lon="6.643985"><ele>11.5</ele></trkpt>
   <trkpt lat="52.362936" lon="6.644667"><ele>11.5</ele></trkpt>
   <trkpt lat="52.362739" lon="6.645206"><ele>11.75</ele></trkpt>
   <trkpt lat="52.362507" lon="6.645815"><ele>11</ele></trkpt>
   <trkpt lat="52.362506" lon="6.645816"><ele>11</ele></trkpt>
   <trkpt lat="52.362455" lon="6.645954"><ele>11.25</ele></trkpt>
   <trkpt lat="52.362416" lon="6.646051"><ele>11.5</ele></trkpt>
   <trkpt lat="52.362364" lon="6.646188"><ele>11.5</ele></trkpt>
   <trkpt lat="52.361905" lon="6.647382"><ele>11.25</ele></trkpt>
   <trkpt lat="52.361714" lon="6.647844"><ele>11</ele></trkpt>
   <trkpt lat="52.361585" lon="6.648129"><ele>11.5</ele></trkpt>
   <trkpt lat="52.36143" lon="6.648447"><ele>11</ele></trkpt>
   <trkpt lat="52.36123" lon="6.648819"><ele>11.75</ele></trkpt>
   <trkpt lat="52.361042" lon="6.649133"><ele>11</ele></trkpt>
   <trkpt lat="52.360793" lon="6.649523"><ele>11</ele></trkpt>
   <trkpt lat="52.36054" lon="6.64991"><ele>11</ele></trkpt>
   <trkpt lat="52.359419" lon="6.651615"><ele>11.75</ele></trkpt>
   <trkpt lat="52.359328" lon="6.651753"><ele>11.5</ele></trkpt>
   <trkpt lat="52.359322" lon="6.651763"><ele>11.5</ele></trkpt>
   <trkpt lat="52.358775" lon="6.652597"><ele>11.5</ele></trkpt>
   <trkpt lat="52.358228" lon="6.653429"><ele>11.75</ele></trkpt>
   <trkpt lat="52.358214" lon="6.653451"><ele>11.75</ele></trkpt>
   <trkpt lat="52.358205" lon="6.653464"><ele>11.75</ele></trkpt>
   <trkpt lat="52.35813" lon="6.653578"><ele>11.75</ele></trkpt>
   <trkpt lat="52.357889" lon="6.653896"><ele>12</ele></trkpt>
   <trkpt lat="52.357674" lon="6.654274"><ele>11.75</ele></trkpt>
   <trkpt lat="52.357594" lon="6.654395"><ele>11.75</ele></trkpt>
   <trkpt lat="52.356901" lon="6.65545"><ele>11.5</ele></trkpt>
   <trkpt lat="52.356856" lon="6.655518"><ele>11.5</ele></trkpt>
   <trkpt lat="52.356597" lon="6.655912"><ele>11.5</ele></trkpt>
   <trkpt lat="52.356594" lon="6.655917"><ele>11.5</ele></trkpt>
   <trkpt lat="52.356417" lon="6.656172"><ele>11.25</ele></trkpt>
   <trkpt lat="52.356303" lon="6.656326"><ele>11.5</ele></trkpt>
   <trkpt lat="52.356102" lon="6.656575"><ele>11.5</ele></trkpt>
   <trkpt lat="52.355882" lon="6.656878"><ele>11</ele></trkpt>
   <trkpt lat="52.355667" lon="6.657179"><ele>11.25</ele></trkpt>
   <trkpt lat="52.355207" lon="6.657714"><ele>11.75</ele></trkpt>
   <trkpt lat="52.354914" lon="6.658013"><ele>11.25</ele></trkpt>
   <trkpt lat="52.354674" lon="6.658231"><ele>11.25</ele></trkpt>
   <trkpt lat="52.354376" lon="6.658463"><ele>8.5</ele></trkpt>
   <trkpt lat="52.354188" lon="6.658587"><ele>11.5</ele></trkpt>
   <trkpt lat="52.353986" lon="6.658702"><ele>12</ele></trkpt>
   <trkpt lat="52.353678" lon="6.658846"><ele>11.75</ele></trkpt>
   <trkpt lat="52.35331" lon="6.658967"><ele>11.25</ele></trkpt>
   <trkpt lat="52.353107" lon="6.659016"><ele>11</ele></trkpt>
   <trkpt lat="52.352881" lon="6.659062"><ele>11</ele></trkpt>
   <trkpt lat="52.352871" lon="6.659064"><ele>11</ele></trkpt>
   <trkpt lat="52.352694" lon="6.659097"><ele>11</ele></trkpt>
   <trkpt lat="52.352683" lon="6.659099"><ele>11</ele></trkpt>
   <trkpt lat="52.351005" lon="6.659407"><ele>10</ele></trkpt>
   <trkpt lat="52.350826" lon="6.65944"><ele>10</ele></trkpt>
   <trkpt lat="52.350757" lon="6.659452"><ele>10.25</ele></trkpt>
   <trkpt lat="52.350582" lon="6.659484"><ele>11</ele></trkpt>
   <trkpt lat="52.350422" lon="6.659514"><ele>9.5</ele></trkpt>
   <trkpt lat="52.349396" lon="6.659702"><ele>7.75</ele></trkpt>
   <trkpt lat="52.347221" lon="6.660103"><ele>10.5</ele></trkpt>
   <trkpt lat="52.346917" lon="6.660176"><ele>10.25</ele></trkpt>
   <trkpt lat="52.346605" lon="6.660283"><ele>8.75</ele></trkpt>
   <trkpt lat="52.34652" lon="6.660319"><ele>10.5</ele></trkpt>
   <trkpt lat="52.346471" lon="6.660341"><ele>11.25</ele></trkpt>
   <trkpt lat="52.346289" lon="6.66043"><ele>11.25</ele></trkpt>
   <trkpt lat="52.346054" lon="6.660564"><ele>7.5</ele></trkpt>
   <trkpt lat="52.345917" lon="6.660656"><ele>9.75</ele></trkpt>
   <trkpt lat="52.345636" lon="6.660872"><ele>10.25</ele></trkpt>
   <trkpt lat="52.345437" lon="6.661049"><ele>10.5</ele></trkpt>
   <trkpt lat="52.345258" lon="6.661228"><ele>10.25</ele></trkpt>
   <trkpt lat="52.345004" lon="6.661519"><ele>10.25</ele></trkpt>
   <trkpt lat="52.344835" lon="6.661735"><ele>11</ele></trkpt>
   <trkpt lat="52.344598" lon="6.662082"><ele>11</ele></trkpt>
   <trkpt lat="52.344389" lon="6.662429"><ele>11</ele></trkpt>
   <trkpt lat="52.344086" lon="6.662984"><ele>11</ele></trkpt>
   <trkpt lat="52.344066" lon="6.663022"><ele>11</ele></trkpt>
   <trkpt lat="52.344058" lon="6.663036"><ele>11</ele></trkpt>
   <trkpt lat="52.343243" lon="6.664556"><ele>11.25</ele></trkpt>
   <trkpt lat="52.343242" lon="6.664558"><ele>11.25</ele></trkpt>
   <trkpt lat="52.342967" lon="6.665071"><ele>11.5</ele></trkpt>
   <trkpt lat="52.342805" lon="6.665373"><ele>11.25</ele></trkpt>
   <trkpt lat="52.342643" lon="6.665674"><ele>11.5</ele></trkpt>
   <trkpt lat="52.342242" lon="6.666425"><ele>11.75</ele></trkpt>
   <trkpt lat="52.342078" lon="6.666732"><ele>12</ele></trkpt>
   <trkpt lat="52.342034" lon="6.666812"><ele>12</ele></trkpt>
   <trkpt lat="52.341991" lon="6.666892"><ele>12</ele></trkpt>
   <trkpt lat="52.340571" lon="6.669541"><ele>11.25</ele></trkpt>
   <trkpt lat="52.340479" lon="6.669711"><ele>10.5</ele></trkpt>
   <trkpt lat="52.340446" lon="6.669773"><ele>10.75</ele></trkpt>
   <trkpt lat="52.340344" lon="6.669964"><ele>11</ele></trkpt>
   <trkpt lat="52.340276" lon="6.670089"><ele>10.75</ele></trkpt>
   <trkpt lat="52.338456" lon="6.673487"><ele>11.5</ele></trkpt>
   <trkpt lat="52.338245" lon="6.673881"><ele>10.5</ele></trkpt>
   <trkpt lat="52.338093" lon="6.674163"><ele>11.5</ele></trkpt>
   <trkpt lat="52.33769" lon="6.674915"><ele>11.25</ele></trkpt>
   <trkpt lat="52.336156" lon="6.677779"><ele>11.75</ele></trkpt>
   <trkpt lat="52.331287" lon="6.68686"><ele>11</ele></trkpt>
   <trkpt lat="52.330549" lon="6.688236"><ele>12</ele></trkpt>
   <trkpt lat="52.330399" lon="6.688516"><ele>12.25</ele></trkpt>
   <trkpt lat="52.329529" lon="6.690138"><ele>11.75</ele></trkpt>
   <trkpt lat="52.329453" lon="6.69028"><ele>12.75</ele></trkpt>
   <trkpt lat="52.326901" lon="6.695044"><ele>13.5</ele></trkpt>
   <trkpt lat="52.326547" lon="6.695702"><ele>13</ele></trkpt>
   <trkpt lat="52.326047" lon="6.696694"><ele>13</ele></trkpt>
   <trkpt lat="52.321704" lon="6.70582"><ele>12.75</ele></trkpt>
   <trkpt lat="52.320368" lon="6.708628"><ele>11.5</ele></trkpt>
   <trkpt lat="52.317682" lon="6.714271"><ele>13</ele></trkpt>
   <trkpt lat="52.31693" lon="6.715847"><ele>12.75</ele></trkpt>
   <trkpt lat="52.316867" lon="6.71598"><ele>12.5</ele></trkpt>
   <trkpt lat="52.315656" lon="6.718525"><ele>12.75</ele></trkpt>
   <trkpt lat="52.314004" lon="6.721996"><ele>13.5</ele></trkpt>
   <trkpt lat="52.312574" lon="6.724996"><ele>14.75</ele></trkpt>
   <trkpt lat="52.311257" lon="6.727763"><ele>16</ele></trkpt>
   <trkpt lat="52.310451" lon="6.729453"><ele>16.5</ele></trkpt>
   <trkpt lat="52.309971" lon="6.730409"><ele>16.25</ele></trkpt>
   <trkpt lat="52.306636" lon="6.736567"><ele>16.75</ele></trkpt>
   <trkpt lat="52.305676" lon="6.738337"><ele>16</ele></trkpt>
   <trkpt lat="52.30428" lon="6.74091"><ele>16</ele></trkpt>
   <trkpt lat="52.302923" lon="6.743402"><ele>18</ele></trkpt>
   <trkpt lat="52.302652" lon="6.74387"><ele>18</ele></trkpt>
   <trkpt lat="52.302463" lon="6.744181"><ele>18</ele></trkpt>
   <trkpt lat="52.302086" lon="6.744753"><ele>18</ele></trkpt>
   <trkpt lat="52.301596" lon="6.745422"><ele>18</ele></trkpt>
   <trkpt lat="52.301193" lon="6.745914"><ele>18</ele></trkpt>
   <trkpt lat="52.300935" lon="6.746205"><ele>18</ele></trkpt>
   <trkpt lat="52.300649" lon="6.746507"><ele>18</ele></trkpt>
   <trkpt lat="52.300611" lon="6.746548"><ele>18</ele></trkpt>
   <trkpt lat="52.300549" lon="6.746611"><ele>18</ele></trkpt>
   <trkpt lat="52.300484" lon="6.746685"><ele>18</ele></trkpt>
   <trkpt lat="52.300461" lon="6.746706"><ele>18</ele></trkpt>
   <trkpt lat="52.300315" lon="6.74685"><ele>18</ele></trkpt>
   <trkpt lat="52.299686" lon="6.747478"><ele>18</ele></trkpt>
   <trkpt lat="52.29955" lon="6.747613"><ele>18</ele></trkpt>
   <trkpt lat="52.299321" lon="6.747841"><ele>18</ele></trkpt>
   <trkpt lat="52.299043" lon="6.748117"><ele>18</ele></trkpt>
   <trkpt lat="52.298863" lon="6.748296"><ele>18</ele></trkpt>
   <trkpt lat="52.298253" lon="6.748901"><ele>17.5</ele></trkpt>
   <trkpt lat="52.298125" lon="6.749029"><ele>17.5</ele></trkpt>
   <trkpt lat="52.297369" lon="6.749788"><ele>17.75</ele></trkpt>
   <trkpt lat="52.297309" lon="6.749849"><ele>17.5</ele></trkpt>
   <trkpt lat="52.297263" lon="6.749893"><ele>17.25</ele></trkpt>
   <trkpt lat="52.296572" lon="6.750585"><ele>16.5</ele></trkpt>
   <trkpt lat="52.294623" lon="6.752606"><ele>15.75</ele></trkpt>
   <trkpt lat="52.29308" lon="6.754145"><ele>15.75</ele></trkpt>
   <trkpt lat="52.290587" lon="6.756628"><ele>14.75</ele></trkpt>
   <trkpt lat="52.289703" lon="6.757508"><ele>14.75</ele></trkpt>
   <trkpt lat="52.287709" lon="6.759498"><ele>14.75</ele></trkpt>
   <trkpt lat="52.287546" lon="6.759659"><ele>14.75</ele></trkpt>
   <trkpt lat="52.285423" lon="6.761772"><ele>12</ele></trkpt>
   <trkpt lat="52.285221" lon="6.761973"><ele>10.75</ele></trkpt>
   <trkpt lat="52.284608" lon="6.762584"><ele>14.5</ele></trkpt>
   <trkpt lat="52.281432" lon="6.765746"><ele>14.75</ele></trkpt>
   <trkpt lat="52.280409" lon="6.766763"><ele>14.25</ele></trkpt>
   <trkpt lat="52.273829" lon="6.773313"><ele>15.75</ele></trkpt>
   <trkpt lat="52.273643" lon="6.773497"><ele>15.25</ele></trkpt>
   <trkpt lat="52.273555" lon="6.773585"><ele>15.25</ele></trkpt>
   <trkpt lat="52.272043" lon="6.775091"><ele>16.5</ele></trkpt>
   <trkpt lat="52.27202" lon="6.775113"><ele>16.5</ele></trkpt>
   <trkpt lat="52.271433" lon="6.775698"><ele>16.75</ele></trkpt>
   <trkpt lat="52.271278" lon="6.775852"><ele>17</ele></trkpt>
   <trkpt lat="52.271125" lon="6.776004"><ele>16.75</ele></trkpt>
   <trkpt lat="52.269257" lon="6.777863"><ele>16</ele></trkpt>
   <trkpt lat="52.269017" lon="6.778102"><ele>16.25</ele></trkpt>
   <trkpt lat="52.267865" lon="6.779245"><ele>17.75</ele></trkpt>
   <trkpt lat="52.267034" lon="6.78005"><ele>18.25</ele></trkpt>
   <trkpt lat="52.266185" lon="6.780887"><ele>17</ele></trkpt>
   <trkpt lat="52.265917" lon="6.781155"><ele>18.5</ele></trkpt>
   <trkpt lat="52.265075" lon="6.781993"><ele>18.5</ele></trkpt>
   <trkpt lat="52.265047" lon="6.78202"><ele>18.5</ele></trkpt>
   <trkpt lat="52.264751" lon="6.782318"><ele>18.5</ele></trkpt>
   <trkpt lat="52.264546" lon="6.782538"><ele>18.5</ele></trkpt>
   <trkpt lat="52.264282" lon="6.782863"><ele>18.25</ele></trkpt>
   <trkpt lat="52.264108" lon="6.783111"><ele>18.25</ele></trkpt>
   <trkpt lat="52.264056" lon="6.78319"><ele>18</ele></trkpt>
   <trkpt lat="52.263958" lon="6.783346"><ele>18.5</ele></trkpt>
   <trkpt lat="52.263795" lon="6.78363"><ele>18.5</ele></trkpt>
   <trkpt lat="52.263689" lon="6.783828"><ele>18.75</ele></trkpt>
   <trkpt lat="52.263501" lon="6.784216"><ele>17.5</ele></trkpt>
   <trkpt lat="52.263291" lon="6.78472"><ele>18.5</ele></trkpt>
   <trkpt lat="52.263163" lon="6.785085"><ele>18.25</ele></trkpt>
   <trkpt lat="52.26308" lon="6.785347"><ele>19.5</ele></trkpt>
   <trkpt lat="52.262932" lon="6.785894"><ele>18</ele></trkpt>
   <trkpt lat="52.262812" lon="6.786463"><ele>19.75</ele></trkpt>
   <trkpt lat="52.262773" lon="6.786673"><ele>20.75</ele></trkpt>
   <trkpt lat="52.262673" lon="6.787254"><ele>17.5</ele></trkpt>
   <trkpt lat="52.262649" lon="6.787396"><ele>17.25</ele></trkpt>
   <trkpt lat="52.26264" lon="6.787451"><ele>17.25</ele></trkpt>
   <trkpt lat="52.262602" lon="6.787677"><ele>18.75</ele></trkpt>
   <trkpt lat="52.262438" lon="6.788456"><ele>20.75</ele></trkpt>
   <trkpt lat="52.262405" lon="6.788661"><ele>20.25</ele></trkpt>
   <trkpt lat="52.262356" lon="6.788983"><ele>19.25</ele></trkpt>
   <trkpt lat="52.26224" lon="6.789882"><ele>20.5</ele></trkpt>
   <trkpt lat="52.262174" lon="6.79039"><ele>20.5</ele></trkpt>
   <trkpt lat="52.262144" lon="6.790622"><ele>20.75</ele></trkpt>
   <trkpt lat="52.262032" lon="6.791487"><ele>21.5</ele></trkpt>
   <trkpt lat="52.261736" lon="6.79377"><ele>22</ele></trkpt>
   <trkpt lat="52.261713" lon="6.793953"><ele>21.75</ele></trkpt>
   <trkpt lat="52.261695" lon="6.79412"><ele>21.75</ele></trkpt>
   <trkpt lat="52.261673" lon="6.794418"><ele>21.75</ele></trkpt>
   <trkpt lat="52.261633" lon="6.794882"><ele>21.75</ele></trkpt>
   <trkpt lat="52.261631" lon="6.794891"><ele>21.75</ele></trkpt>
   <trkpt lat="52.261623" lon="6.794957"><ele>21.75</ele></trkpt>
   <trkpt lat="52.261608" lon="6.795075"><ele>22</ele></trkpt>
   <trkpt lat="52.261575" lon="6.795327"><ele>22</ele></trkpt>
   <trkpt lat="52.26155" lon="6.79552"><ele>22</ele></trkpt>
   <trkpt lat="52.261485" lon="6.796026"><ele>22</ele></trkpt>
   <trkpt lat="52.26147" lon="6.796141"><ele>22</ele></trkpt>
   <trkpt lat="52.261408" lon="6.796625"><ele>21.75</ele></trkpt>
   <trkpt lat="52.261391" lon="6.796752"><ele>21.75</ele></trkpt>
   <trkpt lat="52.261391" lon="6.796755"><ele>21.75</ele></trkpt>
   <trkpt lat="52.261301" lon="6.797447"><ele>22</ele></trkpt>
   <trkpt lat="52.261287" lon="6.797686"><ele>22</ele></trkpt>
   <trkpt lat="52.261278" lon="6.798105"><ele>21.5</ele></trkpt>
   <trkpt lat="52.261281" lon="6.798338"><ele>22</ele></trkpt>
   <trkpt lat="52.261284" lon="6.798563"><ele>22</ele></trkpt>
   <trkpt lat="52.261286" lon="6.798763"><ele>22</ele></trkpt>
   <trkpt lat="52.261293" lon="6.799066"><ele>22</ele></trkpt>
   <trkpt lat="52.261326" lon="6.799491"><ele>22</ele></trkpt>
   <trkpt lat="52.261351" lon="6.799672"><ele>22</ele></trkpt>
   <trkpt lat="52.261392" lon="6.799907"><ele>21.75</ele></trkpt>
   <trkpt lat="52.261475" lon="6.800254"><ele>21.5</ele></trkpt>
   <trkpt lat="52.261579" lon="6.800571"><ele>21.5</ele></trkpt>
   <trkpt lat="52.261689" lon="6.800849"><ele>21.5</ele></trkpt>
   <trkpt lat="52.261917" lon="6.801342"><ele>21.25</ele></trkpt>
   <trkpt lat="52.262078" lon="6.801711"><ele>19</ele></trkpt>
   <trkpt lat="52.262083" lon="6.801725"><ele>19</ele></trkpt>
   <trkpt lat="52.262166" lon="6.801942"><ele>20.5</ele></trkpt>
   <trkpt lat="52.262264" lon="6.802199"><ele>20.5</ele></trkpt>
   <trkpt lat="52.262584" lon="6.803036"><ele>19.5</ele></trkpt>
   <trkpt lat="52.262588" lon="6.803045"><ele>19.5</ele></trkpt>
   <trkpt lat="52.262591" lon="6.803055"><ele>19.5</ele></trkpt>
   <trkpt lat="52.262967" lon="6.804037"><ele>19.25</ele></trkpt>
   <trkpt lat="52.263566" lon="6.805599"><ele>20.5</ele></trkpt>
   <trkpt lat="52.264152" lon="6.807133"><ele>19.25</ele></trkpt>
   <trkpt lat="52.264191" lon="6.807237"><ele>19</ele></trkpt>
   <trkpt lat="52.265344" lon="6.810246"><ele>19.25</ele></trkpt>
   <trkpt lat="52.265553" lon="6.810791"><ele>20.25</ele></trkpt>
   <trkpt lat="52.266552" lon="6.813401"><ele>20</ele></trkpt>
   <trkpt lat="52.267629" lon="6.816211"><ele>20</ele></trkpt>
   <trkpt lat="52.2677" lon="6.816395"><ele>20.5</ele></trkpt>
   <trkpt lat="52.268929" lon="6.819611"><ele>21.75</ele></trkpt>
   <trkpt lat="52.268965" lon="6.819701"><ele>21.5</ele></trkpt>
   <trkpt lat="52.268999" lon="6.819791"><ele>21.5</ele></trkpt>
   <trkpt lat="52.269081" lon="6.820007"><ele>21.25</ele></trkpt>
   <trkpt lat="52.269133" lon="6.820142"><ele>21.5</ele></trkpt>
   <trkpt lat="52.269281" lon="6.820526"><ele>21.75</ele></trkpt>
   <trkpt lat="52.269354" lon="6.820717"><ele>22</ele></trkpt>
   <trkpt lat="52.269609" lon="6.821385"><ele>21.5</ele></trkpt>
   <trkpt lat="52.269614" lon="6.821398"><ele>21.5</ele></trkpt>
   <trkpt lat="52.26963" lon="6.821439"><ele>21.5</ele></trkpt>
   <trkpt lat="52.272262" lon="6.828318"><ele>22</ele></trkpt>
   <trkpt lat="52.272604" lon="6.829285"><ele>22</ele></trkpt>
   <trkpt lat="52.273158" lon="6.830995"><ele>22</ele></trkpt>
   <trkpt lat="52.273236" lon="6.83124"><ele>22.5</ele></trkpt>
   <trkpt lat="52.275537" lon="6.838418"><ele>24</ele></trkpt>
   <trkpt lat="52.275683" lon="6.838874"><ele>25</ele></trkpt>
   <trkpt lat="52.276489" lon="6.841393"><ele>23.75</ele></trkpt>
   <trkpt lat="52.277564" lon="6.844754"><ele>23.75</ele></trkpt>
   <trkpt lat="52.281339" lon="6.856542"><ele>25.25</ele></trkpt>
   <trkpt lat="52.281516" lon="6.857093"><ele>25</ele></trkpt>
   <trkpt lat="52.281765" lon="6.857872"><ele>25.25</ele></trkpt>
   <trkpt lat="52.28327" lon="6.862576"><ele>26.75</ele></trkpt>
   <trkpt lat="52.283605" lon="6.863576"><ele>26.75</ele></trkpt>
   <trkpt lat="52.284241" lon="6.865291"><ele>26.5</ele></trkpt>
   <trkpt lat="52.286739" lon="6.871947"><ele>27.25</ele></trkpt>
   <trkpt lat="52.286746" lon="6.871965"><ele>27.25</ele></trkpt>
   <trkpt lat="52.286826" lon="6.87218"><ele>27.75</ele></trkpt>
   <trkpt lat="52.28689" lon="6.872348"><ele>28.25</ele></trkpt>
   <trkpt lat="52.288073" lon="6.875495"><ele>29</ele></trkpt>
   <trkpt lat="52.293115" lon="6.888923"><ele>31.5</ele></trkpt>
   <trkpt lat="52.294411" lon="6.892376"><ele>33.25</ele></trkpt>
   <trkpt lat="52.294417" lon="6.892394"><ele>33</ele></trkpt>
   <trkpt lat="52.295031" lon="6.89403"><ele>32.25</ele></trkpt>
   <trkpt lat="52.299151" lon="6.90501"><ele>33.75</ele></trkpt>
   <trkpt lat="52.299243" lon="6.905255"><ele>32.5</ele></trkpt>
   <trkpt lat="52.299742" lon="6.906585"><ele>35</ele></trkpt>
   <trkpt lat="52.300261" lon="6.907982"><ele>35.75</ele></trkpt>
   <trkpt lat="52.300465" lon="6.908563"><ele>35.5</ele></trkpt>
   <trkpt lat="52.300753" lon="6.909446"><ele>36</ele></trkpt>
   <trkpt lat="52.300964" lon="6.910142"><ele>35</ele></trkpt>
   <trkpt lat="52.301166" lon="6.910854"><ele>35.75</ele></trkpt>
   <trkpt lat="52.30173" lon="6.912999"><ele>36.5</ele></trkpt>
   <trkpt lat="52.301788" lon="6.913222"><ele>35.5</ele></trkpt>
   <trkpt lat="52.301942" lon="6.913815"><ele>38.75</ele></trkpt>
   <trkpt lat="52.30229" lon="6.915154"><ele>36.75</ele></trkpt>
   <trkpt lat="52.302349" lon="6.915379"><ele>35.75</ele></trkpt>
   <trkpt lat="52.302887" lon="6.917446"><ele>36.5</ele></trkpt>
   <trkpt lat="52.303921" lon="6.92142"><ele>40</ele></trkpt>
   <trkpt lat="52.304081" lon="6.922033"><ele>39.5</ele></trkpt>
   <trkpt lat="52.30532" lon="6.926797"><ele>43.25</ele></trkpt>
   <trkpt lat="52.305435" lon="6.927247"><ele>42.5</ele></trkpt>
   <trkpt lat="52.305524" lon="6.927606"><ele>43.75</ele></trkpt>
   <trkpt lat="52.305554" lon="6.927739"><ele>43.75</ele></trkpt>
   <trkpt lat="52.30557" lon="6.927805"><ele>43.75</ele></trkpt>
   <trkpt lat="52.305627" lon="6.928068"><ele>43.5</ele></trkpt>
   <trkpt lat="52.305721" lon="6.928561"><ele>43.75</ele></trkpt>
   <trkpt lat="52.305808" lon="6.929124"><ele>44.5</ele></trkpt>
   <trkpt lat="52.30589" lon="6.929789"><ele>44.25</ele></trkpt>
   <trkpt lat="52.305945" lon="6.930372"><ele>44.5</ele></trkpt>
   <trkpt lat="52.305986" lon="6.930821"><ele>44.75</ele></trkpt>
   <trkpt lat="52.305988" lon="6.930836"><ele>44.75</ele></trkpt>
   <trkpt lat="52.306014" lon="6.931118"><ele>45</ele></trkpt>
   <trkpt lat="52.306093" lon="6.932005"><ele>45.75</ele></trkpt>
   <trkpt lat="52.306106" lon="6.93216"><ele>45.75</ele></trkpt>
   <trkpt lat="52.306135" lon="6.932504"><ele>46</ele></trkpt>
   <trkpt lat="52.306166" lon="6.932866"><ele>46</ele></trkpt>
   <trkpt lat="52.306245" lon="6.933811"><ele>46.25</ele></trkpt>
   <trkpt lat="52.306341" lon="6.934962"><ele>46</ele></trkpt>
   <trkpt lat="52.306348" lon="6.935039"><ele>46</ele></trkpt>
   <trkpt lat="52.306572" lon="6.937581"><ele>46</ele></trkpt>
   <trkpt lat="52.306939" lon="6.941964"><ele>46.75</ele></trkpt>
   <trkpt lat="52.306985" lon="6.942718"><ele>46.75</ele></trkpt>
   <trkpt lat="52.307002" lon="6.943338"><ele>46.75</ele></trkpt>
   <trkpt lat="52.307008" lon="6.943697"><ele>46.75</ele></trkpt>
   <trkpt lat="52.307026" lon="6.944794"><ele>46.25</ele></trkpt>
   <trkpt lat="52.307032" lon="6.945175"><ele>45.75</ele></trkpt>
   <trkpt lat="52.307043" lon="6.945905"><ele>46</ele></trkpt>
   <trkpt lat="52.30705" lon="6.946903"><ele>46.75</ele></trkpt>
   <trkpt lat="52.307037" lon="6.947482"><ele>47</ele></trkpt>
   <trkpt lat="52.307004" lon="6.948122"><ele>47.75</ele></trkpt>
   <trkpt lat="52.30689" lon="6.94949"><ele>49</ele></trkpt>
   <trkpt lat="52.306802" lon="6.950391"><ele>49.5</ele></trkpt>
   <trkpt lat="52.306644" lon="6.951825"><ele>50.5</ele></trkpt>
   <trkpt lat="52.305614" lon="6.960931"><ele>54.25</ele></trkpt>
   <trkpt lat="52.305572" lon="6.961341"><ele>53</ele></trkpt>
   <trkpt lat="52.305566" lon="6.961395"><ele>53</ele></trkpt>
   <trkpt lat="52.305501" lon="6.962096"><ele>54</ele></trkpt>
   <trkpt lat="52.305472" lon="6.962476"><ele>54.5</ele></trkpt>
   <trkpt lat="52.30543" lon="6.963032"><ele>55.25</ele></trkpt>
   <trkpt lat="52.305384" lon="6.963842"><ele>52.75</ele></trkpt>
   <trkpt lat="52.30535" lon="6.964759"><ele>51</ele></trkpt>
   <trkpt lat="52.305335" lon="6.965571"><ele>50</ele></trkpt>
   <trkpt lat="52.305334" lon="6.9656"><ele>50</ele></trkpt>
   <trkpt lat="52.305333" lon="6.965749"><ele>50.5</ele></trkpt>
   <trkpt lat="52.305322" lon="6.968948"><ele>48.75</ele></trkpt>
   <trkpt lat="52.30533" lon="6.970515"><ele>47.5</ele></trkpt>
   <trkpt lat="52.305346" lon="6.971206"><ele>47</ele></trkpt>
   <trkpt lat="52.305379" lon="6.97203"><ele>46</ele></trkpt>
   <trkpt lat="52.305404" lon="6.972513"><ele>45.75</ele></trkpt>
   <trkpt lat="52.305467" lon="6.973411"><ele>46.5</ele></trkpt>
   <trkpt lat="52.305556" lon="6.97442"><ele>48</ele></trkpt>
   <trkpt lat="52.305634" lon="6.97514"><ele>47</ele></trkpt>
   <trkpt lat="52.305741" lon="6.976013"><ele>46.5</ele></trkpt>
   <trkpt lat="52.306067" lon="6.978527"><ele>46</ele></trkpt>
   <trkpt lat="52.306335" lon="6.980603"><ele>43.25</ele></trkpt>
   <trkpt lat="52.306703" lon="6.983465"><ele>41.75</ele></trkpt>
   <trkpt lat="52.306871" lon="6.984791"><ele>42.25</ele></trkpt>
   <trkpt lat="52.306928" lon="6.985289"><ele>43.5</ele></trkpt>
   <trkpt lat="52.306975" lon="6.985725"><ele>42.5</ele></trkpt>
   <trkpt lat="52.307052" lon="6.986578"><ele>39.75</ele></trkpt>
   <trkpt lat="52.307114" lon="6.987473"><ele>40</ele></trkpt>
   <trkpt lat="52.307153" lon="6.988166"><ele>41.25</ele></trkpt>
   <trkpt lat="52.307191" lon="6.989025"><ele>42.5</ele></trkpt>
   <trkpt lat="52.307266" lon="6.991021"><ele>42</ele></trkpt>
   <trkpt lat="52.307277" lon="6.991335"><ele>42</ele></trkpt>
   <trkpt lat="52.307662" lon="7.001864"><ele>38</ele></trkpt>
   <trkpt lat="52.308158" lon="7.015415"><ele>30.75</ele></trkpt>
   <trkpt lat="52.308168" lon="7.015664"><ele>30</ele></trkpt>
   <trkpt lat="52.308172" lon="7.015789"><ele>29.5</ele></trkpt>
   <trkpt lat="52.308286" lon="7.01893"><ele>31.25</ele></trkpt>
   <trkpt lat="52.30829" lon="7.019032"><ele>31.5</ele></trkpt>
   <trkpt lat="52.308419" lon="7.022594"><ele>30</ele></trkpt>
   <trkpt lat="52.308423" lon="7.022708"><ele>29.75</ele></trkpt>
   <trkpt lat="52.308482" lon="7.024335"><ele>29.25</ele></trkpt>
   <trkpt lat="52.308508" lon="7.025042"><ele>29.5</ele></trkpt>
   <trkpt lat="52.308707" lon="7.030487"><ele>32</ele></trkpt>
   <trkpt lat="52.308719" lon="7.030786"><ele>32.25</ele></trkpt>
   <trkpt lat="52.308721" lon="7.030855"><ele>32.25</ele></trkpt>
   <trkpt lat="52.308724" lon="7.030939"><ele>32.25</ele></trkpt>
   <trkpt lat="52.308727" lon="7.031018"><ele>32.25</ele></trkpt>
   <trkpt lat="52.308761" lon="7.031957"><ele>31.5</ele></trkpt>
   <trkpt lat="52.308792" lon="7.03282"><ele>31.5</ele></trkpt>
   <trkpt lat="52.308819" lon="7.033551"><ele>31.5</ele></trkpt>
   <trkpt lat="52.309057" lon="7.040069"><ele>32</ele></trkpt>
   <trkpt lat="52.309354" lon="7.048253"><ele>32</ele></trkpt>
   <trkpt lat="52.309426" lon="7.050238"><ele>31</ele></trkpt>
   <trkpt lat="52.309428" lon="7.050308"><ele>31</ele></trkpt>
   <trkpt lat="52.309598" lon="7.054997"><ele>31</ele></trkpt>
   <trkpt lat="52.309831" lon="7.061394"><ele>31</ele></trkpt>
   <trkpt lat="52.309905" lon="7.063435"><ele>31</ele></trkpt>
   <trkpt lat="52.310273" lon="7.073623"><ele>32</ele></trkpt>
   <trkpt lat="52.310322" lon="7.075147"><ele>32</ele></trkpt>
   <trkpt lat="52.310338" lon="7.075916"><ele>32</ele></trkpt>
   <trkpt lat="52.310357" lon="7.077415"><ele>32</ele></trkpt>
   <trkpt lat="52.310348" lon="7.079353"><ele>32</ele></trkpt>
   <trkpt lat="52.310344" lon="7.079634"><ele>32</ele></trkpt>
   <trkpt lat="52.310338" lon="7.079955"><ele>32</ele></trkpt>
   <trkpt lat="52.310309" lon="7.081175"><ele>32.75</ele></trkpt>
   <trkpt lat="52.31028" lon="7.082006"><ele>32.75</ele></trkpt>
   <trkpt lat="52.310223" lon="7.083308"><ele>32</ele></trkpt>
   <trkpt lat="52.310166" lon="7.084423"><ele>32.75</ele></trkpt>
   <trkpt lat="52.310073" lon="7.085837"><ele>34</ele></trkpt>
   <trkpt lat="52.309978" lon="7.087036"><ele>35.75</ele></trkpt>
   <trkpt lat="52.309664" lon="7.090537"><ele>40</ele></trkpt>
   <trkpt lat="52.309633" lon="7.090876"><ele>40</ele></trkpt>
   <trkpt lat="52.3096" lon="7.091251"><ele>40</ele></trkpt>
   <trkpt lat="52.309401" lon="7.093452"><ele>40</ele></trkpt>
   <trkpt lat="52.309023" lon="7.097643"><ele>38.5</ele></trkpt>
   <trkpt lat="52.308832" lon="7.09975"><ele>38</ele></trkpt>
   <trkpt lat="52.308831" lon="7.099756"><ele>38</ele></trkpt>
   <trkpt lat="52.30882" lon="7.099877"><ele>38</ele></trkpt>
   <trkpt lat="52.308812" lon="7.099973"><ele>38</ele></trkpt>
   <trkpt lat="52.308801" lon="7.100097"><ele>38</ele></trkpt>
   <trkpt lat="52.3088" lon="7.100104"><ele>37.75</ele></trkpt>
   <trkpt lat="52.308001" lon="7.108968"><ele>43</ele></trkpt>
   <trkpt lat="52.307934" lon="7.109708"><ele>43</ele></trkpt>
   <trkpt lat="52.30781" lon="7.111067"><ele>43.75</ele></trkpt>
   <trkpt lat="52.307776" lon="7.111438"><ele>44</ele></trkpt>
   <trkpt lat="52.307745" lon="7.11179"><ele>44</ele></trkpt>
   <trkpt lat="52.307117" lon="7.118727"><ele>44.5</ele></trkpt>
   <trkpt lat="52.307106" lon="7.118853"><ele>44.25</ele></trkpt>
   <trkpt lat="52.307065" lon="7.119292"><ele>44.5</ele></trkpt>
   <trkpt lat="52.307058" lon="7.11938"><ele>44.5</ele></trkpt>
   <trkpt lat="52.307057" lon="7.119392"><ele>44.5</ele></trkpt>
   <trkpt lat="52.306951" lon="7.120666"><ele>44</ele></trkpt>
   <trkpt lat="52.306912" lon="7.121276"><ele>44</ele></trkpt>
   <trkpt lat="52.306887" lon="7.121919"><ele>43.25</ele></trkpt>
   <trkpt lat="52.306877" lon="7.122388"><ele>43</ele></trkpt>
   <trkpt lat="52.306867" lon="7.123745"><ele>42.5</ele></trkpt>
   <trkpt lat="52.306867" lon="7.123767"><ele>42.5</ele></trkpt>
   <trkpt lat="52.306867" lon="7.123839"><ele>42.25</ele></trkpt>
   <trkpt lat="52.306863" lon="7.125041"><ele>42.25</ele></trkpt>
   <trkpt lat="52.306866" lon="7.125947"><ele>43</ele></trkpt>
   <trkpt lat="52.306887" lon="7.127044"><ele>43</ele></trkpt>
   <trkpt lat="52.306947" lon="7.128737"><ele>43.75</ele></trkpt>
   <trkpt lat="52.30695" lon="7.128834"><ele>43.75</ele></trkpt>
   <trkpt lat="52.307199" lon="7.135614"><ele>47</ele></trkpt>
   <trkpt lat="52.307236" lon="7.136507"><ele>48</ele></trkpt>
   <trkpt lat="52.307243" lon="7.13666"><ele>48</ele></trkpt>
   <trkpt lat="52.307292" lon="7.13753"><ele>48.25</ele></trkpt>
   <trkpt lat="52.307366" lon="7.138568"><ele>49</ele></trkpt>
   <trkpt lat="52.307431" lon="7.139289"><ele>49.75</ele></trkpt>
   <trkpt lat="52.307506" lon="7.14002"><ele>50</ele></trkpt>
   <trkpt lat="52.307649" lon="7.141234"><ele>51</ele></trkpt>
   <trkpt lat="52.307693" lon="7.141557"><ele>51.25</ele></trkpt>
   <trkpt lat="52.307701" lon="7.141618"><ele>51.5</ele></trkpt>
   <trkpt lat="52.307949" lon="7.143528"><ele>52.75</ele></trkpt>
   <trkpt lat="52.30811" lon="7.14481"><ele>53</ele></trkpt>
   <trkpt lat="52.308237" lon="7.145816"><ele>53</ele></trkpt>
   <trkpt lat="52.308245" lon="7.145884"><ele>53</ele></trkpt>
   <trkpt lat="52.308389" lon="7.146988"><ele>53</ele></trkpt>
   <trkpt lat="52.308644" lon="7.148947"><ele>53</ele></trkpt>
   <trkpt lat="52.309101" lon="7.152486"><ele>52</ele></trkpt>
   <trkpt lat="52.309215" lon="7.153352"><ele>52.75</ele></trkpt>
   <trkpt lat="52.309226" lon="7.153437"><ele>52.75</ele></trkpt>
   <trkpt lat="52.309393" lon="7.15471"><ele>53</ele></trkpt>
   <trkpt lat="52.309581" lon="7.156186"><ele>52.5</ele></trkpt>
   <trkpt lat="52.309846" lon="7.158205"><ele>53</ele></trkpt>
   <trkpt lat="52.309853" lon="7.158264"><ele>53</ele></trkpt>
   <trkpt lat="52.309947" lon="7.158988"><ele>53</ele></trkpt>
   <trkpt lat="52.309971" lon="7.159173"><ele>53</ele></trkpt>
   <trkpt lat="52.309993" lon="7.159344"><ele>53</ele></trkpt>
   <trkpt lat="52.310026" lon="7.159617"><ele>53</ele></trkpt>
   <trkpt lat="52.310151" lon="7.160557"><ele>53.25</ele></trkpt>
   <trkpt lat="52.310211" lon="7.161017"><ele>53</ele></trkpt>
   <trkpt lat="52.310362" lon="7.162186"><ele>52</ele></trkpt>
   <trkpt lat="52.31038" lon="7.162331"><ele>52</ele></trkpt>
   <trkpt lat="52.310456" lon="7.162914"><ele>51.5</ele></trkpt>
   <trkpt lat="52.310593" lon="7.163979"><ele>50.75</ele></trkpt>
   <trkpt lat="52.310606" lon="7.164075"><ele>50.75</ele></trkpt>
   <trkpt lat="52.310678" lon="7.164636"><ele>50</ele></trkpt>
   <trkpt lat="52.310722" lon="7.164973"><ele>49.25</ele></trkpt>
   <trkpt lat="52.311197" lon="7.168617"><ele>48</ele></trkpt>
   <trkpt lat="52.311359" lon="7.169894"><ele>48</ele></trkpt>
   <trkpt lat="52.311413" lon="7.170363"><ele>48</ele></trkpt>
   <trkpt lat="52.311467" lon="7.170881"><ele>47.75</ele></trkpt>
   <trkpt lat="52.311552" lon="7.171992"><ele>47</ele></trkpt>
   <trkpt lat="52.311584" lon="7.172647"><ele>47</ele></trkpt>
   <trkpt lat="52.311604" lon="7.173286"><ele>46</ele></trkpt>
   <trkpt lat="52.31161" lon="7.173851"><ele>46</ele></trkpt>
   <trkpt lat="52.311609" lon="7.174258"><ele>46</ele></trkpt>
   <trkpt lat="52.311599" lon="7.174792"><ele>46</ele></trkpt>
   <trkpt lat="52.311563" lon="7.175755"><ele>45</ele></trkpt>
   <trkpt lat="52.311143" lon="7.1832"><ele>44</ele></trkpt>
   <trkpt lat="52.311118" lon="7.183689"><ele>44.25</ele></trkpt>
   <trkpt lat="52.31109" lon="7.184413"><ele>45</ele></trkpt>
   <trkpt lat="52.311079" lon="7.184856"><ele>45.25</ele></trkpt>
   <trkpt lat="52.311083" lon="7.185909"><ele>46.25</ele></trkpt>
   <trkpt lat="52.311093" lon="7.186339"><ele>47</ele></trkpt>
   <trkpt lat="52.311112" lon="7.186875"><ele>47</ele></trkpt>
   <trkpt lat="52.311142" lon="7.187428"><ele>47</ele></trkpt>
   <trkpt lat="52.311178" lon="7.187954"><ele>46</ele></trkpt>
   <trkpt lat="52.311246" lon="7.188725"><ele>46</ele></trkpt>
   <trkpt lat="52.311327" lon="7.18946"><ele>45.75</ele></trkpt>
   <trkpt lat="52.311414" lon="7.1901"><ele>45</ele></trkpt>
   <trkpt lat="52.311511" lon="7.190738"><ele>45.25</ele></trkpt>
   <trkpt lat="52.311669" lon="7.191634"><ele>45</ele></trkpt>
   <trkpt lat="52.311874" lon="7.192608"><ele>45</ele></trkpt>
   <trkpt lat="52.312634" lon="7.195838"><ele>45</ele></trkpt>
   <trkpt lat="52.314413" lon="7.203348"><ele>37</ele></trkpt>
   <trkpt lat="52.314659" lon="7.204419"><ele>36.75</ele></trkpt>
   <trkpt lat="52.314804" lon="7.205138"><ele>36</ele></trkpt>
   <trkpt lat="52.314892" lon="7.205608"><ele>35.75</ele></trkpt>
   <trkpt lat="52.314957" lon="7.205998"><ele>35.25</ele></trkpt>
   <trkpt lat="52.315084" lon="7.206877"><ele>35</ele></trkpt>
   <trkpt lat="52.315186" lon="7.207649"><ele>34.25</ele></trkpt>
   <trkpt lat="52.315448" lon="7.209737"><ele>33</ele></trkpt>
   <trkpt lat="52.31597" lon="7.213899"><ele>32</ele></trkpt>
   <trkpt lat="52.316072" lon="7.214677"><ele>32</ele></trkpt>
   <trkpt lat="52.316314" lon="7.216595"><ele>32</ele></trkpt>
   <trkpt lat="52.316536" lon="7.218358"><ele>32</ele></trkpt>
   <trkpt lat="52.31655" lon="7.218458"><ele>32</ele></trkpt>
   <trkpt lat="52.316585" lon="7.218732"><ele>32</ele></trkpt>
   <trkpt lat="52.317004" lon="7.222074"><ele>32.75</ele></trkpt>
   <trkpt lat="52.317076" lon="7.222654"><ele>33</ele></trkpt>
   <trkpt lat="52.317305" lon="7.224428"><ele>33</ele></trkpt>
   <trkpt lat="52.31734" lon="7.224712"><ele>33</ele></trkpt>
   <trkpt lat="52.317452" lon="7.225573"><ele>33</ele></trkpt>
   <trkpt lat="52.317493" lon="7.225925"><ele>33</ele></trkpt>
   <trkpt lat="52.317515" lon="7.22611"><ele>33</ele></trkpt>
   <trkpt lat="52.317537" lon="7.226284"><ele>32.75</ele></trkpt>
   <trkpt lat="52.317566" lon="7.226506"><ele>33</ele></trkpt>
   <trkpt lat="52.317667" lon="7.227303"><ele>32.25</ele></trkpt>
   <trkpt lat="52.317669" lon="7.227319"><ele>32.25</ele></trkpt>
   <trkpt lat="52.318319" lon="7.232436"><ele>29.75</ele></trkpt>
   <trkpt lat="52.318335" lon="7.232558"><ele>30</ele></trkpt>
   <trkpt lat="52.318383" lon="7.232941"><ele>30</ele></trkpt>
   <trkpt lat="52.318828" lon="7.236462"><ele>30</ele></trkpt>
   <trkpt lat="52.318886" lon="7.236927"><ele>30</ele></trkpt>
   <trkpt lat="52.319007" lon="7.237885"><ele>31.75</ele></trkpt>
   <trkpt lat="52.319016" lon="7.237967"><ele>32</ele></trkpt>
   <trkpt lat="52.320136" lon="7.246843"><ele>33</ele></trkpt>
   <trkpt lat="52.320694" lon="7.251278"><ele>33</ele></trkpt>
   <trkpt lat="52.321812" lon="7.260161"><ele>34</ele></trkpt>
   <trkpt lat="52.324839" lon="7.284233"><ele>36</ele></trkpt>
   <trkpt lat="52.32486" lon="7.284394"><ele>36</ele></trkpt>
   <trkpt lat="52.324875" lon="7.284518"><ele>36</ele></trkpt>
   <trkpt lat="52.326884" lon="7.300533"><ele>39</ele></trkpt>
   <trkpt lat="52.328173" lon="7.310833"><ele>38</ele></trkpt>
   <trkpt lat="52.328326" lon="7.312053"><ele>37.5</ele></trkpt>
   <trkpt lat="52.329843" lon="7.324178"><ele>36</ele></trkpt>
   <trkpt lat="52.330341" lon="7.328167"><ele>38</ele></trkpt>
   <trkpt lat="52.33035" lon="7.328236"><ele>38</ele></trkpt>
   <trkpt lat="52.330428" lon="7.328876"><ele>38</ele></trkpt>
   <trkpt lat="52.330519" lon="7.329761"><ele>38</ele></trkpt>
   <trkpt lat="52.330593" lon="7.330891"><ele>38</ele></trkpt>
   <trkpt lat="52.330612" lon="7.331523"><ele>38</ele></trkpt>
   <trkpt lat="52.330619" lon="7.332125"><ele>37</ele></trkpt>
   <trkpt lat="52.330605" lon="7.332893"><ele>36.5</ele></trkpt>
   <trkpt lat="52.330592" lon="7.333287"><ele>36</ele></trkpt>
   <trkpt lat="52.330571" lon="7.333678"><ele>36</ele></trkpt>
   <trkpt lat="52.330563" lon="7.333829"><ele>36</ele></trkpt>
   <trkpt lat="52.33046" lon="7.334992"><ele>35</ele></trkpt>
   <trkpt lat="52.330408" lon="7.335437"><ele>35</ele></trkpt>
   <trkpt lat="52.33029" lon="7.336264"><ele>35</ele></trkpt>
   <trkpt lat="52.330277" lon="7.33636"><ele>35</ele></trkpt>
   <trkpt lat="52.330095" lon="7.337344"><ele>35</ele></trkpt>
   <trkpt lat="52.329889" lon="7.338263"><ele>35</ele></trkpt>
   <trkpt lat="52.329863" lon="7.33836"><ele>35</ele></trkpt>
   <trkpt lat="52.329647" lon="7.339172"><ele>35</ele></trkpt>
   <trkpt lat="52.329592" lon="7.339365"><ele>35</ele></trkpt>
   <trkpt lat="52.329441" lon="7.339866"><ele>35</ele></trkpt>
   <trkpt lat="52.32922" lon="7.340533"><ele>35</ele></trkpt>
   <trkpt lat="52.328969" lon="7.341222"><ele>35</ele></trkpt>
   <trkpt lat="52.328578" lon="7.34219"><ele>35</ele></trkpt>
   <trkpt lat="52.328321" lon="7.342764"><ele>35</ele></trkpt>
   <trkpt lat="52.327891" lon="7.34364"><ele>36</ele></trkpt>
   <trkpt lat="52.32768" lon="7.34404"><ele>36</ele></trkpt>
   <trkpt lat="52.32738" lon="7.344598"><ele>35</ele></trkpt>
   <trkpt lat="52.326876" lon="7.345367"><ele>35</ele></trkpt>
   <trkpt lat="52.326434" lon="7.346023"><ele>35</ele></trkpt>
   <trkpt lat="52.325793" lon="7.346913"><ele>35</ele></trkpt>
   <trkpt lat="52.325276" lon="7.347636"><ele>35</ele></trkpt>
   <trkpt lat="52.325235" lon="7.347694"><ele>35</ele></trkpt>
   <trkpt lat="52.325215" lon="7.347723"><ele>35</ele></trkpt>
   <trkpt lat="52.324813" lon="7.348296"><ele>35</ele></trkpt>
   <trkpt lat="52.324724" lon="7.348423"><ele>35</ele></trkpt>
   <trkpt lat="52.323453" lon="7.350189"><ele>35</ele></trkpt>
   <trkpt lat="52.323408" lon="7.35025"><ele>35</ele></trkpt>
   <trkpt lat="52.323374" lon="7.350298"><ele>35</ele></trkpt>
   <trkpt lat="52.322785" lon="7.351121"><ele>35</ele></trkpt>
   <trkpt lat="52.322476" lon="7.351542"><ele>35</ele></trkpt>
   <trkpt lat="52.321617" lon="7.352749"><ele>35</ele></trkpt>
   <trkpt lat="52.321095" lon="7.353474"><ele>35</ele></trkpt>
   <trkpt lat="52.320361" lon="7.35448"><ele>36</ele></trkpt>
   <trkpt lat="52.319552" lon="7.355607"><ele>36</ele></trkpt>
   <trkpt lat="52.319545" lon="7.355618"><ele>36</ele></trkpt>
   <trkpt lat="52.319522" lon="7.35565"><ele>36</ele></trkpt>
   <trkpt lat="52.318531" lon="7.357023"><ele>35.75</ele></trkpt>
   <trkpt lat="52.318395" lon="7.357225"><ele>36</ele></trkpt>
   <trkpt lat="52.318317" lon="7.357332"><ele>35.75</ele></trkpt>
   <trkpt lat="52.316998" lon="7.359162"><ele>36</ele></trkpt>
   <trkpt lat="52.316978" lon="7.359189"><ele>36</ele></trkpt>
   <trkpt lat="52.316933" lon="7.359254"><ele>36</ele></trkpt>
   <trkpt lat="52.316263" lon="7.360269"><ele>36</ele></trkpt>
   <trkpt lat="52.315828" lon="7.360896"><ele>36</ele></trkpt>
   <trkpt lat="52.315758" lon="7.360981"><ele>36</ele></trkpt>
   <trkpt lat="52.315741" lon="7.361001"><ele>36</ele></trkpt>
   <trkpt lat="52.315644" lon="7.361136"><ele>35.75</ele></trkpt>
   <trkpt lat="52.315592" lon="7.36121"><ele>35.75</ele></trkpt>
   <trkpt lat="52.315492" lon="7.361353"><ele>36.25</ele></trkpt>
   <trkpt lat="52.31542" lon="7.361451"><ele>36.25</ele></trkpt>
   <trkpt lat="52.314853" lon="7.362238"><ele>36</ele></trkpt>
   <trkpt lat="52.314481" lon="7.362746"><ele>35.75</ele></trkpt>
   <trkpt lat="52.313151" lon="7.364598"><ele>36.5</ele></trkpt>
   <trkpt lat="52.31261" lon="7.365352"><ele>36.5</ele></trkpt>
   <trkpt lat="52.311899" lon="7.366338"><ele>36.75</ele></trkpt>
   <trkpt lat="52.311719" lon="7.366589"><ele>36.75</ele></trkpt>
   <trkpt lat="52.310784" lon="7.367892"><ele>34</ele></trkpt>
   <trkpt lat="52.310664" lon="7.368059"><ele>33.75</ele></trkpt>
   <trkpt lat="52.310278" lon="7.368595"><ele>35.75</ele></trkpt>
   <trkpt lat="52.309381" lon="7.369841"><ele>37</ele></trkpt>
   <trkpt lat="52.308836" lon="7.370602"><ele>37</ele></trkpt>
   <trkpt lat="52.307406" lon="7.372594"><ele>36.75</ele></trkpt>
   <trkpt lat="52.306637" lon="7.373665"><ele>36.75</ele></trkpt>
   <trkpt lat="52.306067" lon="7.374453"><ele>36.75</ele></trkpt>
   <trkpt lat="52.306005" lon="7.374539"><ele>36.5</ele></trkpt>
   <trkpt lat="52.304579" lon="7.376527"><ele>36.25</ele></trkpt>
   <trkpt lat="52.303141" lon="7.378528"><ele>36.5</ele></trkpt>
   <trkpt lat="52.302697" lon="7.37915"><ele>36.5</ele></trkpt>
   <trkpt lat="52.302227" lon="7.379839"><ele>36.5</ele></trkpt>
   <trkpt lat="52.301773" lon="7.380543"><ele>36.5</ele></trkpt>
   <trkpt lat="52.301329" lon="7.381274"><ele>36.75</ele></trkpt>
   <trkpt lat="52.300909" lon="7.382018"><ele>37</ele></trkpt>
   <trkpt lat="52.300512" lon="7.382758"><ele>38</ele></trkpt>
   <trkpt lat="52.300074" lon="7.383635"><ele>39.25</ele></trkpt>
   <trkpt lat="52.299829" lon="7.384151"><ele>38</ele></trkpt>
   <trkpt lat="52.299659" lon="7.384527"><ele>38.25</ele></trkpt>
   <trkpt lat="52.299596" lon="7.384673"><ele>38.75</ele></trkpt>
   <trkpt lat="52.299322" lon="7.3853"><ele>39</ele></trkpt>
   <trkpt lat="52.299171" lon="7.385665"><ele>39</ele></trkpt>
   <trkpt lat="52.298999" lon="7.386093"><ele>39.25</ele></trkpt>
   <trkpt lat="52.298666" lon="7.386967"><ele>39</ele></trkpt>
   <trkpt lat="52.297668" lon="7.389612"><ele>38.25</ele></trkpt>
   <trkpt lat="52.297092" lon="7.391148"><ele>37.75</ele></trkpt>
   <trkpt lat="52.296694" lon="7.392207"><ele>37.75</ele></trkpt>
   <trkpt lat="52.295701" lon="7.394846"><ele>37</ele></trkpt>
   <trkpt lat="52.294723" lon="7.397445"><ele>37</ele></trkpt>
   <trkpt lat="52.29406" lon="7.399206"><ele>36</ele></trkpt>
   <trkpt lat="52.293125" lon="7.401692"><ele>36.5</ele></trkpt>
   <trkpt lat="52.292203" lon="7.404141"><ele>36.75</ele></trkpt>
   <trkpt lat="52.29214" lon="7.404309"><ele>36.25</ele></trkpt>
   <trkpt lat="52.291967" lon="7.404763"><ele>36.75</ele></trkpt>
   <trkpt lat="52.291866" lon="7.405034"><ele>36.75</ele></trkpt>
   <trkpt lat="52.291769" lon="7.405289"><ele>37</ele></trkpt>
   <trkpt lat="52.291499" lon="7.406003"><ele>36.75</ele></trkpt>
   <trkpt lat="52.290741" lon="7.408026"><ele>36.25</ele></trkpt>
   <trkpt lat="52.290111" lon="7.409695"><ele>36.5</ele></trkpt>
   <trkpt lat="52.28925" lon="7.41198"><ele>39</ele></trkpt>
   <trkpt lat="52.288981" lon="7.412694"><ele>38.75</ele></trkpt>
   <trkpt lat="52.288248" lon="7.414638"><ele>38.5</ele></trkpt>
   <trkpt lat="52.287593" lon="7.416377"><ele>38.25</ele></trkpt>
   <trkpt lat="52.287441" lon="7.416782"><ele>38.5</ele></trkpt>
   <trkpt lat="52.287268" lon="7.417241"><ele>39</ele></trkpt>
   <trkpt lat="52.286287" lon="7.419852"><ele>39</ele></trkpt>
   <trkpt lat="52.285518" lon="7.421899"><ele>40.25</ele></trkpt>
   <trkpt lat="52.28546" lon="7.422054"><ele>39.5</ele></trkpt>
   <trkpt lat="52.285027" lon="7.423168"><ele>39.25</ele></trkpt>
   <trkpt lat="52.284959" lon="7.423339"><ele>39.75</ele></trkpt>
   <trkpt lat="52.284917" lon="7.423444"><ele>39.5</ele></trkpt>
   <trkpt lat="52.284877" lon="7.423538"><ele>39.5</ele></trkpt>
   <trkpt lat="52.284486" lon="7.424434"><ele>39</ele></trkpt>
   <trkpt lat="52.28422" lon="7.425008"><ele>39</ele></trkpt>
   <trkpt lat="52.283924" lon="7.425607"><ele>39</ele></trkpt>
   <trkpt lat="52.28348" lon="7.426446"><ele>39.5</ele></trkpt>
   <trkpt lat="52.283362" lon="7.426662"><ele>39.75</ele></trkpt>
   <trkpt lat="52.282962" lon="7.427357"><ele>39.5</ele></trkpt>
   <trkpt lat="52.282379" lon="7.428287"><ele>40</ele></trkpt>
   <trkpt lat="52.282323" lon="7.428372"><ele>40</ele></trkpt>
   <trkpt lat="52.282271" lon="7.428449"><ele>40</ele></trkpt>
   <trkpt lat="52.282052" lon="7.428763"><ele>40.25</ele></trkpt>
   <trkpt lat="52.28192" lon="7.428955"><ele>40.25</ele></trkpt>
   <trkpt lat="52.281427" lon="7.429601"><ele>40</ele></trkpt>
   <trkpt lat="52.281223" lon="7.429858"><ele>40</ele></trkpt>
   <trkpt lat="52.28086" lon="7.4303"><ele>40</ele></trkpt>
   <trkpt lat="52.280661" lon="7.430521"><ele>40</ele></trkpt>
   <trkpt lat="52.280188" lon="7.431031"><ele>40</ele></trkpt>
   <trkpt lat="52.27968" lon="7.431526"><ele>41.25</ele></trkpt>
   <trkpt lat="52.279329" lon="7.43187"><ele>41.25</ele></trkpt>
   <trkpt lat="52.279301" lon="7.431896"><ele>41</ele></trkpt>
   <trkpt lat="52.279293" lon="7.431904"><ele>41</ele></trkpt>
   <trkpt lat="52.279244" lon="7.431948"><ele>40.5</ele></trkpt>
   <trkpt lat="52.27921" lon="7.431982"><ele>40.25</ele></trkpt>
   <trkpt lat="52.278967" lon="7.432218"><ele>40.25</ele></trkpt>
   <trkpt lat="52.278464" lon="7.432668"><ele>41.25</ele></trkpt>
   <trkpt lat="52.27807" lon="7.432995"><ele>41</ele></trkpt>
   <trkpt lat="52.277279" lon="7.433609"><ele>41.75</ele></trkpt>
   <trkpt lat="52.276786" lon="7.434023"><ele>41.75</ele></trkpt>
   <trkpt lat="52.276619" lon="7.434182"><ele>41.75</ele></trkpt>
   <trkpt lat="52.276507" lon="7.43429"><ele>41.75</ele></trkpt>
   <trkpt lat="52.276448" lon="7.434348"><ele>42</ele></trkpt>
   <trkpt lat="52.276119" lon="7.434678"><ele>42</ele></trkpt>
   <trkpt lat="52.276028" lon="7.434774"><ele>41.75</ele></trkpt>
   <trkpt lat="52.275575" lon="7.435248"><ele>42</ele></trkpt>
   <trkpt lat="52.275229" lon="7.435608"><ele>42</ele></trkpt>
   <trkpt lat="52.27515" lon="7.435691"><ele>42</ele></trkpt>
   <trkpt lat="52.274883" lon="7.435993"><ele>42</ele></trkpt>
   <trkpt lat="52.274654" lon="7.436274"><ele>42</ele></trkpt>
   <trkpt lat="52.274537" lon="7.436409"><ele>41.75</ele></trkpt>
   <trkpt lat="52.27394" lon="7.437055"><ele>42</ele></trkpt>
   <trkpt lat="52.273233" lon="7.437781"><ele>42</ele></trkpt>
   <trkpt lat="52.272747" lon="7.438298"><ele>41.75</ele></trkpt>
   <trkpt lat="52.272436" lon="7.438644"><ele>42</ele></trkpt>
   <trkpt lat="52.271975" lon="7.439218"><ele>42</ele></trkpt>
   <trkpt lat="52.271806" lon="7.439428"><ele>42</ele></trkpt>
   <trkpt lat="52.271635" lon="7.439625"><ele>42</ele></trkpt>
   <trkpt lat="52.271016" lon="7.440277"><ele>42.25</ele></trkpt>
   <trkpt lat="52.270579" lon="7.440781"><ele>42.75</ele></trkpt>
   <trkpt lat="52.27026" lon="7.441236"><ele>42.5</ele></trkpt>
   <trkpt lat="52.270015" lon="7.441663"><ele>42.75</ele></trkpt>
   <trkpt lat="52.270012" lon="7.441669"><ele>42.75</ele></trkpt>
   <trkpt lat="52.26978" lon="7.442132"><ele>40.75</ele></trkpt>
   <trkpt lat="52.269697" lon="7.442325"><ele>40.5</ele></trkpt>
   <trkpt lat="52.269539" lon="7.442732"><ele>42</ele></trkpt>
   <trkpt lat="52.269422" lon="7.443076"><ele>42.5</ele></trkpt>
   <trkpt lat="52.269313" lon="7.443427"><ele>41.5</ele></trkpt>
   <trkpt lat="52.269101" lon="7.444219"><ele>42</ele></trkpt>
   <trkpt lat="52.269097" lon="7.444233"><ele>41.75</ele></trkpt>
   <trkpt lat="52.269036" lon="7.444475"><ele>41</ele></trkpt>
   <trkpt lat="52.268962" lon="7.444792"><ele>41.75</ele></trkpt>
   <trkpt lat="52.268844" lon="7.445347"><ele>41.5</ele></trkpt>
   <trkpt lat="52.268777" lon="7.445773"><ele>41</ele></trkpt>
   <trkpt lat="52.268762" lon="7.445871"><ele>41</ele></trkpt>
   <trkpt lat="52.268719" lon="7.446209"><ele>41.25</ele></trkpt>
   <trkpt lat="52.268684" lon="7.446562"><ele>41.75</ele></trkpt>
   <trkpt lat="52.268658" lon="7.446954"><ele>41.75</ele></trkpt>
   <trkpt lat="52.268643" lon="7.447317"><ele>41.75</ele></trkpt>
   <trkpt lat="52.268639" lon="7.447572"><ele>41.75</ele></trkpt>
   <trkpt lat="52.268633" lon="7.448018"><ele>41.75</ele></trkpt>
   <trkpt lat="52.268648" lon="7.450094"><ele>40.5</ele></trkpt>
   <trkpt lat="52.268665" lon="7.452608"><ele>38.75</ele></trkpt>
   <trkpt lat="52.26867" lon="7.453096"><ele>38.5</ele></trkpt>
   <trkpt lat="52.268675" lon="7.454205"><ele>35.75</ele></trkpt>
   <trkpt lat="52.268687" lon="7.455796"><ele>35.5</ele></trkpt>
   <trkpt lat="52.26869" lon="7.456175"><ele>37</ele></trkpt>
   <trkpt lat="52.268707" lon="7.45886"><ele>35.75</ele></trkpt>
   <trkpt lat="52.268707" lon="7.458962"><ele>36</ele></trkpt>
   <trkpt lat="52.268723" lon="7.461376"><ele>35.5</ele></trkpt>
   <trkpt lat="52.268725" lon="7.461533"><ele>36</ele></trkpt>
   <trkpt lat="52.268725" lon="7.461653"><ele>36.5</ele></trkpt>
   <trkpt lat="52.268726" lon="7.461861"><ele>35.5</ele></trkpt>
   <trkpt lat="52.268729" lon="7.462202"><ele>35.5</ele></trkpt>
   <trkpt lat="52.268746" lon="7.464852"><ele>39</ele></trkpt>
   <trkpt lat="52.268762" lon="7.467228"><ele>39.5</ele></trkpt>
   <trkpt lat="52.268773" lon="7.468021"><ele>39.5</ele></trkpt>
   <trkpt lat="52.268787" lon="7.468883"><ele>39.25</ele></trkpt>
   <trkpt lat="52.268819" lon="7.469793"><ele>39.5</ele></trkpt>
   <trkpt lat="52.268841" lon="7.4702"><ele>39.75</ele></trkpt>
   <trkpt lat="52.268919" lon="7.471397"><ele>39.5</ele></trkpt>
   <trkpt lat="52.268994" lon="7.472304"><ele>38.75</ele></trkpt>
   <trkpt lat="52.26909" lon="7.473231"><ele>39</ele></trkpt>
   <trkpt lat="52.269125" lon="7.473557"><ele>39.5</ele></trkpt>
   <trkpt lat="52.269212" lon="7.474242"><ele>39.5</ele></trkpt>
   <trkpt lat="52.269354" lon="7.475266"><ele>38.25</ele></trkpt>
   <trkpt lat="52.2695" lon="7.476166"><ele>39.25</ele></trkpt>
   <trkpt lat="52.269607" lon="7.476779"><ele>38</ele></trkpt>
   <trkpt lat="52.269752" lon="7.477532"><ele>39.5</ele></trkpt>
   <trkpt lat="52.270033" lon="7.478866"><ele>38.75</ele></trkpt>
   <trkpt lat="52.270082" lon="7.479074"><ele>38.5</ele></trkpt>
   <trkpt lat="52.270767" lon="7.482"><ele>39</ele></trkpt>
   <trkpt lat="52.271222" lon="7.483964"><ele>39.5</ele></trkpt>
   <trkpt lat="52.271353" lon="7.484529"><ele>40</ele></trkpt>
   <trkpt lat="52.271388" lon="7.484684"><ele>40</ele></trkpt>
   <trkpt lat="52.271426" lon="7.484843"><ele>39.75</ele></trkpt>
   <trkpt lat="52.271964" lon="7.487144"><ele>40.25</ele></trkpt>
   <trkpt lat="52.272652" lon="7.490085"><ele>40</ele></trkpt>
   <trkpt lat="52.27315" lon="7.492213"><ele>40</ele></trkpt>
   <trkpt lat="52.273884" lon="7.495352"><ele>40.75</ele></trkpt>
   <trkpt lat="52.274386" lon="7.497495"><ele>40.75</ele></trkpt>
   <trkpt lat="52.274466" lon="7.497832"><ele>40.75</ele></trkpt>
   <trkpt lat="52.274549" lon="7.498194"><ele>40.5</ele></trkpt>
   <trkpt lat="52.274587" lon="7.498361"><ele>40.5</ele></trkpt>
   <trkpt lat="52.274634" lon="7.498561"><ele>40.75</ele></trkpt>
   <trkpt lat="52.275145" lon="7.500753"><ele>39</ele></trkpt>
   <trkpt lat="52.275272" lon="7.501297"><ele>39.75</ele></trkpt>
   <trkpt lat="52.275539" lon="7.502442"><ele>39.5</ele></trkpt>
   <trkpt lat="52.275865" lon="7.503844"><ele>39.75</ele></trkpt>
   <trkpt lat="52.276553" lon="7.506794"><ele>39</ele></trkpt>
   <trkpt lat="52.277012" lon="7.508766"><ele>39.75</ele></trkpt>
   <trkpt lat="52.277731" lon="7.51185"><ele>39.5</ele></trkpt>
   <trkpt lat="52.277797" lon="7.512134"><ele>39.25</ele></trkpt>
   <trkpt lat="52.277849" lon="7.512338"><ele>39.25</ele></trkpt>
   <trkpt lat="52.27845" lon="7.514931"><ele>39</ele></trkpt>
   <trkpt lat="52.278875" lon="7.516768"><ele>41</ele></trkpt>
   <trkpt lat="52.278926" lon="7.516991"><ele>41.25</ele></trkpt>
   <trkpt lat="52.279513" lon="7.519483"><ele>41</ele></trkpt>
   <trkpt lat="52.279562" lon="7.519689"><ele>39.5</ele></trkpt>
   <trkpt lat="52.279971" lon="7.521458"><ele>41.75</ele></trkpt>
   <trkpt lat="52.280014" lon="7.521643"><ele>42.5</ele></trkpt>
   <trkpt lat="52.280115" lon="7.522104"><ele>40</ele></trkpt>
   <trkpt lat="52.280227" lon="7.522672"><ele>41.5</ele></trkpt>
   <trkpt lat="52.280342" lon="7.52321"><ele>42</ele></trkpt>
   <trkpt lat="52.280772" lon="7.525059"><ele>44.5</ele></trkpt>
   <trkpt lat="52.280814" lon="7.525239"><ele>44.75</ele></trkpt>
   <trkpt lat="52.280839" lon="7.525344"><ele>44.75</ele></trkpt>
   <trkpt lat="52.280865" lon="7.525456"><ele>44.5</ele></trkpt>
   <trkpt lat="52.280916" lon="7.525673"><ele>44.75</ele></trkpt>
   <trkpt lat="52.2813" lon="7.527317"><ele>46.5</ele></trkpt>
   <trkpt lat="52.28353" lon="7.536872"><ele>39.75</ele></trkpt>
   <trkpt lat="52.283846" lon="7.538218"><ele>42</ele></trkpt>
   <trkpt lat="52.284476" lon="7.540958"><ele>42.25</ele></trkpt>
   <trkpt lat="52.285447" lon="7.545093"><ele>41.5</ele></trkpt>
   <trkpt lat="52.286081" lon="7.547856"><ele>42.25</ele></trkpt>
   <trkpt lat="52.286849" lon="7.551156"><ele>41</ele></trkpt>
   <trkpt lat="52.289319" lon="7.561778"><ele>45.75</ele></trkpt>
   <trkpt lat="52.289506" lon="7.562581"><ele>46.25</ele></trkpt>
   <trkpt lat="52.293585" lon="7.580119"><ele>46.75</ele></trkpt>
   <trkpt lat="52.293639" lon="7.580349"><ele>46.75</ele></trkpt>
   <trkpt lat="52.294345" lon="7.583409"><ele>48</ele></trkpt>
   <trkpt lat="52.294503" lon="7.584156"><ele>47.5</ele></trkpt>
   <trkpt lat="52.295078" lon="7.587149"><ele>46.75</ele></trkpt>
   <trkpt lat="52.295121" lon="7.587384"><ele>47</ele></trkpt>
   <trkpt lat="52.295276" lon="7.588335"><ele>49</ele></trkpt>
   <trkpt lat="52.295386" lon="7.589212"><ele>47.75</ele></trkpt>
   <trkpt lat="52.295624" lon="7.591518"><ele>48.25</ele></trkpt>
   <trkpt lat="52.295743" lon="7.592672"><ele>46.75</ele></trkpt>
   <trkpt lat="52.2958" lon="7.593238"><ele>47.5</ele></trkpt>
   <trkpt lat="52.295943" lon="7.594597"><ele>47</ele></trkpt>
   <trkpt lat="52.296001" lon="7.595166"><ele>47.5</ele></trkpt>
   <trkpt lat="52.29616" lon="7.596455"><ele>47.25</ele></trkpt>
   <trkpt lat="52.296211" lon="7.596845"><ele>45.75</ele></trkpt>
   <trkpt lat="52.29626" lon="7.597207"><ele>45.75</ele></trkpt>
   <trkpt lat="52.296631" lon="7.600012"><ele>48.5</ele></trkpt>
   <trkpt lat="52.296799" lon="7.601365"><ele>48</ele></trkpt>
   <trkpt lat="52.296848" lon="7.601806"><ele>47</ele></trkpt>
   <trkpt lat="52.29697" lon="7.602993"><ele>49.75</ele></trkpt>
   <trkpt lat="52.297261" lon="7.605815"><ele>50.5</ele></trkpt>
   <trkpt lat="52.297545" lon="7.608586"><ele>51.25</ele></trkpt>
   <trkpt lat="52.29781" lon="7.611156"><ele>49.75</ele></trkpt>
   <trkpt lat="52.297819" lon="7.61124"><ele>50</ele></trkpt>
   <trkpt lat="52.297864" lon="7.611674"><ele>50.5</ele></trkpt>
   <trkpt lat="52.298161" lon="7.614576"><ele>50.75</ele></trkpt>
   <trkpt lat="52.298361" lon="7.616536"><ele>55</ele></trkpt>
   <trkpt lat="52.298389" lon="7.616795"><ele>53.25</ele></trkpt>
   <trkpt lat="52.298567" lon="7.618525"><ele>53</ele></trkpt>
   <trkpt lat="52.298666" lon="7.619478"><ele>54.5</ele></trkpt>
   <trkpt lat="52.298754" lon="7.620436"><ele>52.5</ele></trkpt>
   <trkpt lat="52.298853" lon="7.621825"><ele>52.75</ele></trkpt>
   <trkpt lat="52.298873" lon="7.622146"><ele>54</ele></trkpt>
   <trkpt lat="52.298939" lon="7.62328"><ele>53.5</ele></trkpt>
   <trkpt lat="52.298984" lon="7.623938"><ele>53.25</ele></trkpt>
   <trkpt lat="52.299107" lon="7.625441"><ele>54.75</ele></trkpt>
   <trkpt lat="52.299255" lon="7.626929"><ele>53</ele></trkpt>
   <trkpt lat="52.299434" lon="7.628645"><ele>54.75</ele></trkpt>
   <trkpt lat="52.299449" lon="7.628787"><ele>54.75</ele></trkpt>
   <trkpt lat="52.299467" lon="7.628969"><ele>54.5</ele></trkpt>
   <trkpt lat="52.299784" lon="7.632046"><ele>53.25</ele></trkpt>
   <trkpt lat="52.299987" lon="7.634048"><ele>56</ele></trkpt>
   <trkpt lat="52.300103" lon="7.635178"><ele>53.25</ele></trkpt>
   <trkpt lat="52.300417" lon="7.638276"><ele>53.75</ele></trkpt>
   <trkpt lat="52.300591" lon="7.639961"><ele>55.5</ele></trkpt>
   <trkpt lat="52.300634" lon="7.640423"><ele>55</ele></trkpt>
   <trkpt lat="52.300685" lon="7.641016"><ele>54.75</ele></trkpt>
   <trkpt lat="52.300748" lon="7.641998"><ele>54.75</ele></trkpt>
   <trkpt lat="52.30078" lon="7.642574"><ele>57</ele></trkpt>
   <trkpt lat="52.300823" lon="7.643701"><ele>57.75</ele></trkpt>
   <trkpt lat="52.300838" lon="7.644469"><ele>57.75</ele></trkpt>
   <trkpt lat="52.300842" lon="7.645482"><ele>57.75</ele></trkpt>
   <trkpt lat="52.300836" lon="7.646274"><ele>58.75</ele></trkpt>
   <trkpt lat="52.300821" lon="7.646766"><ele>58.75</ele></trkpt>
   <trkpt lat="52.300802" lon="7.64745"><ele>58.5</ele></trkpt>
   <trkpt lat="52.300735" lon="7.648626"><ele>57.75</ele></trkpt>
   <trkpt lat="52.300646" lon="7.649753"><ele>58.25</ele></trkpt>
   <trkpt lat="52.300505" lon="7.651155"><ele>59.5</ele></trkpt>
   <trkpt lat="52.300468" lon="7.651489"><ele>59.25</ele></trkpt>
   <trkpt lat="52.300465" lon="7.651521"><ele>59.25</ele></trkpt>
   <trkpt lat="52.3003" lon="7.652827"><ele>60</ele></trkpt>
   <trkpt lat="52.300107" lon="7.654026"><ele>59.75</ele></trkpt>
   <trkpt lat="52.299945" lon="7.654908"><ele>61.25</ele></trkpt>
   <trkpt lat="52.299792" lon="7.65567"><ele>60.5</ele></trkpt>
   <trkpt lat="52.299597" lon="7.656557"><ele>61.75</ele></trkpt>
   <trkpt lat="52.299512" lon="7.656918"><ele>62</ele></trkpt>
   <trkpt lat="52.299478" lon="7.657063"><ele>62</ele></trkpt>
   <trkpt lat="52.299296" lon="7.657807"><ele>62.25</ele></trkpt>
   <trkpt lat="52.299284" lon="7.657864"><ele>62.25</ele></trkpt>
   <trkpt lat="52.299005" lon="7.658834"><ele>62.25</ele></trkpt>
   <trkpt lat="52.297536" lon="7.664741"><ele>62</ele></trkpt>
   <trkpt lat="52.296956" lon="7.667097"><ele>63.5</ele></trkpt>
   <trkpt lat="52.296795" lon="7.667904"><ele>63</ele></trkpt>
   <trkpt lat="52.296784" lon="7.667947"><ele>63</ele></trkpt>
   <trkpt lat="52.295892" lon="7.671543"><ele>65</ele></trkpt>
   <trkpt lat="52.295195" lon="7.674351"><ele>66</ele></trkpt>
   <trkpt lat="52.295181" lon="7.674405"><ele>66</ele></trkpt>
   <trkpt lat="52.294287" lon="7.678008"><ele>67</ele></trkpt>
   <trkpt lat="52.292261" lon="7.686177"><ele>68.25</ele></trkpt>
   <trkpt lat="52.291725" lon="7.688308"><ele>68.5</ele></trkpt>
   <trkpt lat="52.291383" lon="7.689685"><ele>68.75</ele></trkpt>
   <trkpt lat="52.291125" lon="7.69067"><ele>69.25</ele></trkpt>
   <trkpt lat="52.291086" lon="7.690816"><ele>69.75</ele></trkpt>
   <trkpt lat="52.291049" lon="7.690952"><ele>69.75</ele></trkpt>
   <trkpt lat="52.290881" lon="7.691563"><ele>69.75</ele></trkpt>
   <trkpt lat="52.290647" lon="7.692345"><ele>70</ele></trkpt>
   <trkpt lat="52.290227" lon="7.69364"><ele>70.75</ele></trkpt>
   <trkpt lat="52.289761" lon="7.694918"><ele>70.75</ele></trkpt>
   <trkpt lat="52.289593" lon="7.695354"><ele>70.5</ele></trkpt>
   <trkpt lat="52.289306" lon="7.696057"><ele>71.25</ele></trkpt>
   <trkpt lat="52.285935" lon="7.704026"><ele>74.75</ele></trkpt>
   <trkpt lat="52.285869" lon="7.704186"><ele>74</ele></trkpt>
   <trkpt lat="52.285818" lon="7.704305"><ele>73.75</ele></trkpt>
   <trkpt lat="52.285746" lon="7.704472"><ele>73.5</ele></trkpt>
   <trkpt lat="52.285669" lon="7.704654"><ele>73.25</ele></trkpt>
   <trkpt lat="52.285643" lon="7.704717"><ele>73.25</ele></trkpt>
   <trkpt lat="52.28458" lon="7.707223"><ele>73.25</ele></trkpt>
   <trkpt lat="52.284187" lon="7.70811"><ele>74.25</ele></trkpt>
   <trkpt lat="52.283806" lon="7.708916"><ele>74.5</ele></trkpt>
   <trkpt lat="52.28358" lon="7.709365"><ele>74.5</ele></trkpt>
   <trkpt lat="52.283197" lon="7.710099"><ele>74.75</ele></trkpt>
   <trkpt lat="52.28052" lon="7.714927"><ele>77</ele></trkpt>
   <trkpt lat="52.280155" lon="7.715556"><ele>77.25</ele></trkpt>
   <trkpt lat="52.279448" lon="7.716822"><ele>77.25</ele></trkpt>
   <trkpt lat="52.279089" lon="7.717469"><ele>78</ele></trkpt>
   <trkpt lat="52.278432" lon="7.718731"><ele>78.75</ele></trkpt>
   <trkpt lat="52.278366" lon="7.71885"><ele>78.25</ele></trkpt>
   <trkpt lat="52.278285" lon="7.718995"><ele>78.25</ele></trkpt>
   <trkpt lat="52.278257" lon="7.719045"><ele>78.5</ele></trkpt>
   <trkpt lat="52.277921" lon="7.719647"><ele>75.75</ele></trkpt>
   <trkpt lat="52.277658" lon="7.720123"><ele>76.25</ele></trkpt>
   <trkpt lat="52.277593" lon="7.720236"><ele>78</ele></trkpt>
   <trkpt lat="52.277421" lon="7.720544"><ele>78.25</ele></trkpt>
   <trkpt lat="52.277264" lon="7.720826"><ele>78</ele></trkpt>
   <trkpt lat="52.277239" lon="7.720864"><ele>78</ele></trkpt>
   <trkpt lat="52.277144" lon="7.721034"><ele>78.25</ele></trkpt>
   <trkpt lat="52.275718" lon="7.723594"><ele>78</ele></trkpt>
   <trkpt lat="52.275154" lon="7.724607"><ele>77.75</ele></trkpt>
   <trkpt lat="52.274415" lon="7.725974"><ele>77.75</ele></trkpt>
   <trkpt lat="52.274197" lon="7.726386"><ele>77.75</ele></trkpt>
   <trkpt lat="52.27398" lon="7.726806"><ele>78</ele></trkpt>
   <trkpt lat="52.273679" lon="7.727429"><ele>78</ele></trkpt>
   <trkpt lat="52.273284" lon="7.728318"><ele>77.75</ele></trkpt>
   <trkpt lat="52.272922" lon="7.729202"><ele>78</ele></trkpt>
   <trkpt lat="52.272728" lon="7.729709"><ele>77.75</ele></trkpt>
   <trkpt lat="52.272485" lon="7.73038"><ele>77.75</ele></trkpt>
   <trkpt lat="52.272162" lon="7.731342"><ele>77.75</ele></trkpt>
   <trkpt lat="52.271895" lon="7.732213"><ele>78.5</ele></trkpt>
   <trkpt lat="52.271748" lon="7.732734"><ele>78.75</ele></trkpt>
   <trkpt lat="52.271642" lon="7.733129"><ele>78.75</ele></trkpt>
   <trkpt lat="52.271461" lon="7.733886"><ele>78.75</ele></trkpt>
   <trkpt lat="52.271278" lon="7.734761"><ele>78.25</ele></trkpt>
   <trkpt lat="52.271078" lon="7.735799"><ele>78.75</ele></trkpt>
   <trkpt lat="52.271076" lon="7.735806"><ele>78.75</ele></trkpt>
   <trkpt lat="52.271065" lon="7.735868"><ele>78.75</ele></trkpt>
   <trkpt lat="52.271055" lon="7.735916"><ele>79</ele></trkpt>
   <trkpt lat="52.270975" lon="7.736302"><ele>79.25</ele></trkpt>
   <trkpt lat="52.270887" lon="7.736648"><ele>79</ele></trkpt>
   <trkpt lat="52.270772" lon="7.737198"><ele>79.25</ele></trkpt>
   <trkpt lat="52.270745" lon="7.737353"><ele>79</ele></trkpt>
   <trkpt lat="52.270724" lon="7.737468"><ele>79</ele></trkpt>
   <trkpt lat="52.270654" lon="7.737906"><ele>79</ele></trkpt>
   <trkpt lat="52.27057" lon="7.738489"><ele>79.5</ele></trkpt>
   <trkpt lat="52.270501" lon="7.739053"><ele>79.75</ele></trkpt>
   <trkpt lat="52.270395" lon="7.7401"><ele>78.75</ele></trkpt>
   <trkpt lat="52.270354" lon="7.740597"><ele>78.5</ele></trkpt>
   <trkpt lat="52.270305" lon="7.741313"><ele>79</ele></trkpt>
   <trkpt lat="52.270254" lon="7.74244"><ele>80.5</ele></trkpt>
   <trkpt lat="52.270219" lon="7.743965"><ele>81</ele></trkpt>
   <trkpt lat="52.2702" lon="7.744916"><ele>81.75</ele></trkpt>
   <trkpt lat="52.27018" lon="7.745958"><ele>79.25</ele></trkpt>
   <trkpt lat="52.27017" lon="7.746496"><ele>79</ele></trkpt>
   <trkpt lat="52.270076" lon="7.751459"><ele>79.5</ele></trkpt>
   <trkpt lat="52.269953" lon="7.757907"><ele>83</ele></trkpt>
   <trkpt lat="52.269937" lon="7.758518"><ele>83</ele></trkpt>
   <trkpt lat="52.269912" lon="7.759129"><ele>82.5</ele></trkpt>
   <trkpt lat="52.269882" lon="7.759677"><ele>81.5</ele></trkpt>
   <trkpt lat="52.269843" lon="7.760223"><ele>80.75</ele></trkpt>
   <trkpt lat="52.269777" lon="7.760957"><ele>81.5</ele></trkpt>
   <trkpt lat="52.269665" lon="7.761921"><ele>81.5</ele></trkpt>
   <trkpt lat="52.269632" lon="7.76216"><ele>79.75</ele></trkpt>
   <trkpt lat="52.26951" lon="7.762986"><ele>80.5</ele></trkpt>
   <trkpt lat="52.269406" lon="7.763584"><ele>82</ele></trkpt>
   <trkpt lat="52.269293" lon="7.764176"><ele>79.25</ele></trkpt>
   <trkpt lat="52.26922" lon="7.764523"><ele>80.75</ele></trkpt>
   <trkpt lat="52.269144" lon="7.76487"><ele>82.5</ele></trkpt>
   <trkpt lat="52.268982" lon="7.765557"><ele>79.5</ele></trkpt>
   <trkpt lat="52.268753" lon="7.766441"><ele>80.25</ele></trkpt>
   <trkpt lat="52.268496" lon="7.767391"><ele>80.5</ele></trkpt>
   <trkpt lat="52.268426" lon="7.767651"><ele>81</ele></trkpt>
   <trkpt lat="52.267561" lon="7.770853"><ele>85.25</ele></trkpt>
   <trkpt lat="52.266317" lon="7.775453"><ele>87.75</ele></trkpt>
   <trkpt lat="52.266303" lon="7.775504"><ele>88</ele></trkpt>
   <trkpt lat="52.264549" lon="7.78199"><ele>89</ele></trkpt>
   <trkpt lat="52.264413" lon="7.782494"><ele>89</ele></trkpt>
   <trkpt lat="52.264262" lon="7.78305"><ele>90.25</ele></trkpt>
   <trkpt lat="52.262575" lon="7.789272"><ele>93</ele></trkpt>
   <trkpt lat="52.262077" lon="7.791112"><ele>93</ele></trkpt>
   <trkpt lat="52.260403" lon="7.797291"><ele>89.25</ele></trkpt>
   <trkpt lat="52.260073" lon="7.798512"><ele>88.25</ele></trkpt>
   <trkpt lat="52.259879" lon="7.799265"><ele>87.25</ele></trkpt>
   <trkpt lat="52.259714" lon="7.799963"><ele>87</ele></trkpt>
   <trkpt lat="52.259595" lon="7.800516"><ele>86.5</ele></trkpt>
   <trkpt lat="52.259485" lon="7.801072"><ele>86.5</ele></trkpt>
   <trkpt lat="52.259385" lon="7.801625"><ele>86</ele></trkpt>
   <trkpt lat="52.259294" lon="7.802183"><ele>84</ele></trkpt>
   <trkpt lat="52.259214" lon="7.80273"><ele>84.5</ele></trkpt>
   <trkpt lat="52.259142" lon="7.803281"><ele>84.75</ele></trkpt>
   <trkpt lat="52.259096" lon="7.803682"><ele>84</ele></trkpt>
   <trkpt lat="52.259054" lon="7.804083"><ele>82.75</ele></trkpt>
   <trkpt lat="52.258983" lon="7.804887"><ele>82.5</ele></trkpt>
   <trkpt lat="52.258942" lon="7.805523"><ele>83.5</ele></trkpt>
   <trkpt lat="52.258911" lon="7.80616"><ele>83.75</ele></trkpt>
   <trkpt lat="52.258886" lon="7.807088"><ele>84.25</ele></trkpt>
   <trkpt lat="52.258883" lon="7.807678"><ele>84.75</ele></trkpt>
   <trkpt lat="52.258899" lon="7.808671"><ele>84</ele></trkpt>
   <trkpt lat="52.258913" lon="7.809075"><ele>84</ele></trkpt>
   <trkpt lat="52.25896" lon="7.80998"><ele>84.75</ele></trkpt>
   <trkpt lat="52.25905" lon="7.811043"><ele>84.5</ele></trkpt>
   <trkpt lat="52.259154" lon="7.811971"><ele>84</ele></trkpt>
   <trkpt lat="52.259262" lon="7.812748"><ele>84.75</ele></trkpt>
   <trkpt lat="52.259284" lon="7.812907"><ele>84.5</ele></trkpt>
   <trkpt lat="52.259412" lon="7.813662"><ele>83.5</ele></trkpt>
   <trkpt lat="52.259634" lon="7.8148"><ele>82.25</ele></trkpt>
   <trkpt lat="52.259977" lon="7.816249"><ele>82.25</ele></trkpt>
   <trkpt lat="52.26155" lon="7.822474"><ele>80.5</ele></trkpt>
   <trkpt lat="52.261613" lon="7.822721"><ele>80.75</ele></trkpt>
   <trkpt lat="52.261681" lon="7.822987"><ele>81</ele></trkpt>
   <trkpt lat="52.261747" lon="7.823251"><ele>81</ele></trkpt>
   <trkpt lat="52.263094" lon="7.828584"><ele>80.25</ele></trkpt>
   <trkpt lat="52.263389" lon="7.82979"><ele>79.25</ele></trkpt>
   <trkpt lat="52.263563" lon="7.830587"><ele>79.5</ele></trkpt>
   <trkpt lat="52.263691" lon="7.831249"><ele>78.5</ele></trkpt>
   <trkpt lat="52.263844" lon="7.832176"><ele>78.5</ele></trkpt>
   <trkpt lat="52.26394" lon="7.83283"><ele>78.5</ele></trkpt>
   <trkpt lat="52.264016" lon="7.833474"><ele>79</ele></trkpt>
   <trkpt lat="52.264104" lon="7.834362"><ele>77.75</ele></trkpt>
   <trkpt lat="52.264163" lon="7.83517"><ele>77.75</ele></trkpt>
   <trkpt lat="52.264174" lon="7.835339"><ele>77.75</ele></trkpt>
   <trkpt lat="52.264184" lon="7.835515"><ele>78</ele></trkpt>
   <trkpt lat="52.264186" lon="7.83556"><ele>77.75</ele></trkpt>
   <trkpt lat="52.264226" lon="7.836439"><ele>76</ele></trkpt>
   <trkpt lat="52.264329" lon="7.839156"><ele>76</ele></trkpt>
   <trkpt lat="52.26446" lon="7.842324"><ele>75.75</ele></trkpt>
   <trkpt lat="52.264527" lon="7.843409"><ele>73.75</ele></trkpt>
   <trkpt lat="52.264535" lon="7.843547"><ele>73.25</ele></trkpt>
   <trkpt lat="52.264644" lon="7.844775"><ele>74</ele></trkpt>
   <trkpt lat="52.264768" lon="7.845924"><ele>74</ele></trkpt>
   <trkpt lat="52.264943" lon="7.847176"><ele>73.75</ele></trkpt>
   <trkpt lat="52.265405" lon="7.850095"><ele>73.5</ele></trkpt>
   <trkpt lat="52.266189" lon="7.855091"><ele>71.75</ele></trkpt>
   <trkpt lat="52.266851" lon="7.859315"><ele>70.25</ele></trkpt>
   <trkpt lat="52.267103" lon="7.86062"><ele>69.75</ele></trkpt>
   <trkpt lat="52.26718" lon="7.861098"><ele>72</ele></trkpt>
   <trkpt lat="52.267385" lon="7.862131"><ele>71.75</ele></trkpt>
   <trkpt lat="52.267434" lon="7.862402"><ele>72</ele></trkpt>
   <trkpt lat="52.267698" lon="7.864095"><ele>71.75</ele></trkpt>
   <trkpt lat="52.267797" lon="7.864773"><ele>72</ele></trkpt>
   <trkpt lat="52.267873" lon="7.865355"><ele>72</ele></trkpt>
   <trkpt lat="52.268001" lon="7.866708"><ele>72</ele></trkpt>
   <trkpt lat="52.268381" lon="7.871978"><ele>71</ele></trkpt>
   <trkpt lat="52.268402" lon="7.872387"><ele>71</ele></trkpt>
   <trkpt lat="52.268435" lon="7.873323"><ele>69.25</ele></trkpt>
   <trkpt lat="52.268445" lon="7.873468"><ele>69.25</ele></trkpt>
   <trkpt lat="52.268554" lon="7.874957"><ele>68.75</ele></trkpt>
   <trkpt lat="52.26868" lon="7.876782"><ele>69.5</ele></trkpt>
   <trkpt lat="52.268703" lon="7.877117"><ele>68.75</ele></trkpt>
   <trkpt lat="52.268729" lon="7.877463"><ele>68.5</ele></trkpt>
   <trkpt lat="52.26882" lon="7.878647"><ele>67.75</ele></trkpt>
   <trkpt lat="52.268908" lon="7.879792"><ele>68.5</ele></trkpt>
   <trkpt lat="52.268974" lon="7.880515"><ele>68</ele></trkpt>
   <trkpt lat="52.26911" lon="7.88156"><ele>68.5</ele></trkpt>
   <trkpt lat="52.26927" lon="7.882481"><ele>68.5</ele></trkpt>
   <trkpt lat="52.269445" lon="7.883324"><ele>69</ele></trkpt>
   <trkpt lat="52.269567" lon="7.88383"><ele>69.75</ele></trkpt>
   <trkpt lat="52.269707" lon="7.884364"><ele>68.25</ele></trkpt>
   <trkpt lat="52.269994" lon="7.885333"><ele>67.75</ele></trkpt>
   <trkpt lat="52.270405" lon="7.886463"><ele>67</ele></trkpt>
   <trkpt lat="52.270629" lon="7.887002"><ele>66.25</ele></trkpt>
   <trkpt lat="52.270873" lon="7.887553"><ele>66.5</ele></trkpt>
   <trkpt lat="52.271391" lon="7.888564"><ele>65.75</ele></trkpt>
   <trkpt lat="52.271725" lon="7.889143"><ele>65.5</ele></trkpt>
   <trkpt lat="52.272143" lon="7.889793"><ele>64.5</ele></trkpt>
   <trkpt lat="52.272535" lon="7.890335"><ele>65.25</ele></trkpt>
   <trkpt lat="52.27297" lon="7.890879"><ele>63.5</ele></trkpt>
   <trkpt lat="52.273159" lon="7.891098"><ele>64.5</ele></trkpt>
   <trkpt lat="52.27381" lon="7.891812"><ele>64</ele></trkpt>
   <trkpt lat="52.274768" lon="7.892842"><ele>63.25</ele></trkpt>
   <trkpt lat="52.274774" lon="7.892849"><ele>63.25</ele></trkpt>
   <trkpt lat="52.274824" lon="7.892898"><ele>63</ele></trkpt>
   <trkpt lat="52.275651" lon="7.893789"><ele>62.75</ele></trkpt>
   <trkpt lat="52.276837" lon="7.895064"><ele>64.25</ele></trkpt>
   <trkpt lat="52.27736" lon="7.895671"><ele>64</ele></trkpt>
   <trkpt lat="52.277967" lon="7.896443"><ele>62.75</ele></trkpt>
   <trkpt lat="52.278382" lon="7.897028"><ele>62.5</ele></trkpt>
   <trkpt lat="52.278825" lon="7.89771"><ele>62.25</ele></trkpt>
   <trkpt lat="52.279315" lon="7.898541"><ele>61</ele></trkpt>
   <trkpt lat="52.27968" lon="7.899235"><ele>62</ele></trkpt>
   <trkpt lat="52.28" lon="7.899881"><ele>61.75</ele></trkpt>
   <trkpt lat="52.280285" lon="7.900511"><ele>62.5</ele></trkpt>
   <trkpt lat="52.280712" lon="7.901524"><ele>61</ele></trkpt>
   <trkpt lat="52.283385" lon="7.908259"><ele>61.75</ele></trkpt>
   <trkpt lat="52.283431" lon="7.908374"><ele>62</ele></trkpt>
   <trkpt lat="52.283461" lon="7.908452"><ele>62</ele></trkpt>
   <trkpt lat="52.283508" lon="7.908572"><ele>61.75</ele></trkpt>
   <trkpt lat="52.283879" lon="7.909502"><ele>61.5</ele></trkpt>
   <trkpt lat="52.288939" lon="7.922245"><ele>63</ele></trkpt>
   <trkpt lat="52.290016" lon="7.92496"><ele>62.75</ele></trkpt>
   <trkpt lat="52.290771" lon="7.926864"><ele>61.25</ele></trkpt>
   <trkpt lat="52.290803" lon="7.926944"><ele>61.75</ele></trkpt>
   <trkpt lat="52.291494" lon="7.928648"><ele>63</ele></trkpt>
   <trkpt lat="52.291786" lon="7.929335"><ele>63</ele></trkpt>
   <trkpt lat="52.292197" lon="7.93023"><ele>63</ele></trkpt>
   <trkpt lat="52.292508" lon="7.930821"><ele>63</ele></trkpt>
   <trkpt lat="52.292608" lon="7.931024"><ele>63</ele></trkpt>
   <trkpt lat="52.295521" lon="7.937471"><ele>63</ele></trkpt>
   <trkpt lat="52.295719" lon="7.937911"><ele>63.5</ele></trkpt>
   <trkpt lat="52.295826" lon="7.938149"><ele>64</ele></trkpt>
   <trkpt lat="52.295888" lon="7.938286"><ele>63</ele></trkpt>
   <trkpt lat="52.296163" lon="7.938896"><ele>62</ele></trkpt>
   <trkpt lat="52.296332" lon="7.939333"><ele>61.75</ele></trkpt>
   <trkpt lat="52.296578" lon="7.939932"><ele>60.5</ele></trkpt>
   <trkpt lat="52.296623" lon="7.94003"><ele>61.5</ele></trkpt>
   <trkpt lat="52.296867" lon="7.940641"><ele>63</ele></trkpt>
   <trkpt lat="52.296995" lon="7.940949"><ele>64</ele></trkpt>
   <trkpt lat="52.297025" lon="7.94102"><ele>64.25</ele></trkpt>
   <trkpt lat="52.298525" lon="7.94434"><ele>64.25</ele></trkpt>
   <trkpt lat="52.298636" lon="7.944585"><ele>64.25</ele></trkpt>
   <trkpt lat="52.29947" lon="7.946444"><ele>65.5</ele></trkpt>
   <trkpt lat="52.29971" lon="7.947013"><ele>65.5</ele></trkpt>
   <trkpt lat="52.29989" lon="7.947467"><ele>67.75</ele></trkpt>
   <trkpt lat="52.299989" lon="7.947717"><ele>66.25</ele></trkpt>
   <trkpt lat="52.300255" lon="7.948443"><ele>66.25</ele></trkpt>
   <trkpt lat="52.300562" lon="7.949393"><ele>64.75</ele></trkpt>
   <trkpt lat="52.300728" lon="7.949959"><ele>64.25</ele></trkpt>
   <trkpt lat="52.300807" lon="7.95024"><ele>64.75</ele></trkpt>
   <trkpt lat="52.30089" lon="7.950554"><ele>63.5</ele></trkpt>
   <trkpt lat="52.300982" lon="7.950904"><ele>63.25</ele></trkpt>
   <trkpt lat="52.301187" lon="7.951756"><ele>63</ele></trkpt>
   <trkpt lat="52.30133" lon="7.952463"><ele>63.5</ele></trkpt>
   <trkpt lat="52.301479" lon="7.953252"><ele>62.5</ele></trkpt>
   <trkpt lat="52.301596" lon="7.953992"><ele>63</ele></trkpt>
   <trkpt lat="52.301729" lon="7.954958"><ele>61.75</ele></trkpt>
   <trkpt lat="52.301837" lon="7.95596"><ele>62.25</ele></trkpt>
   <trkpt lat="52.301904" lon="7.956899"><ele>63.75</ele></trkpt>
   <trkpt lat="52.301951" lon="7.957756"><ele>63.75</ele></trkpt>
   <trkpt lat="52.302002" lon="7.959217"><ele>63.5</ele></trkpt>
   <trkpt lat="52.302028" lon="7.960036"><ele>63.5</ele></trkpt>
   <trkpt lat="52.302333" lon="7.969024"><ele>62</ele></trkpt>
   <trkpt lat="52.302334" lon="7.969053"><ele>62</ele></trkpt>
   <trkpt lat="52.302597" lon="7.976564"><ele>60.25</ele></trkpt>
   <trkpt lat="52.302722" lon="7.980555"><ele>60.75</ele></trkpt>
   <trkpt lat="52.303007" lon="7.989086"><ele>60.75</ele></trkpt>
   <trkpt lat="52.303011" lon="7.989189"><ele>60.75</ele></trkpt>
   <trkpt lat="52.303074" lon="7.99133"><ele>59.75</ele></trkpt>
   <trkpt lat="52.303078" lon="7.991765"><ele>59.75</ele></trkpt>
   <trkpt lat="52.303078" lon="7.992594"><ele>59.5</ele></trkpt>
   <trkpt lat="52.303051" lon="7.993605"><ele>60.75</ele></trkpt>
   <trkpt lat="52.303008" lon="7.994669"><ele>60.5</ele></trkpt>
   <trkpt lat="52.302979" lon="7.995029"><ele>60.25</ele></trkpt>
   <trkpt lat="52.302845" lon="7.996715"><ele>60.75</ele></trkpt>
   <trkpt lat="52.302771" lon="7.997429"><ele>60.75</ele></trkpt>
   <trkpt lat="52.30264" lon="7.998395"><ele>59.5</ele></trkpt>
   <trkpt lat="52.302445" lon="7.999568"><ele>61.25</ele></trkpt>
   <trkpt lat="52.30231" lon="8.000285"><ele>61</ele></trkpt>
   <trkpt lat="52.302147" lon="8.001079"><ele>61</ele></trkpt>
   <trkpt lat="52.302014" lon="8.001662"><ele>61</ele></trkpt>
   <trkpt lat="52.301923" lon="8.002063"><ele>61</ele></trkpt>
   <trkpt lat="52.301683" lon="8.00303"><ele>60</ele></trkpt>
   <trkpt lat="52.301356" lon="8.004162"><ele>60</ele></trkpt>
   <trkpt lat="52.301213" lon="8.004624"><ele>60</ele></trkpt>
   <trkpt lat="52.300941" lon="8.005442"><ele>60</ele></trkpt>
   <trkpt lat="52.3007" lon="8.006114"><ele>60</ele></trkpt>
   <trkpt lat="52.300515" lon="8.006594"><ele>60</ele></trkpt>
   <trkpt lat="52.300245" lon="8.007255"><ele>61</ele></trkpt>
   <trkpt lat="52.29997" lon="8.007886"><ele>61</ele></trkpt>
   <trkpt lat="52.299722" lon="8.008421"><ele>61</ele></trkpt>
   <trkpt lat="52.299701" lon="8.008465"><ele>61</ele></trkpt>
   <trkpt lat="52.29925" lon="8.009413"><ele>60</ele></trkpt>
   <trkpt lat="52.299139" lon="8.009656"><ele>60</ele></trkpt>
   <trkpt lat="52.29824" lon="8.011483"><ele>60</ele></trkpt>
   <trkpt lat="52.29729" lon="8.013432"><ele>60</ele></trkpt>
   <trkpt lat="52.296579" lon="8.014894"><ele>60</ele></trkpt>
   <trkpt lat="52.296468" lon="8.015121"><ele>60</ele></trkpt>
   <trkpt lat="52.296079" lon="8.015917"><ele>60</ele></trkpt>
   <trkpt lat="52.295999" lon="8.016078"><ele>60</ele></trkpt>
   <trkpt lat="52.295672" lon="8.016739"><ele>60</ele></trkpt>
   <trkpt lat="52.295081" lon="8.017936"><ele>60</ele></trkpt>
   <trkpt lat="52.295015" lon="8.01807"><ele>60</ele></trkpt>
   <trkpt lat="52.293176" lon="8.021789"><ele>60</ele></trkpt>
   <trkpt lat="52.293075" lon="8.02199"><ele>59.75</ele></trkpt>
   <trkpt lat="52.293022" lon="8.022099"><ele>60</ele></trkpt>
   <trkpt lat="52.292963" lon="8.022218"><ele>60</ele></trkpt>
   <trkpt lat="52.289243" lon="8.029753"><ele>59</ele></trkpt>
   <trkpt lat="52.288427" lon="8.0314"><ele>59</ele></trkpt>
   <trkpt lat="52.287798" lon="8.032669"><ele>59</ele></trkpt>
   <trkpt lat="52.286709" lon="8.034876"><ele>59.75</ele></trkpt>
   <trkpt lat="52.285378" lon="8.037558"><ele>59.25</ele></trkpt>
   <trkpt lat="52.28524" lon="8.037838"><ele>59</ele></trkpt>
   <trkpt lat="52.284933" lon="8.038457"><ele>59</ele></trkpt>
   <trkpt lat="52.284819" lon="8.038688"><ele>59</ele></trkpt>
   <trkpt lat="52.284686" lon="8.038959"><ele>59</ele></trkpt>
   <trkpt lat="52.28422" lon="8.039897"><ele>59</ele></trkpt>
   <trkpt lat="52.283634" lon="8.04102"><ele>59</ele></trkpt>
   <trkpt lat="52.283428" lon="8.041402"><ele>59.25</ele></trkpt>
   <trkpt lat="52.2826" lon="8.042854"><ele>62</ele></trkpt>
   <trkpt lat="52.28251" lon="8.043013"><ele>62.5</ele></trkpt>
   <trkpt lat="52.282217" lon="8.043511"><ele>63.5</ele></trkpt>
   <trkpt lat="52.280989" lon="8.045589"><ele>62.25</ele></trkpt>
   <trkpt lat="52.280489" lon="8.04647"><ele>63</ele></trkpt>
   <trkpt lat="52.280003" lon="8.047363"><ele>63.5</ele></trkpt>
   <trkpt lat="52.279777" lon="8.047786"><ele>63</ele></trkpt>
   <trkpt lat="52.278895" lon="8.049465"><ele>63</ele></trkpt>
   <trkpt lat="52.277819" lon="8.051499"><ele>63</ele></trkpt>
   <trkpt lat="52.277469" lon="8.052134"><ele>63</ele></trkpt>
   <trkpt lat="52.277462" lon="8.052147"><ele>63</ele></trkpt>
   <trkpt lat="52.277418" lon="8.052232"><ele>63</ele></trkpt>
   <trkpt lat="52.277326" lon="8.052407"><ele>63</ele></trkpt>
   <trkpt lat="52.277019" lon="8.053036"><ele>62.75</ele></trkpt>
   <trkpt lat="52.276894" lon="8.053261"><ele>63</ele></trkpt>
   <trkpt lat="52.27686" lon="8.053319"><ele>63</ele></trkpt>
   <trkpt lat="52.276682" lon="8.053626"><ele>63.25</ele></trkpt>
   <trkpt lat="52.276524" lon="8.053913"><ele>63.75</ele></trkpt>
   <trkpt lat="52.276505" lon="8.053946"><ele>63.75</ele></trkpt>
   <trkpt lat="52.276459" lon="8.05402"><ele>64</ele></trkpt>
   <trkpt lat="52.276143" lon="8.054502"><ele>64</ele></trkpt>
   <trkpt lat="52.276053" lon="8.054651"><ele>64</ele></trkpt>
   <trkpt lat="52.275972" lon="8.054805"><ele>64</ele></trkpt>
   <trkpt lat="52.275943" lon="8.054858"><ele>64</ele></trkpt>
   <trkpt lat="52.275925" lon="8.054892"><ele>64</ele></trkpt>
   <trkpt lat="52.275912" lon="8.054913"><ele>64</ele></trkpt>
   <trkpt lat="52.275787" lon="8.055113"><ele>64</ele></trkpt>
   <trkpt lat="52.275399" lon="8.055653"><ele>65</ele></trkpt>
   <trkpt lat="52.275247" lon="8.055876"><ele>65</ele></trkpt>
   <trkpt lat="52.275007" lon="8.056294"><ele>65.5</ele></trkpt>
   <trkpt lat="52.274593" lon="8.057023"><ele>66</ele></trkpt>
   <trkpt lat="52.274309" lon="8.057573"><ele>66</ele></trkpt>
   <trkpt lat="52.274072" lon="8.058092"><ele>67</ele></trkpt>
   <trkpt lat="52.273918" lon="8.058452"><ele>67</ele></trkpt>
   <trkpt lat="52.273803" lon="8.058741"><ele>67.25</ele></trkpt>
   <trkpt lat="52.273399" lon="8.059771"><ele>69</ele></trkpt>
   <trkpt lat="52.272928" lon="8.061044"><ele>70.25</ele></trkpt>
   <trkpt lat="52.272904" lon="8.061111"><ele>70.25</ele></trkpt>
   <trkpt lat="52.272483" lon="8.062212"><ele>65.75</ele></trkpt>
   <trkpt lat="52.272474" lon="8.062234"><ele>65.5</ele></trkpt>
   <trkpt lat="52.27244" lon="8.062325"><ele>64</ele></trkpt>
   <trkpt lat="52.272334" lon="8.062618"><ele>64</ele></trkpt>
   <trkpt lat="52.272138" lon="8.063076"><ele>64</ele></trkpt>
   <trkpt lat="52.272025" lon="8.063307"><ele>64</ele></trkpt>
   <trkpt lat="52.27192" lon="8.063503"><ele>64</ele></trkpt>
   <trkpt lat="52.271792" lon="8.063736"><ele>64</ele></trkpt>
   <trkpt lat="52.271507" lon="8.064253"><ele>64.5</ele></trkpt>
   <trkpt lat="52.271484" lon="8.064294"><ele>64.5</ele></trkpt>
   <trkpt lat="52.271473" lon="8.064314"><ele>64.5</ele></trkpt>
   <trkpt lat="52.271382" lon="8.064477"><ele>65</ele></trkpt>
   <trkpt lat="52.271135" lon="8.064961"><ele>65</ele></trkpt>
   <trkpt lat="52.271" lon="8.065275"><ele>65</ele></trkpt>
   <trkpt lat="52.27088" lon="8.065588"><ele>65</ele></trkpt>
   <trkpt lat="52.27079" lon="8.065864"><ele>65</ele></trkpt>
   <trkpt lat="52.27071" lon="8.0661"><ele>65</ele></trkpt>
   <trkpt lat="52.270541" lon="8.066724"><ele>65</ele></trkpt>
   <trkpt lat="52.270384" lon="8.06737"><ele>65</ele></trkpt>
   <trkpt lat="52.270254" lon="8.068097"><ele>65</ele></trkpt>
   <trkpt lat="52.270194" lon="8.068577"><ele>65</ele></trkpt>
   <trkpt lat="52.270008" lon="8.070405"><ele>65</ele></trkpt>
   <trkpt lat="52.269967" lon="8.070818"><ele>65</ele></trkpt>
   <trkpt lat="52.269906" lon="8.071427"><ele>65</ele></trkpt>
   <trkpt lat="52.269892" lon="8.071552"><ele>65</ele></trkpt>
   <trkpt lat="52.269871" lon="8.071864"><ele>65</ele></trkpt>
   <trkpt lat="52.269851" lon="8.072346"><ele>65</ele></trkpt>
   <trkpt lat="52.269839" lon="8.07246"><ele>65</ele></trkpt>
   <trkpt lat="52.269822" lon="8.072637"><ele>65</ele></trkpt>
   <trkpt lat="52.268793" lon="8.082768"><ele>65</ele></trkpt>
   <trkpt lat="52.268779" lon="8.082909"><ele>65</ele></trkpt>
   <trkpt lat="52.268658" lon="8.083692"><ele>65</ele></trkpt>
   <trkpt lat="52.268622" lon="8.084024"><ele>64.75</ele></trkpt>
   <trkpt lat="52.268586" lon="8.084316"><ele>65</ele></trkpt>
   <trkpt lat="52.2685" lon="8.084859"><ele>65</ele></trkpt>
   <trkpt lat="52.26842" lon="8.085589"><ele>65</ele></trkpt>
   <trkpt lat="52.268413" lon="8.085645"><ele>65</ele></trkpt>
   <trkpt lat="52.2684" lon="8.085793"><ele>65</ele></trkpt>
   <trkpt lat="52.268326" lon="8.086574"><ele>65</ele></trkpt>
   <trkpt lat="52.268232" lon="8.087881"><ele>65</ele></trkpt>
   <trkpt lat="52.268144" lon="8.088725"><ele>65</ele></trkpt>
   <trkpt lat="52.268132" lon="8.08885"><ele>65</ele></trkpt>
   <trkpt lat="52.26804" lon="8.089766"><ele>65</ele></trkpt>
   <trkpt lat="52.267907" lon="8.091078"><ele>65</ele></trkpt>
   <trkpt lat="52.267861" lon="8.09153"><ele>65</ele></trkpt>
   <trkpt lat="52.267756" lon="8.092579"><ele>65</ele></trkpt>
   <trkpt lat="52.267646" lon="8.093957"><ele>66</ele></trkpt>
   <trkpt lat="52.267214" lon="8.099433"><ele>67</ele></trkpt>
   <trkpt lat="52.267032" lon="8.101621"><ele>67.25</ele></trkpt>
   <trkpt lat="52.267002" lon="8.102026"><ele>67</ele></trkpt>
   <trkpt lat="52.266981" lon="8.102603"><ele>67</ele></trkpt>
   <trkpt lat="52.266976" lon="8.102846"><ele>67</ele></trkpt>
   <trkpt lat="52.266975" lon="8.102871"><ele>67</ele></trkpt>
   <trkpt lat="52.266953" lon="8.103447"><ele>67</ele></trkpt>
   <trkpt lat="52.26691" lon="8.103977"><ele>67</ele></trkpt>
   <trkpt lat="52.266898" lon="8.104098"><ele>67</ele></trkpt>
   <trkpt lat="52.266788" lon="8.105181"><ele>67.25</ele></trkpt>
   <trkpt lat="52.266786" lon="8.105201"><ele>67.25</ele></trkpt>
   <trkpt lat="52.266781" lon="8.105256"><ele>67.25</ele></trkpt>
   <trkpt lat="52.266778" lon="8.105282"><ele>67.25</ele></trkpt>
   <trkpt lat="52.26657" lon="8.107396"><ele>68</ele></trkpt>
   <trkpt lat="52.266498" lon="8.108256"><ele>68</ele></trkpt>
   <trkpt lat="52.266409" lon="8.109563"><ele>68</ele></trkpt>
   <trkpt lat="52.266091" lon="8.115007"><ele>68</ele></trkpt>
   <trkpt lat="52.266077" lon="8.115239"><ele>68</ele></trkpt>
   <trkpt lat="52.266038" lon="8.115952"><ele>68</ele></trkpt>
   <trkpt lat="52.266015" lon="8.116301"><ele>68</ele></trkpt>
   <trkpt lat="52.265779" lon="8.12064"><ele>68</ele></trkpt>
   <trkpt lat="52.265551" lon="8.124615"><ele>70</ele></trkpt>
   <trkpt lat="52.26555" lon="8.12463"><ele>70</ele></trkpt>
   <trkpt lat="52.26548" lon="8.125851"><ele>68.75</ele></trkpt>
   <trkpt lat="52.265465" lon="8.126109"><ele>68</ele></trkpt>
   <trkpt lat="52.265444" lon="8.126463"><ele>68</ele></trkpt>
   <trkpt lat="52.265018" lon="8.133715"><ele>68</ele></trkpt>
   <trkpt lat="52.264702" lon="8.139222"><ele>68</ele></trkpt>
   <trkpt lat="52.264674" lon="8.139705"><ele>68</ele></trkpt>
   <trkpt lat="52.264163" lon="8.14874"><ele>70</ele></trkpt>
   <trkpt lat="52.263984" lon="8.151543"><ele>70</ele></trkpt>
   <trkpt lat="52.263961" lon="8.151895"><ele>70</ele></trkpt>
   <trkpt lat="52.263957" lon="8.151963"><ele>70</ele></trkpt>
   <trkpt lat="52.263941" lon="8.152235"><ele>70</ele></trkpt>
   <trkpt lat="52.263938" lon="8.152293"><ele>70</ele></trkpt>
   <trkpt lat="52.263377" lon="8.161943"><ele>70</ele></trkpt>
   <trkpt lat="52.26336" lon="8.162222"><ele>70</ele></trkpt>
   <trkpt lat="52.263341" lon="8.162542"><ele>70</ele></trkpt>
   <trkpt lat="52.263322" lon="8.162875"><ele>70</ele></trkpt>
   <trkpt lat="52.262581" lon="8.175552"><ele>71</ele></trkpt>
   <trkpt lat="52.262579" lon="8.175589"><ele>71</ele></trkpt>
   <trkpt lat="52.262555" lon="8.175987"><ele>71</ele></trkpt>
   <trkpt lat="52.262549" lon="8.176089"><ele>71</ele></trkpt>
   <trkpt lat="52.262542" lon="8.176203"><ele>71</ele></trkpt>
   <trkpt lat="52.261853" lon="8.188042"><ele>72</ele></trkpt>
   <trkpt lat="52.261841" lon="8.188253"><ele>72</ele></trkpt>
   <trkpt lat="52.261834" lon="8.188363"><ele>72</ele></trkpt>
   <trkpt lat="52.261808" lon="8.188865"><ele>72</ele></trkpt>
   <trkpt lat="52.261712" lon="8.190235"><ele>72.75</ele></trkpt>
   <trkpt lat="52.261649" lon="8.190955"><ele>72.75</ele></trkpt>
   <trkpt lat="52.261574" lon="8.191675"><ele>73</ele></trkpt>
   <trkpt lat="52.261507" lon="8.192216"><ele>73</ele></trkpt>
   <trkpt lat="52.261384" lon="8.19311"><ele>73</ele></trkpt>
   <trkpt lat="52.261215" lon="8.194166"><ele>73</ele></trkpt>
   <trkpt lat="52.261162" lon="8.19445"><ele>73</ele></trkpt>
   <trkpt lat="52.261103" lon="8.194768"><ele>73</ele></trkpt>
   <trkpt lat="52.260928" lon="8.195632"><ele>73</ele></trkpt>
   <trkpt lat="52.260671" lon="8.196731"><ele>73.25</ele></trkpt>
   <trkpt lat="52.260525" lon="8.19731"><ele>73.75</ele></trkpt>
   <trkpt lat="52.260338" lon="8.197995"><ele>73</ele></trkpt>
   <trkpt lat="52.260173" lon="8.198569"><ele>73.5</ele></trkpt>
   <trkpt lat="52.258731" lon="8.203404"><ele>74</ele></trkpt>
   <trkpt lat="52.258497" lon="8.20418"><ele>74</ele></trkpt>
   <trkpt lat="52.25825" lon="8.205017"><ele>74</ele></trkpt>
   <trkpt lat="52.258178" lon="8.205257"><ele>74</ele></trkpt>
   <trkpt lat="52.258033" lon="8.205744"><ele>74</ele></trkpt>
   <trkpt lat="52.257876" lon="8.206272"><ele>74</ele></trkpt>
   <trkpt lat="52.257758" lon="8.206664"><ele>74</ele></trkpt>
   <trkpt lat="52.256955" lon="8.209378"><ele>74</ele></trkpt>
   <trkpt lat="52.255387" lon="8.214676"><ele>74</ele></trkpt>
   <trkpt lat="52.255197" lon="8.215319"><ele>74</ele></trkpt>
   <trkpt lat="52.253908" lon="8.219608"><ele>75</ele></trkpt>
   <trkpt lat="52.251439" lon="8.227908"><ele>75</ele></trkpt>
   <trkpt lat="52.251423" lon="8.227962"><ele>75</ele></trkpt>
   <trkpt lat="52.251381" lon="8.228088"><ele>75</ele></trkpt>
   <trkpt lat="52.251351" lon="8.228189"><ele>75</ele></trkpt>
   <trkpt lat="52.25113" lon="8.228934"><ele>75</ele></trkpt>
   <trkpt lat="52.249548" lon="8.234254"><ele>75</ele></trkpt>
   <trkpt lat="52.249081" lon="8.235816"><ele>75</ele></trkpt>
   <trkpt lat="52.248818" lon="8.236691"><ele>75</ele></trkpt>
   <trkpt lat="52.24877" lon="8.236854"><ele>75</ele></trkpt>
   <trkpt lat="52.244989" lon="8.249527"><ele>76</ele></trkpt>
   <trkpt lat="52.244876" lon="8.249904"><ele>76</ele></trkpt>
   <trkpt lat="52.24483" lon="8.250061"><ele>76</ele></trkpt>
   <trkpt lat="52.244792" lon="8.250196"><ele>76</ele></trkpt>
   <trkpt lat="52.240596" lon="8.264246"><ele>76</ele></trkpt>
   <trkpt lat="52.239419" lon="8.268154"><ele>76</ele></trkpt>
   <trkpt lat="52.23674" lon="8.277108"><ele>76</ele></trkpt>
   <trkpt lat="52.236111" lon="8.279216"><ele>77</ele></trkpt>
   <trkpt lat="52.235954" lon="8.27974"><ele>77</ele></trkpt>
   <trkpt lat="52.23592" lon="8.279861"><ele>77</ele></trkpt>
   <trkpt lat="52.235895" lon="8.279941"><ele>77</ele></trkpt>
   <trkpt lat="52.235864" lon="8.280039"><ele>77</ele></trkpt>
   <trkpt lat="52.235843" lon="8.28012"><ele>77</ele></trkpt>
   <trkpt lat="52.235378" lon="8.281684"><ele>77</ele></trkpt>
   <trkpt lat="52.234651" lon="8.284167"><ele>78</ele></trkpt>
   <trkpt lat="52.234199" lon="8.285671"><ele>77.75</ele></trkpt>
   <trkpt lat="52.233684" lon="8.287231"><ele>78</ele></trkpt>
   <trkpt lat="52.233054" lon="8.288912"><ele>78</ele></trkpt>
   <trkpt lat="52.232579" lon="8.290105"><ele>79</ele></trkpt>
   <trkpt lat="52.232076" lon="8.291245"><ele>79</ele></trkpt>
   <trkpt lat="52.231964" lon="8.291482"><ele>79</ele></trkpt>
   <trkpt lat="52.231888" lon="8.291642"><ele>79</ele></trkpt>
   <trkpt lat="52.231405" lon="8.292658"><ele>79</ele></trkpt>
   <trkpt lat="52.230722" lon="8.293969"><ele>79</ele></trkpt>
   <trkpt lat="52.230228" lon="8.294842"><ele>80</ele></trkpt>
   <trkpt lat="52.229744" lon="8.295676"><ele>80</ele></trkpt>
   <trkpt lat="52.228198" lon="8.298279"><ele>80</ele></trkpt>
   <trkpt lat="52.228136" lon="8.298387"><ele>80</ele></trkpt>
   <trkpt lat="52.22808" lon="8.298481"><ele>80</ele></trkpt>
   <trkpt lat="52.222927" lon="8.30718"><ele>79</ele></trkpt>
   <trkpt lat="52.222867" lon="8.307283"><ele>79</ele></trkpt>
   <trkpt lat="52.222804" lon="8.307389"><ele>79</ele></trkpt>
   <trkpt lat="52.220251" lon="8.3117"><ele>79</ele></trkpt>
   <trkpt lat="52.21738" lon="8.316543"><ele>82</ele></trkpt>
   <trkpt lat="52.21729" lon="8.316694"><ele>82</ele></trkpt>
   <trkpt lat="52.217262" lon="8.31674"><ele>82.25</ele></trkpt>
   <trkpt lat="52.217201" lon="8.316843"><ele>82.5</ele></trkpt>
   <trkpt lat="52.217061" lon="8.317079"><ele>82.5</ele></trkpt>
   <trkpt lat="52.217022" lon="8.317142"><ele>82.75</ele></trkpt>
   <trkpt lat="52.216657" lon="8.31775"><ele>82.75</ele></trkpt>
   <trkpt lat="52.214471" lon="8.321427"><ele>81</ele></trkpt>
   <trkpt lat="52.21272" lon="8.324393"><ele>79.75</ele></trkpt>
   <trkpt lat="52.212514" lon="8.324788"><ele>80</ele></trkpt>
   <trkpt lat="52.212266" lon="8.325263"><ele>80</ele></trkpt>
   <trkpt lat="52.211819" lon="8.326197"><ele>78.75</ele></trkpt>
   <trkpt lat="52.211414" lon="8.327155"><ele>78</ele></trkpt>
   <trkpt lat="52.211328" lon="8.327381"><ele>78</ele></trkpt>
   <trkpt lat="52.211311" lon="8.327429"><ele>78</ele></trkpt>
   <trkpt lat="52.21084" lon="8.328743"><ele>81.25</ele></trkpt>
   <trkpt lat="52.210797" lon="8.328868"><ele>81.75</ele></trkpt>
   <trkpt lat="52.210486" lon="8.329916"><ele>84.25</ele></trkpt>
   <trkpt lat="52.210347" lon="8.330459"><ele>84.25</ele></trkpt>
   <trkpt lat="52.210148" lon="8.331346"><ele>82</ele></trkpt>
   <trkpt lat="52.210067" lon="8.33179"><ele>80.25</ele></trkpt>
   <trkpt lat="52.210001" lon="8.332154"><ele>79</ele></trkpt>
   <trkpt lat="52.209902" lon="8.332777"><ele>79</ele></trkpt>
   <trkpt lat="52.209881" lon="8.332921"><ele>79</ele></trkpt>
   <trkpt lat="52.209861" lon="8.333057"><ele>79</ele></trkpt>
   <trkpt lat="52.209828" lon="8.333289"><ele>79</ele></trkpt>
   <trkpt lat="52.209706" lon="8.333951"><ele>78.75</ele></trkpt>
   <trkpt lat="52.209623" lon="8.334517"><ele>78.5</ele></trkpt>
   <trkpt lat="52.209552" lon="8.33506"><ele>79</ele></trkpt>
   <trkpt lat="52.209497" lon="8.33565"><ele>79</ele></trkpt>
   <trkpt lat="52.209439" lon="8.336627"><ele>78.75</ele></trkpt>
   <trkpt lat="52.209427" lon="8.337569"><ele>78.75</ele></trkpt>
   <trkpt lat="52.209428" lon="8.33819"><ele>78.75</ele></trkpt>
   <trkpt lat="52.209421" lon="8.338756"><ele>78.75</ele></trkpt>
   <trkpt lat="52.209393" lon="8.340014"><ele>78.75</ele></trkpt>
   <trkpt lat="52.209351" lon="8.341234"><ele>78.5</ele></trkpt>
   <trkpt lat="52.209304" lon="8.342297"><ele>78.25</ele></trkpt>
   <trkpt lat="52.20921" lon="8.343863"><ele>78</ele></trkpt>
   <trkpt lat="52.209133" lon="8.345121"><ele>78</ele></trkpt>
   <trkpt lat="52.209103" lon="8.345605"><ele>78.75</ele></trkpt>
   <trkpt lat="52.209084" lon="8.346142"><ele>78.5</ele></trkpt>
   <trkpt lat="52.209075" lon="8.346851"><ele>78.75</ele></trkpt>
   <trkpt lat="52.209072" lon="8.346942"><ele>78.75</ele></trkpt>
   <trkpt lat="52.209052" lon="8.347385"><ele>79</ele></trkpt>
   <trkpt lat="52.209012" lon="8.3485"><ele>79.25</ele></trkpt>
   <trkpt lat="52.208999" lon="8.348848"><ele>79.25</ele></trkpt>
   <trkpt lat="52.208974" lon="8.34955"><ele>79</ele></trkpt>
   <trkpt lat="52.208926" lon="8.350622"><ele>78</ele></trkpt>
   <trkpt lat="52.208841" lon="8.352157"><ele>77.75</ele></trkpt>
   <trkpt lat="52.208642" lon="8.355598"><ele>78</ele></trkpt>
   <trkpt lat="52.208634" lon="8.355726"><ele>78</ele></trkpt>
   <trkpt lat="52.208584" lon="8.356565"><ele>78.75</ele></trkpt>
   <trkpt lat="52.208009" lon="8.366457"><ele>75</ele></trkpt>
   <trkpt lat="52.207583" lon="8.373735"><ele>74</ele></trkpt>
   <trkpt lat="52.207575" lon="8.373876"><ele>74</ele></trkpt>
   <trkpt lat="52.207569" lon="8.373984"><ele>73.5</ele></trkpt>
   <trkpt lat="52.207419" lon="8.37653"><ele>74</ele></trkpt>
   <trkpt lat="52.207125" lon="8.381672"><ele>73.5</ele></trkpt>
   <trkpt lat="52.207116" lon="8.381825"><ele>73.5</ele></trkpt>
   <trkpt lat="52.207108" lon="8.38196"><ele>73.5</ele></trkpt>
   <trkpt lat="52.207106" lon="8.382004"><ele>73.5</ele></trkpt>
   <trkpt lat="52.206759" lon="8.387904"><ele>73.25</ele></trkpt>
   <trkpt lat="52.206678" lon="8.38998"><ele>72</ele></trkpt>
   <trkpt lat="52.206654" lon="8.391751"><ele>73</ele></trkpt>
   <trkpt lat="52.206756" lon="8.404645"><ele>71</ele></trkpt>
   <trkpt lat="52.206756" lon="8.404805"><ele>71</ele></trkpt>
   <trkpt lat="52.206758" lon="8.40494"><ele>71</ele></trkpt>
   <trkpt lat="52.206761" lon="8.405309"><ele>71</ele></trkpt>
   <trkpt lat="52.206865" lon="8.419261"><ele>70.5</ele></trkpt>
   <trkpt lat="52.206934" lon="8.429127"><ele>70.75</ele></trkpt>
   <trkpt lat="52.206941" lon="8.430656"><ele>70.75</ele></trkpt>
   <trkpt lat="52.20692" lon="8.432054"><ele>70</ele></trkpt>
   <trkpt lat="52.20685" lon="8.433797"><ele>69.5</ele></trkpt>
   <trkpt lat="52.206828" lon="8.434134"><ele>69</ele></trkpt>
   <trkpt lat="52.206795" lon="8.434646"><ele>69</ele></trkpt>
   <trkpt lat="52.206752" lon="8.435272"><ele>69.25</ele></trkpt>
   <trkpt lat="52.206723" lon="8.435619"><ele>69.75</ele></trkpt>
   <trkpt lat="52.206692" lon="8.435992"><ele>69.75</ele></trkpt>
   <trkpt lat="52.206576" lon="8.437187"><ele>69.5</ele></trkpt>
   <trkpt lat="52.206415" lon="8.438507"><ele>69.5</ele></trkpt>
   <trkpt lat="52.206276" lon="8.439505"><ele>69</ele></trkpt>
   <trkpt lat="52.206104" lon="8.440679"><ele>69.75</ele></trkpt>
   <trkpt lat="52.206069" lon="8.440886"><ele>69.5</ele></trkpt>
   <trkpt lat="52.205893" lon="8.441887"><ele>69</ele></trkpt>
   <trkpt lat="52.205466" lon="8.444014"><ele>69.25</ele></trkpt>
   <trkpt lat="52.205393" lon="8.444343"><ele>69.25</ele></trkpt>
   <trkpt lat="52.205047" lon="8.445937"><ele>69.25</ele></trkpt>
   <trkpt lat="52.20504" lon="8.445969"><ele>69.25</ele></trkpt>
   <trkpt lat="52.204977" lon="8.446267"><ele>69.75</ele></trkpt>
   <trkpt lat="52.204647" lon="8.447791"><ele>70</ele></trkpt>
   <trkpt lat="52.204635" lon="8.44785"><ele>70</ele></trkpt>
   <trkpt lat="52.204472" lon="8.448607"><ele>70.75</ele></trkpt>
   <trkpt lat="52.204374" lon="8.449057"><ele>70.25</ele></trkpt>
   <trkpt lat="52.204103" lon="8.450317"><ele>70</ele></trkpt>
   <trkpt lat="52.203819" lon="8.451643"><ele>70</ele></trkpt>
   <trkpt lat="52.203734" lon="8.452034"><ele>70.25</ele></trkpt>
   <trkpt lat="52.2037" lon="8.452191"><ele>70.25</ele></trkpt>
   <trkpt lat="52.202993" lon="8.455518"><ele>69.75</ele></trkpt>
   <trkpt lat="52.202916" lon="8.455874"><ele>69.5</ele></trkpt>
   <trkpt lat="52.202895" lon="8.455976"><ele>69.5</ele></trkpt>
   <trkpt lat="52.202751" lon="8.456632"><ele>69.75</ele></trkpt>
   <trkpt lat="52.202737" lon="8.456706"><ele>69.5</ele></trkpt>
   <trkpt lat="52.202725" lon="8.456761"><ele>69.5</ele></trkpt>
   <trkpt lat="52.202482" lon="8.457899"><ele>68.75</ele></trkpt>
   <trkpt lat="52.202169" lon="8.459368"><ele>69</ele></trkpt>
   <trkpt lat="52.202158" lon="8.459418"><ele>69</ele></trkpt>
   <trkpt lat="52.202137" lon="8.459514"><ele>69</ele></trkpt>
   <trkpt lat="52.200324" lon="8.467953"><ele>68.75</ele></trkpt>
   <trkpt lat="52.2003" lon="8.468063"><ele>68.75</ele></trkpt>
   <trkpt lat="52.19994" lon="8.469745"><ele>69</ele></trkpt>
   <trkpt lat="52.198468" lon="8.476652"><ele>69.25</ele></trkpt>
   <trkpt lat="52.198157" lon="8.478196"><ele>71.5</ele></trkpt>
   <trkpt lat="52.197962" lon="8.479249"><ele>71.75</ele></trkpt>
   <trkpt lat="52.197608" lon="8.481366"><ele>71.25</ele></trkpt>
   <trkpt lat="52.197448" lon="8.482433"><ele>70.75</ele></trkpt>
   <trkpt lat="52.197437" lon="8.482506"><ele>70.75</ele></trkpt>
   <trkpt lat="52.19727" lon="8.483691"><ele>71</ele></trkpt>
   <trkpt lat="52.197172" lon="8.484439"><ele>70.75</ele></trkpt>
   <trkpt lat="52.197041" lon="8.485512"><ele>69</ele></trkpt>
   <trkpt lat="52.196921" lon="8.486593"><ele>70.75</ele></trkpt>
   <trkpt lat="52.19681" lon="8.487676"><ele>70</ele></trkpt>
   <trkpt lat="52.196724" lon="8.488619"><ele>70</ele></trkpt>
   <trkpt lat="52.196555" lon="8.490796"><ele>70</ele></trkpt>
   <trkpt lat="52.196499" lon="8.491673"><ele>69.75</ele></trkpt>
   <trkpt lat="52.196429" lon="8.492981"><ele>69.75</ele></trkpt>
   <trkpt lat="52.196386" lon="8.494005"><ele>69.75</ele></trkpt>
   <trkpt lat="52.196349" lon="8.495097"><ele>69.75</ele></trkpt>
   <trkpt lat="52.196323" lon="8.496199"><ele>70</ele></trkpt>
   <trkpt lat="52.196308" lon="8.497299"><ele>70</ele></trkpt>
   <trkpt lat="52.196282" lon="8.501698"><ele>69.5</ele></trkpt>
   <trkpt lat="52.196258" lon="8.505879"><ele>70</ele></trkpt>
   <trkpt lat="52.196254" lon="8.506586"><ele>70</ele></trkpt>
   <trkpt lat="52.196239" lon="8.508985"><ele>70</ele></trkpt>
   <trkpt lat="52.196173" lon="8.520218"><ele>67.75</ele></trkpt>
   <trkpt lat="52.196163" lon="8.520898"><ele>67.75</ele></trkpt>
   <trkpt lat="52.196163" lon="8.52221"><ele>65.75</ele></trkpt>
   <trkpt lat="52.19616" lon="8.522426"><ele>67</ele></trkpt>
   <trkpt lat="52.196106" lon="8.53214"><ele>64.75</ele></trkpt>
   <trkpt lat="52.196038" lon="8.543048"><ele>64.5</ele></trkpt>
   <trkpt lat="52.19604" lon="8.544153"><ele>64.75</ele></trkpt>
   <trkpt lat="52.196049" lon="8.54483"><ele>65.75</ele></trkpt>
   <trkpt lat="52.196051" lon="8.544932"><ele>65.75</ele></trkpt>
   <trkpt lat="52.196056" lon="8.545068"><ele>65.5</ele></trkpt>
   <trkpt lat="52.196086" lon="8.546085"><ele>64.75</ele></trkpt>
   <trkpt lat="52.19617" lon="8.54773"><ele>64.75</ele></trkpt>
   <trkpt lat="52.196231" lon="8.548599"><ele>64</ele></trkpt>
   <trkpt lat="52.196303" lon="8.549466"><ele>64.5</ele></trkpt>
   <trkpt lat="52.196403" lon="8.550483"><ele>65.75</ele></trkpt>
   <trkpt lat="52.196525" lon="8.551561"><ele>66</ele></trkpt>
   <trkpt lat="52.196666" lon="8.552639"><ele>67</ele></trkpt>
   <trkpt lat="52.196824" lon="8.553704"><ele>67</ele></trkpt>
   <trkpt lat="52.197" lon="8.554762"><ele>67.75</ele></trkpt>
   <trkpt lat="52.197193" lon="8.555817"><ele>68</ele></trkpt>
   <trkpt lat="52.197383" lon="8.556764"><ele>68</ele></trkpt>
   <trkpt lat="52.197415" lon="8.556916"><ele>68</ele></trkpt>
   <trkpt lat="52.197453" lon="8.557091"><ele>68</ele></trkpt>
   <trkpt lat="52.197525" lon="8.557428"><ele>67.75</ele></trkpt>
   <trkpt lat="52.197631" lon="8.557895"><ele>67.25</ele></trkpt>
   <trkpt lat="52.197877" lon="8.558918"><ele>66</ele></trkpt>
   <trkpt lat="52.198137" lon="8.559926"><ele>66.25</ele></trkpt>
   <trkpt lat="52.198406" lon="8.560913"><ele>66.75</ele></trkpt>
   <trkpt lat="52.198413" lon="8.560934"><ele>66.75</ele></trkpt>
   <trkpt lat="52.19862" lon="8.561682"><ele>67</ele></trkpt>
   <trkpt lat="52.198874" lon="8.562596"><ele>67</ele></trkpt>
   <trkpt lat="52.19909" lon="8.56337"><ele>66.5</ele></trkpt>
   <trkpt lat="52.199487" lon="8.564801"><ele>66.75</ele></trkpt>
   <trkpt lat="52.199568" lon="8.565096"><ele>66.25</ele></trkpt>
   <trkpt lat="52.199839" lon="8.566066"><ele>66.25</ele></trkpt>
   <trkpt lat="52.200222" lon="8.567446"><ele>66.5</ele></trkpt>
   <trkpt lat="52.200492" lon="8.568412"><ele>65.75</ele></trkpt>
   <trkpt lat="52.200504" lon="8.568453"><ele>65.75</ele></trkpt>
   <trkpt lat="52.200812" lon="8.569564"><ele>65.25</ele></trkpt>
   <trkpt lat="52.201473" lon="8.571769"><ele>65</ele></trkpt>
   <trkpt lat="52.201543" lon="8.572005"><ele>64.75</ele></trkpt>
   <trkpt lat="52.201769" lon="8.572752"><ele>65.25</ele></trkpt>
   <trkpt lat="52.202013" lon="8.573594"><ele>66</ele></trkpt>
   <trkpt lat="52.202119" lon="8.573971"><ele>66</ele></trkpt>
   <trkpt lat="52.202165" lon="8.574133"><ele>66</ele></trkpt>
   <trkpt lat="52.202191" lon="8.574226"><ele>66</ele></trkpt>
   <trkpt lat="52.202318" lon="8.574685"><ele>66</ele></trkpt>
   <trkpt lat="52.202582" lon="8.575642"><ele>65.5</ele></trkpt>
   <trkpt lat="52.202862" lon="8.576697"><ele>65.5</ele></trkpt>
   <trkpt lat="52.203036" lon="8.577349"><ele>65</ele></trkpt>
   <trkpt lat="52.203251" lon="8.578177"><ele>65</ele></trkpt>
   <trkpt lat="52.203311" lon="8.578408"><ele>65</ele></trkpt>
   <trkpt lat="52.203392" lon="8.578753"><ele>65</ele></trkpt>
   <trkpt lat="52.203446" lon="8.57904"><ele>65</ele></trkpt>
   <trkpt lat="52.203527" lon="8.5794"><ele>65</ele></trkpt>
   <trkpt lat="52.20355" lon="8.579486"><ele>65</ele></trkpt>
   <trkpt lat="52.20356" lon="8.579522"><ele>65</ele></trkpt>
   <trkpt lat="52.20364" lon="8.579864"><ele>65</ele></trkpt>
   <trkpt lat="52.203676" lon="8.580069"><ele>65</ele></trkpt>
   <trkpt lat="52.203849" lon="8.580983"><ele>65</ele></trkpt>
   <trkpt lat="52.204083" lon="8.581922"><ele>65</ele></trkpt>
   <trkpt lat="52.204171" lon="8.582302"><ele>64.75</ele></trkpt>
   <trkpt lat="52.204252" lon="8.582687"><ele>65</ele></trkpt>
   <trkpt lat="52.204339" lon="8.583143"><ele>65</ele></trkpt>
   <trkpt lat="52.204449" lon="8.583796"><ele>64.25</ele></trkpt>
   <trkpt lat="52.204474" lon="8.583977"><ele>64</ele></trkpt>
   <trkpt lat="52.204545" lon="8.584534"><ele>65</ele></trkpt>
   <trkpt lat="52.204593" lon="8.585001"><ele>64.75</ele></trkpt>
   <trkpt lat="52.204634" lon="8.585477"><ele>64.5</ele></trkpt>
   <trkpt lat="52.204661" lon="8.585911"><ele>64.5</ele></trkpt>
   <trkpt lat="52.204683" lon="8.586427"><ele>64.5</ele></trkpt>
   <trkpt lat="52.20469" lon="8.586904"><ele>64.75</ele></trkpt>
   <trkpt lat="52.204678" lon="8.588819"><ele>64.5</ele></trkpt>
   <trkpt lat="52.204673" lon="8.589473"><ele>64.5</ele></trkpt>
   <trkpt lat="52.204677" lon="8.5897"><ele>63.75</ele></trkpt>
   <trkpt lat="52.20471" lon="8.590349"><ele>63.75</ele></trkpt>
   <trkpt lat="52.204721" lon="8.590503"><ele>63.75</ele></trkpt>
   <trkpt lat="52.204726" lon="8.590946"><ele>63.75</ele></trkpt>
   <trkpt lat="52.204725" lon="8.590983"><ele>64</ele></trkpt>
   <trkpt lat="52.204708" lon="8.591815"><ele>63.75</ele></trkpt>
   <trkpt lat="52.204669" lon="8.592666"><ele>64</ele></trkpt>
   <trkpt lat="52.204665" lon="8.59282"><ele>63.5</ele></trkpt>
   <trkpt lat="52.204639" lon="8.59357"><ele>62.5</ele></trkpt>
   <trkpt lat="52.204592" lon="8.59413"><ele>62.75</ele></trkpt>
   <trkpt lat="52.204588" lon="8.594162"><ele>62.75</ele></trkpt>
   <trkpt lat="52.204517" lon="8.594752"><ele>63</ele></trkpt>
   <trkpt lat="52.204406" lon="8.595537"><ele>63.75</ele></trkpt>
   <trkpt lat="52.204351" lon="8.595887"><ele>63</ele></trkpt>
   <trkpt lat="52.204265" lon="8.596445"><ele>63</ele></trkpt>
   <trkpt lat="52.20406" lon="8.597756"><ele>62.5</ele></trkpt>
   <trkpt lat="52.203451" lon="8.601675"><ele>63.25</ele></trkpt>
   <trkpt lat="52.203369" lon="8.602205"><ele>63</ele></trkpt>
   <trkpt lat="52.203327" lon="8.602475"><ele>63</ele></trkpt>
   <trkpt lat="52.202223" lon="8.609581"><ele>62.25</ele></trkpt>
   <trkpt lat="52.201913" lon="8.611496"><ele>62.5</ele></trkpt>
   <trkpt lat="52.200948" lon="8.617338"><ele>61.75</ele></trkpt>
   <trkpt lat="52.200719" lon="8.61872"><ele>60.5</ele></trkpt>
   <trkpt lat="52.200711" lon="8.618767"><ele>60.5</ele></trkpt>
   <trkpt lat="52.200204" lon="8.62183"><ele>60</ele></trkpt>
   <trkpt lat="52.200026" lon="8.622911"><ele>60.75</ele></trkpt>
   <trkpt lat="52.199982" lon="8.623176"><ele>60.75</ele></trkpt>
   <trkpt lat="52.199932" lon="8.623478"><ele>60</ele></trkpt>
   <trkpt lat="52.199676" lon="8.625014"><ele>59.75</ele></trkpt>
   <trkpt lat="52.199329" lon="8.627124"><ele>59.5</ele></trkpt>
   <trkpt lat="52.198803" lon="8.630303"><ele>59.5</ele></trkpt>
   <trkpt lat="52.198284" lon="8.633443"><ele>59.25</ele></trkpt>
   <trkpt lat="52.198278" lon="8.633479"><ele>59</ele></trkpt>
   <trkpt lat="52.197927" lon="8.635602"><ele>59</ele></trkpt>
   <trkpt lat="52.19775" lon="8.636659"><ele>58.75</ele></trkpt>
   <trkpt lat="52.197457" lon="8.638497"><ele>58.5</ele></trkpt>
   <trkpt lat="52.197333" lon="8.639322"><ele>58.5</ele></trkpt>
   <trkpt lat="52.197009" lon="8.641559"><ele>59</ele></trkpt>
   <trkpt lat="52.196934" lon="8.642112"><ele>59.75</ele></trkpt>
   <trkpt lat="52.196921" lon="8.642215"><ele>59.75</ele></trkpt>
   <trkpt lat="52.196898" lon="8.642386"><ele>60</ele></trkpt>
   <trkpt lat="52.196873" lon="8.642573"><ele>60</ele></trkpt>
   <trkpt lat="52.196615" lon="8.644667"><ele>60</ele></trkpt>
   <trkpt lat="52.196588" lon="8.644895"><ele>60</ele></trkpt>
   <trkpt lat="52.196245" lon="8.647842"><ele>60</ele></trkpt>
   <trkpt lat="52.196155" lon="8.648616"><ele>60</ele></trkpt>
   <trkpt lat="52.195903" lon="8.650795"><ele>60</ele></trkpt>
   <trkpt lat="52.195871" lon="8.651065"><ele>59.25</ele></trkpt>
   <trkpt lat="52.195833" lon="8.651393"><ele>59</ele></trkpt>
   <trkpt lat="52.195602" lon="8.653352"><ele>59</ele></trkpt>
   <trkpt lat="52.195272" lon="8.656216"><ele>57.25</ele></trkpt>
   <trkpt lat="52.195146" lon="8.657289"><ele>56.5</ele></trkpt>
   <trkpt lat="52.19499" lon="8.658615"><ele>56.75</ele></trkpt>
   <trkpt lat="52.194715" lon="8.660963"><ele>54.5</ele></trkpt>
   <trkpt lat="52.194664" lon="8.661398"><ele>54</ele></trkpt>
   <trkpt lat="52.194639" lon="8.661612"><ele>55</ele></trkpt>
   <trkpt lat="52.194578" lon="8.662137"><ele>54</ele></trkpt>
   <trkpt lat="52.194286" lon="8.664626"><ele>55</ele></trkpt>
   <trkpt lat="52.194004" lon="8.667027"><ele>56.25</ele></trkpt>
   <trkpt lat="52.193915" lon="8.667785"><ele>56</ele></trkpt>
   <trkpt lat="52.193661" lon="8.669951"><ele>55.25</ele></trkpt>
   <trkpt lat="52.193412" lon="8.672074"><ele>55</ele></trkpt>
   <trkpt lat="52.193407" lon="8.672115"><ele>55</ele></trkpt>
   <trkpt lat="52.193307" lon="8.672963"><ele>56.75</ele></trkpt>
   <trkpt lat="52.193282" lon="8.67319"><ele>54.75</ele></trkpt>
   <trkpt lat="52.193196" lon="8.673904"><ele>53.5</ele></trkpt>
   <trkpt lat="52.193176" lon="8.67408"><ele>53.75</ele></trkpt>
   <trkpt lat="52.192945" lon="8.675977"><ele>56</ele></trkpt>
   <trkpt lat="52.192893" lon="8.676411"><ele>56.5</ele></trkpt>
   <trkpt lat="52.19258" lon="8.678929"><ele>55.75</ele></trkpt>
   <trkpt lat="52.192574" lon="8.678977"><ele>55.75</ele></trkpt>
   <trkpt lat="52.192502" lon="8.679564"><ele>57.75</ele></trkpt>
   <trkpt lat="52.192338" lon="8.681191"><ele>56</ele></trkpt>
   <trkpt lat="52.192315" lon="8.681377"><ele>56.25</ele></trkpt>
   <trkpt lat="52.192314" lon="8.681384"><ele>56.25</ele></trkpt>
   <trkpt lat="52.192253" lon="8.681962"><ele>58.5</ele></trkpt>
   <trkpt lat="52.192139" lon="8.683359"><ele>57.5</ele></trkpt>
   <trkpt lat="52.192116" lon="8.683605"><ele>57.25</ele></trkpt>
   <trkpt lat="52.19202" lon="8.68441"><ele>58.25</ele></trkpt>
   <trkpt lat="52.191997" lon="8.684618"><ele>58.75</ele></trkpt>
   <trkpt lat="52.191968" lon="8.684844"><ele>59.5</ele></trkpt>
   <trkpt lat="52.191681" lon="8.687146"><ele>60.75</ele></trkpt>
   <trkpt lat="52.191574" lon="8.687967"><ele>59.25</ele></trkpt>
   <trkpt lat="52.191437" lon="8.68905"><ele>60.75</ele></trkpt>
   <trkpt lat="52.191359" lon="8.68977"><ele>61.5</ele></trkpt>
   <trkpt lat="52.191334" lon="8.690147"><ele>60.25</ele></trkpt>
   <trkpt lat="52.191324" lon="8.690498"><ele>58.75</ele></trkpt>
   <trkpt lat="52.191325" lon="8.690626"><ele>58.25</ele></trkpt>
   <trkpt lat="52.191335" lon="8.691116"><ele>59.75</ele></trkpt>
   <trkpt lat="52.191362" lon="8.691553"><ele>61.75</ele></trkpt>
   <trkpt lat="52.191403" lon="8.691957"><ele>62.5</ele></trkpt>
   <trkpt lat="52.191443" lon="8.692277"><ele>62.25</ele></trkpt>
   <trkpt lat="52.191474" lon="8.692473"><ele>61.75</ele></trkpt>
   <trkpt lat="52.19155" lon="8.692897"><ele>61.25</ele></trkpt>
   <trkpt lat="52.191618" lon="8.693207"><ele>62</ele></trkpt>
   <trkpt lat="52.191786" lon="8.693888"><ele>62.25</ele></trkpt>
   <trkpt lat="52.191859" lon="8.694152"><ele>62.75</ele></trkpt>
   <trkpt lat="52.191952" lon="8.694512"><ele>63.75</ele></trkpt>
   <trkpt lat="52.1921" lon="8.695175"><ele>63.5</ele></trkpt>
   <trkpt lat="52.192172" lon="8.695437"><ele>64</ele></trkpt>
   <trkpt lat="52.19243" lon="8.696309"><ele>64.75</ele></trkpt>
   <trkpt lat="52.192607" lon="8.696969"><ele>64.5</ele></trkpt>
   <trkpt lat="52.192746" lon="8.697363"><ele>64</ele></trkpt>
   <trkpt lat="52.192814" lon="8.697556"><ele>64</ele></trkpt>
   <trkpt lat="52.192838" lon="8.697623"><ele>64</ele></trkpt>
   <trkpt lat="52.192949" lon="8.697916"><ele>64</ele></trkpt>
   <trkpt lat="52.193054" lon="8.698152"><ele>64</ele></trkpt>
   <trkpt lat="52.19328" lon="8.698661"><ele>64</ele></trkpt>
   <trkpt lat="52.19344" lon="8.699068"><ele>62.75</ele></trkpt>
   <trkpt lat="52.193583" lon="8.699475"><ele>64</ele></trkpt>
   <trkpt lat="52.194875" lon="8.703157"><ele>62.75</ele></trkpt>
   <trkpt lat="52.195018" lon="8.703583"><ele>63.5</ele></trkpt>
   <trkpt lat="52.195364" lon="8.70477"><ele>62.25</ele></trkpt>
   <trkpt lat="52.195564" lon="8.705592"><ele>63.75</ele></trkpt>
   <trkpt lat="52.195698" lon="8.706225"><ele>62.5</ele></trkpt>
   <trkpt lat="52.195806" lon="8.706803"><ele>64</ele></trkpt>
   <trkpt lat="52.196358" lon="8.710002"><ele>64</ele></trkpt>
   <trkpt lat="52.196376" lon="8.710105"><ele>64</ele></trkpt>
   <trkpt lat="52.196543" lon="8.711079"><ele>63.75</ele></trkpt>
   <trkpt lat="52.196624" lon="8.711503"><ele>64</ele></trkpt>
   <trkpt lat="52.196762" lon="8.712098"><ele>62.5</ele></trkpt>
   <trkpt lat="52.196916" lon="8.712761"><ele>63.75</ele></trkpt>
   <trkpt lat="52.197017" lon="8.71327"><ele>63.25</ele></trkpt>
   <trkpt lat="52.197194" lon="8.714273"><ele>64</ele></trkpt>
   <trkpt lat="52.197375" lon="8.715346"><ele>63.5</ele></trkpt>
   <trkpt lat="52.197473" lon="8.716048"><ele>64</ele></trkpt>
   <trkpt lat="52.197565" lon="8.716765"><ele>64</ele></trkpt>
   <trkpt lat="52.197643" lon="8.717433"><ele>64.25</ele></trkpt>
   <trkpt lat="52.197676" lon="8.71772"><ele>64.5</ele></trkpt>
   <trkpt lat="52.197747" lon="8.718382"><ele>64.5</ele></trkpt>
   <trkpt lat="52.197781" lon="8.718704"><ele>64</ele></trkpt>
   <trkpt lat="52.197922" lon="8.720057"><ele>65</ele></trkpt>
   <trkpt lat="52.197989" lon="8.720814"><ele>64.75</ele></trkpt>
   <trkpt lat="52.198001" lon="8.721015"><ele>64.75</ele></trkpt>
   <trkpt lat="52.198028" lon="8.721452"><ele>64</ele></trkpt>
   <trkpt lat="52.198041" lon="8.72199"><ele>64</ele></trkpt>
   <trkpt lat="52.19804" lon="8.722419"><ele>64</ele></trkpt>
   <trkpt lat="52.19803" lon="8.722714"><ele>64</ele></trkpt>
   <trkpt lat="52.197999" lon="8.723426"><ele>64</ele></trkpt>
   <trkpt lat="52.197994" lon="8.723851"><ele>64</ele></trkpt>
   <trkpt lat="52.197996" lon="8.724046"><ele>64</ele></trkpt>
   <trkpt lat="52.198006" lon="8.725182"><ele>63.75</ele></trkpt>
   <trkpt lat="52.19801" lon="8.725735"><ele>63</ele></trkpt>
   <trkpt lat="52.198012" lon="8.725918"><ele>63</ele></trkpt>
   <trkpt lat="52.198016" lon="8.726324"><ele>63.75</ele></trkpt>
   <trkpt lat="52.198032" lon="8.727242"><ele>64</ele></trkpt>
   <trkpt lat="52.198085" lon="8.728731"><ele>64</ele></trkpt>
   <trkpt lat="52.198126" lon="8.729775"><ele>64.25</ele></trkpt>
   <trkpt lat="52.198308" lon="8.735563"><ele>63.75</ele></trkpt>
   <trkpt lat="52.198322" lon="8.736157"><ele>63</ele></trkpt>
   <trkpt lat="52.198325" lon="8.737055"><ele>62</ele></trkpt>
   <trkpt lat="52.198287" lon="8.738447"><ele>63</ele></trkpt>
   <trkpt lat="52.198272" lon="8.73929"><ele>63</ele></trkpt>
   <trkpt lat="52.198279" lon="8.740242"><ele>61.75</ele></trkpt>
   <trkpt lat="52.198307" lon="8.741051"><ele>62.25</ele></trkpt>
   <trkpt lat="52.198451" lon="8.74433"><ele>60.75</ele></trkpt>
   <trkpt lat="52.198464" lon="8.744607"><ele>57.75</ele></trkpt>
   <trkpt lat="52.198488" lon="8.745153"><ele>57.5</ele></trkpt>
   <trkpt lat="52.198504" lon="8.745523"><ele>62.75</ele></trkpt>
   <trkpt lat="52.198544" lon="8.746445"><ele>64</ele></trkpt>
   <trkpt lat="52.198608" lon="8.747662"><ele>63</ele></trkpt>
   <trkpt lat="52.198671" lon="8.748534"><ele>61.25</ele></trkpt>
   <trkpt lat="52.198718" lon="8.749047"><ele>60.75</ele></trkpt>
   <trkpt lat="52.198774" lon="8.749563"><ele>58.25</ele></trkpt>
   <trkpt lat="52.198778" lon="8.749595"><ele>58</ele></trkpt>
   <trkpt lat="52.198793" lon="8.749729"><ele>57.25</ele></trkpt>
   <trkpt lat="52.198886" lon="8.750464"><ele>61.5</ele></trkpt>
   <trkpt lat="52.198962" lon="8.751004"><ele>59.75</ele></trkpt>
   <trkpt lat="52.198962" lon="8.751011"><ele>59.75</ele></trkpt>
   <trkpt lat="52.199145" lon="8.752308"><ele>60.25</ele></trkpt>
   <trkpt lat="52.19928" lon="8.753222"><ele>59.75</ele></trkpt>
   <trkpt lat="52.199447" lon="8.754386"><ele>61.75</ele></trkpt>
   <trkpt lat="52.19946" lon="8.754471"><ele>61.75</ele></trkpt>
   <trkpt lat="52.199466" lon="8.754515"><ele>61.5</ele></trkpt>
   <trkpt lat="52.199595" lon="8.755427"><ele>60.25</ele></trkpt>
   <trkpt lat="52.199757" lon="8.756536"><ele>59.75</ele></trkpt>
   <trkpt lat="52.1998" lon="8.756823"><ele>58.75</ele></trkpt>
   <trkpt lat="52.200005" lon="8.758049"><ele>61.75</ele></trkpt>
   <trkpt lat="52.200037" lon="8.758233"><ele>61.5</ele></trkpt>
   <trkpt lat="52.200092" lon="8.758552"><ele>61.5</ele></trkpt>
   <trkpt lat="52.20025" lon="8.759577"><ele>62</ele></trkpt>
   <trkpt lat="52.200508" lon="8.761347"><ele>62</ele></trkpt>
   <trkpt lat="52.200663" lon="8.762571"><ele>62</ele></trkpt>
   <trkpt lat="52.200812" lon="8.76384"><ele>62</ele></trkpt>
   <trkpt lat="52.201185" lon="8.766462"><ele>60.25</ele></trkpt>
   <trkpt lat="52.201256" lon="8.766951"><ele>57.75</ele></trkpt>
   <trkpt lat="52.201274" lon="8.767073"><ele>58.5</ele></trkpt>
   <trkpt lat="52.201603" lon="8.769364"><ele>61.25</ele></trkpt>
   <trkpt lat="52.201715" lon="8.77014"><ele>60.5</ele></trkpt>
   <trkpt lat="52.201871" lon="8.771222"><ele>59.5</ele></trkpt>
   <trkpt lat="52.201898" lon="8.771405"><ele>60</ele></trkpt>
   <trkpt lat="52.202029" lon="8.772323"><ele>58.75</ele></trkpt>
   <trkpt lat="52.202081" lon="8.772686"><ele>57.5</ele></trkpt>
   <trkpt lat="52.20243" lon="8.775104"><ele>57.5</ele></trkpt>
   <trkpt lat="52.202505" lon="8.775621"><ele>59</ele></trkpt>
   <trkpt lat="52.20289" lon="8.778294"><ele>57.25</ele></trkpt>
   <trkpt lat="52.203058" lon="8.779473"><ele>57.75</ele></trkpt>
   <trkpt lat="52.203109" lon="8.779821"><ele>57</ele></trkpt>
   <trkpt lat="52.20335" lon="8.781491"><ele>59.75</ele></trkpt>
   <trkpt lat="52.203658" lon="8.783628"><ele>60</ele></trkpt>
   <trkpt lat="52.204117" lon="8.786825"><ele>60.25</ele></trkpt>
   <trkpt lat="52.204227" lon="8.787562"><ele>61.25</ele></trkpt>
   <trkpt lat="52.204583" lon="8.789884"><ele>61.75</ele></trkpt>
   <trkpt lat="52.204683" lon="8.790531"><ele>62</ele></trkpt>
   <trkpt lat="52.204845" lon="8.79156"><ele>59.5</ele></trkpt>
   <trkpt lat="52.204871" lon="8.791727"><ele>59</ele></trkpt>
   <trkpt lat="52.204916" lon="8.791997"><ele>59.5</ele></trkpt>
   <trkpt lat="52.205306" lon="8.794425"><ele>58.75</ele></trkpt>
   <trkpt lat="52.205323" lon="8.794527"><ele>58.75</ele></trkpt>
   <trkpt lat="52.205359" lon="8.794752"><ele>58.75</ele></trkpt>
   <trkpt lat="52.20537" lon="8.794824"><ele>58.75</ele></trkpt>
   <trkpt lat="52.205419" lon="8.795148"><ele>58.75</ele></trkpt>
   <trkpt lat="52.205535" lon="8.796095"><ele>61.75</ele></trkpt>
   <trkpt lat="52.205603" lon="8.796886"><ele>60.5</ele></trkpt>
   <trkpt lat="52.205656" lon="8.797937"><ele>59</ele></trkpt>
   <trkpt lat="52.205672" lon="8.798289"><ele>58.75</ele></trkpt>
   <trkpt lat="52.20568" lon="8.79848"><ele>58.75</ele></trkpt>
   <trkpt lat="52.205735" lon="8.799511"><ele>58</ele></trkpt>
   <trkpt lat="52.205807" lon="8.800526"><ele>57.25</ele></trkpt>
   <trkpt lat="52.205827" lon="8.800781"><ele>59.25</ele></trkpt>
   <trkpt lat="52.205913" lon="8.801865"><ele>59.75</ele></trkpt>
   <trkpt lat="52.205921" lon="8.801966"><ele>59.5</ele></trkpt>
   <trkpt lat="52.206043" lon="8.803536"><ele>57.75</ele></trkpt>
   <trkpt lat="52.206052" lon="8.803654"><ele>57.75</ele></trkpt>
   <trkpt lat="52.206203" lon="8.805575"><ele>58</ele></trkpt>
   <trkpt lat="52.206219" lon="8.805776"><ele>57.75</ele></trkpt>
   <trkpt lat="52.206296" lon="8.806659"><ele>59.25</ele></trkpt>
   <trkpt lat="52.206365" lon="8.807548"><ele>58.75</ele></trkpt>
   <trkpt lat="52.206367" lon="8.807566"><ele>58.75</ele></trkpt>
   <trkpt lat="52.206378" lon="8.807716"><ele>59.5</ele></trkpt>
   <trkpt lat="52.206405" lon="8.808037"><ele>59.75</ele></trkpt>
   <trkpt lat="52.206454" lon="8.808444"><ele>59.75</ele></trkpt>
   <trkpt lat="52.206514" lon="8.808879"><ele>59.5</ele></trkpt>
   <trkpt lat="52.206547" lon="8.809204"><ele>59</ele></trkpt>
   <trkpt lat="52.206665" lon="8.810799"><ele>58.75</ele></trkpt>
   <trkpt lat="52.207203" lon="8.817705"><ele>57.5</ele></trkpt>
   <trkpt lat="52.207485" lon="8.82133"><ele>56.75</ele></trkpt>
   <trkpt lat="52.207494" lon="8.821434"><ele>56.75</ele></trkpt>
   <trkpt lat="52.207568" lon="8.822369"><ele>54.75</ele></trkpt>
   <trkpt lat="52.20758" lon="8.822533"><ele>53.75</ele></trkpt>
   <trkpt lat="52.207588" lon="8.822677"><ele>55</ele></trkpt>
   <trkpt lat="52.207612" lon="8.823076"><ele>55.75</ele></trkpt>
   <trkpt lat="52.207626" lon="8.823524"><ele>55.5</ele></trkpt>
   <trkpt lat="52.207653" lon="8.824029"><ele>55.25</ele></trkpt>
   <trkpt lat="52.207684" lon="8.824421"><ele>55.5</ele></trkpt>
   <trkpt lat="52.207716" lon="8.824847"><ele>55.5</ele></trkpt>
   <trkpt lat="52.207829" lon="8.826359"><ele>55.25</ele></trkpt>
   <trkpt lat="52.208302" lon="8.832463"><ele>55</ele></trkpt>
   <trkpt lat="52.208567" lon="8.835858"><ele>54</ele></trkpt>
   <trkpt lat="52.208648" lon="8.836787"><ele>54.25</ele></trkpt>
   <trkpt lat="52.208748" lon="8.837693"><ele>54</ele></trkpt>
   <trkpt lat="52.20886" lon="8.838567"><ele>54</ele></trkpt>
   <trkpt lat="52.208864" lon="8.838591"><ele>54</ele></trkpt>
   <trkpt lat="52.20898" lon="8.839347"><ele>54</ele></trkpt>
   <trkpt lat="52.209117" lon="8.840111"><ele>53.25</ele></trkpt>
   <trkpt lat="52.209325" lon="8.841121"><ele>50.5</ele></trkpt>
   <trkpt lat="52.209405" lon="8.841463"><ele>51.25</ele></trkpt>
   <trkpt lat="52.209548" lon="8.842053"><ele>52.5</ele></trkpt>
   <trkpt lat="52.209703" lon="8.842639"><ele>53.75</ele></trkpt>
   <trkpt lat="52.209882" lon="8.843267"><ele>51.75</ele></trkpt>
   <trkpt lat="52.210071" lon="8.843897"><ele>52.5</ele></trkpt>
   <trkpt lat="52.210618" lon="8.845669"><ele>50.25</ele></trkpt>
   <trkpt lat="52.210826" lon="8.846298"><ele>52.75</ele></trkpt>
   <trkpt lat="52.211045" lon="8.846928"><ele>52.75</ele></trkpt>
   <trkpt lat="52.211231" lon="8.847427"><ele>52.25</ele></trkpt>
   <trkpt lat="52.211427" lon="8.84793"><ele>53</ele></trkpt>
   <trkpt lat="52.211447" lon="8.847981"><ele>52.5</ele></trkpt>
   <trkpt lat="52.211757" lon="8.848744"><ele>50.25</ele></trkpt>
   <trkpt lat="52.212761" lon="8.851193"><ele>50</ele></trkpt>
   <trkpt lat="52.213053" lon="8.851901"><ele>53.25</ele></trkpt>
   <trkpt lat="52.215417" lon="8.857639"><ele>50</ele></trkpt>
   <trkpt lat="52.218166" lon="8.864261"><ele>50.25</ele></trkpt>
   <trkpt lat="52.218194" lon="8.864328"><ele>50</ele></trkpt>
   <trkpt lat="52.218529" lon="8.865135"><ele>49.75</ele></trkpt>
   <trkpt lat="52.218569" lon="8.865235"><ele>50.5</ele></trkpt>
   <trkpt lat="52.218703" lon="8.865557"><ele>50.25</ele></trkpt>
   <trkpt lat="52.219234" lon="8.866836"><ele>50.5</ele></trkpt>
   <trkpt lat="52.219762" lon="8.868109"><ele>51</ele></trkpt>
   <trkpt lat="52.21984" lon="8.868296"><ele>50</ele></trkpt>
   <trkpt lat="52.220032" lon="8.868758"><ele>51.25</ele></trkpt>
   <trkpt lat="52.220092" lon="8.868901"><ele>50.25</ele></trkpt>
   <trkpt lat="52.220547" lon="8.869963"><ele>51.5</ele></trkpt>
   <trkpt lat="52.220669" lon="8.870248"><ele>50.25</ele></trkpt>
   <trkpt lat="52.220748" lon="8.870433"><ele>50.25</ele></trkpt>
   <trkpt lat="52.221168" lon="8.871392"><ele>52</ele></trkpt>
   <trkpt lat="52.221458" lon="8.872066"><ele>52</ele></trkpt>
   <trkpt lat="52.222909" lon="8.875575"><ele>51.75</ele></trkpt>
   <trkpt lat="52.22351" lon="8.877118"><ele>51.75</ele></trkpt>
   <trkpt lat="52.224356" lon="8.879183"><ele>51</ele></trkpt>
   <trkpt lat="52.224834" lon="8.880328"><ele>48.75</ele></trkpt>
   <trkpt lat="52.224922" lon="8.88054"><ele>49.5</ele></trkpt>
   <trkpt lat="52.224988" lon="8.880699"><ele>50.75</ele></trkpt>
   <trkpt lat="52.225154" lon="8.881103"><ele>51</ele></trkpt>
   <trkpt lat="52.226483" lon="8.884339"><ele>50.5</ele></trkpt>
   <trkpt lat="52.227933" lon="8.887824"><ele>51.5</ele></trkpt>
   <trkpt lat="52.228269" lon="8.888631"><ele>52.5</ele></trkpt>
   <trkpt lat="52.230097" lon="8.893048"><ele>48.25</ele></trkpt>
   <trkpt lat="52.230154" lon="8.893183"><ele>47.75</ele></trkpt>
   <trkpt lat="52.230211" lon="8.893318"><ele>48.25</ele></trkpt>
   <trkpt lat="52.230968" lon="8.895145"><ele>50</ele></trkpt>
   <trkpt lat="52.232133" lon="8.897956"><ele>48.75</ele></trkpt>
   <trkpt lat="52.232277" lon="8.898302"><ele>48.25</ele></trkpt>
   <trkpt lat="52.232341" lon="8.898456"><ele>47.75</ele></trkpt>
   <trkpt lat="52.232897" lon="8.899803"><ele>48</ele></trkpt>
   <trkpt lat="52.232984" lon="8.900013"><ele>47.75</ele></trkpt>
   <trkpt lat="52.234065" lon="8.902618"><ele>47</ele></trkpt>
   <trkpt lat="52.234842" lon="8.904491"><ele>46.75</ele></trkpt>
   <trkpt lat="52.234879" lon="8.904581"><ele>46.75</ele></trkpt>
   <trkpt lat="52.235614" lon="8.906353"><ele>47.75</ele></trkpt>
   <trkpt lat="52.235999" lon="8.907283"><ele>47</ele></trkpt>
   <trkpt lat="52.237161" lon="8.910088"><ele>47.5</ele></trkpt>
   <trkpt lat="52.237952" lon="8.911983"><ele>47.25</ele></trkpt>
   <trkpt lat="52.238137" lon="8.912418"><ele>46.75</ele></trkpt>
   <trkpt lat="52.238184" lon="8.912527"><ele>46</ele></trkpt>
   <trkpt lat="52.238665" lon="8.913586"><ele>47.5</ele></trkpt>
   <trkpt lat="52.238885" lon="8.914018"><ele>46.75</ele></trkpt>
   <trkpt lat="52.23903" lon="8.914313"><ele>46.5</ele></trkpt>
   <trkpt lat="52.239406" lon="8.915011"><ele>47</ele></trkpt>
   <trkpt lat="52.239884" lon="8.915824"><ele>46</ele></trkpt>
   <trkpt lat="52.240244" lon="8.916395"><ele>47</ele></trkpt>
   <trkpt lat="52.240732" lon="8.91711"><ele>46.25</ele></trkpt>
   <trkpt lat="52.241104" lon="8.917614"><ele>46.75</ele></trkpt>
   <trkpt lat="52.241339" lon="8.917917"><ele>46.75</ele></trkpt>
   <trkpt lat="52.24158" lon="8.918214"><ele>46.75</ele></trkpt>
   <trkpt lat="52.24198" lon="8.918683"><ele>47.25</ele></trkpt>
   <trkpt lat="52.242387" lon="8.919125"><ele>45.75</ele></trkpt>
   <trkpt lat="52.242698" lon="8.919421"><ele>45.5</ele></trkpt>
   <trkpt lat="52.242914" lon="8.919621"><ele>45.25</ele></trkpt>
   <trkpt lat="52.243468" lon="8.920091"><ele>44.5</ele></trkpt>
   <trkpt lat="52.244398" lon="8.920837"><ele>48</ele></trkpt>
   <trkpt lat="52.245163" lon="8.921399"><ele>49</ele></trkpt>
   <trkpt lat="52.245636" lon="8.921729"><ele>48.5</ele></trkpt>
   <trkpt lat="52.247951" lon="8.923259"><ele>47</ele></trkpt>
   <trkpt lat="52.247961" lon="8.923266"><ele>47</ele></trkpt>
   <trkpt lat="52.249792" lon="8.924474"><ele>47</ele></trkpt>
   <trkpt lat="52.258028" lon="8.929903"><ele>47</ele></trkpt>
   <trkpt lat="52.259775" lon="8.931055"><ele>47</ele></trkpt>
   <trkpt lat="52.259936" lon="8.931162"><ele>44.25</ele></trkpt>
   <trkpt lat="52.260043" lon="8.93123"><ele>44.5</ele></trkpt>
   <trkpt lat="52.260445" lon="8.93147"><ele>47.25</ele></trkpt>
   <trkpt lat="52.260696" lon="8.931607"><ele>47.25</ele></trkpt>
   <trkpt lat="52.26092" lon="8.931717"><ele>46.75</ele></trkpt>
   <trkpt lat="52.261427" lon="8.931932"><ele>47.75</ele></trkpt>
   <trkpt lat="52.261708" lon="8.932035"><ele>47.25</ele></trkpt>
   <trkpt lat="52.262074" lon="8.932157"><ele>47.75</ele></trkpt>
   <trkpt lat="52.262638" lon="8.932313"><ele>47.5</ele></trkpt>
   <trkpt lat="52.262959" lon="8.93239"><ele>47</ele></trkpt>
   <trkpt lat="52.263582" lon="8.932513"><ele>47</ele></trkpt>
   <trkpt lat="52.264102" lon="8.93259"><ele>47.25</ele></trkpt>
   <trkpt lat="52.264628" lon="8.932641"><ele>45.75</ele></trkpt>
   <trkpt lat="52.264738" lon="8.93265"><ele>45</ele></trkpt>
   <trkpt lat="52.265136" lon="8.932669"><ele>46.75</ele></trkpt>
   <trkpt lat="52.265483" lon="8.932678"><ele>46.5</ele></trkpt>
   <trkpt lat="52.267072" lon="8.932701"><ele>46.5</ele></trkpt>
   <trkpt lat="52.268421" lon="8.932722"><ele>46.5</ele></trkpt>
   <trkpt lat="52.269693" lon="8.932739"><ele>45.5</ele></trkpt>
   <trkpt lat="52.270442" lon="8.932749"><ele>45.5</ele></trkpt>
   <trkpt lat="52.272611" lon="8.932761"><ele>44.75</ele></trkpt>
   <trkpt lat="52.274359" lon="8.932772"><ele>44.75</ele></trkpt>
   <trkpt lat="52.274487" lon="8.932773"><ele>44.75</ele></trkpt>
   <trkpt lat="52.275711" lon="8.93278"><ele>44.75</ele></trkpt>
   <trkpt lat="52.277721" lon="8.932792"><ele>44</ele></trkpt>
   <trkpt lat="52.279408" lon="8.932792"><ele>44.75</ele></trkpt>
   <trkpt lat="52.279623" lon="8.932791"><ele>44.75</ele></trkpt>
   <trkpt lat="52.281121" lon="8.932792"><ele>44</ele></trkpt>
   <trkpt lat="52.281276" lon="8.932796"><ele>44.5</ele></trkpt>
   <trkpt lat="52.282098" lon="8.932872"><ele>44.75</ele></trkpt>
   <trkpt lat="52.282282" lon="8.932876"><ele>45</ele></trkpt>
   <trkpt lat="52.282381" lon="8.932877"><ele>45</ele></trkpt>
   <trkpt lat="52.282643" lon="8.932894"><ele>45</ele></trkpt>
   <trkpt lat="52.283018" lon="8.932939"><ele>45</ele></trkpt>
   <trkpt lat="52.283228" lon="8.932954"><ele>45</ele></trkpt>
   <trkpt lat="52.283799" lon="8.932964"><ele>45</ele></trkpt>
   <trkpt lat="52.283912" lon="8.932964"><ele>45</ele></trkpt>
   <trkpt lat="52.28407" lon="8.932974"><ele>45</ele></trkpt>
   <trkpt lat="52.28435" lon="8.933019"><ele>45</ele></trkpt>
   <trkpt lat="52.284519" lon="8.933036"><ele>45</ele></trkpt>
   <trkpt lat="52.284837" lon="8.933041"><ele>45</ele></trkpt>
   <trkpt lat="52.284877" lon="8.933041"><ele>45</ele></trkpt>
   <trkpt lat="52.285317" lon="8.933072"><ele>44.75</ele></trkpt>
   <trkpt lat="52.285727" lon="8.933125"><ele>44.5</ele></trkpt>
   <trkpt lat="52.286114" lon="8.933177"><ele>45</ele></trkpt>
   <trkpt lat="52.286647" lon="8.933249"><ele>45</ele></trkpt>
   <trkpt lat="52.286903" lon="8.933295"><ele>45</ele></trkpt>
   <trkpt lat="52.287385" lon="8.933412"><ele>44.25</ele></trkpt>
   <trkpt lat="52.287754" lon="8.933534"><ele>45</ele></trkpt>
   <trkpt lat="52.288085" lon="8.933675"><ele>44</ele></trkpt>
   <trkpt lat="52.288379" lon="8.933822"><ele>44</ele></trkpt>
   <trkpt lat="52.288669" lon="8.933991"><ele>45.5</ele></trkpt>
   <trkpt lat="52.288851" lon="8.9341"><ele>45.5</ele></trkpt>
   <trkpt lat="52.288916" lon="8.93414"><ele>45.75</ele></trkpt>
   <trkpt lat="52.288982" lon="8.93418"><ele>46</ele></trkpt>
   <trkpt lat="52.289126" lon="8.934284"><ele>46</ele></trkpt>
   <trkpt lat="52.289236" lon="8.934375"><ele>45.75</ele></trkpt>
   <trkpt lat="52.289374" lon="8.934509"><ele>45.25</ele></trkpt>
   <trkpt lat="52.289585" lon="8.934675"><ele>45.25</ele></trkpt>
   <trkpt lat="52.289611" lon="8.934689"><ele>45.25</ele></trkpt>
   <trkpt lat="52.289782" lon="8.934795"><ele>45</ele></trkpt>
   <trkpt lat="52.290343" lon="8.935116"><ele>45</ele></trkpt>
   <trkpt lat="52.290692" lon="8.935405"><ele>45</ele></trkpt>
   <trkpt lat="52.290897" lon="8.935585"><ele>45</ele></trkpt>
   <trkpt lat="52.29099" lon="8.93567"><ele>45</ele></trkpt>
   <trkpt lat="52.291009" lon="8.935684"><ele>45</ele></trkpt>
   <trkpt lat="52.292785" lon="8.93681"><ele>45</ele></trkpt>
   <trkpt lat="52.292813" lon="8.936831"><ele>45</ele></trkpt>
   <trkpt lat="52.29298" lon="8.936934"><ele>45</ele></trkpt>
   <trkpt lat="52.293182" lon="8.937061"><ele>45</ele></trkpt>
   <trkpt lat="52.293618" lon="8.937445"><ele>45.75</ele></trkpt>
   <trkpt lat="52.29365" lon="8.937478"><ele>45.75</ele></trkpt>
   <trkpt lat="52.293846" lon="8.937705"><ele>46</ele></trkpt>
   <trkpt lat="52.293902" lon="8.937785"><ele>46</ele></trkpt>
   <trkpt lat="52.294101" lon="8.938105"><ele>45.5</ele></trkpt>
   <trkpt lat="52.294198" lon="8.938302"><ele>45.75</ele></trkpt>
   <trkpt lat="52.294286" lon="8.938485"><ele>45.5</ele></trkpt>
   <trkpt lat="52.294394" lon="8.938794"><ele>45</ele></trkpt>
   <trkpt lat="52.294435" lon="8.93891"><ele>45</ele></trkpt>
   <trkpt lat="52.29446" lon="8.938983"><ele>45</ele></trkpt>
   <trkpt lat="52.294838" lon="8.94038"><ele>45.5</ele></trkpt>
   <trkpt lat="52.294863" lon="8.94047"><ele>45.25</ele></trkpt>
   <trkpt lat="52.295025" lon="8.94104"><ele>45.5</ele></trkpt>
   <trkpt lat="52.295124" lon="8.941532"><ele>45.75</ele></trkpt>
   <trkpt lat="52.295191" lon="8.941888"><ele>45.75</ele></trkpt>
   <trkpt lat="52.296633" lon="8.949518"><ele>45.75</ele></trkpt>
   <trkpt lat="52.29681" lon="8.950532"><ele>45</ele></trkpt>
   <trkpt lat="52.296903" lon="8.950856"><ele>45</ele></trkpt>
   <trkpt lat="52.297104" lon="8.951791"><ele>45</ele></trkpt>
   <trkpt lat="52.297217" lon="8.952461"><ele>45</ele></trkpt>
   <trkpt lat="52.297239" lon="8.952678"><ele>45</ele></trkpt>
   <trkpt lat="52.297256" lon="8.952954"><ele>45</ele></trkpt>
   <trkpt lat="52.297276" lon="8.953637"><ele>45</ele></trkpt>
   <trkpt lat="52.297272" lon="8.953727"><ele>45</ele></trkpt>
   <trkpt lat="52.29727" lon="8.953773"><ele>45</ele></trkpt>
   <trkpt lat="52.297239" lon="8.954525"><ele>45.25</ele></trkpt>
   <trkpt lat="52.2972" lon="8.955005"><ele>45.5</ele></trkpt>
   <trkpt lat="52.297193" lon="8.955071"><ele>45.25</ele></trkpt>
   <trkpt lat="52.297187" lon="8.955137"><ele>45</ele></trkpt>
   <trkpt lat="52.297158" lon="8.955507"><ele>45</ele></trkpt>
   <trkpt lat="52.297149" lon="8.955722"><ele>45.25</ele></trkpt>
   <trkpt lat="52.297109" lon="8.956176"><ele>45.25</ele></trkpt>
   <trkpt lat="52.296958" lon="8.957251"><ele>45.75</ele></trkpt>
   <trkpt lat="52.296852" lon="8.957928"><ele>45.5</ele></trkpt>
   <trkpt lat="52.296686" lon="8.95887"><ele>45.75</ele></trkpt>
   <trkpt lat="52.296438" lon="8.960037"><ele>45.75</ele></trkpt>
   <trkpt lat="52.296239" lon="8.960859"><ele>45.75</ele></trkpt>
   <trkpt lat="52.296045" lon="8.961597"><ele>46</ele></trkpt>
   <trkpt lat="52.295812" lon="8.962417"><ele>46</ele></trkpt>
   <trkpt lat="52.295681" lon="8.96285"><ele>46</ele></trkpt>
   <trkpt lat="52.295289" lon="8.964077"><ele>45.75</ele></trkpt>
   <trkpt lat="52.29521" lon="8.964313"><ele>46</ele></trkpt>
   <trkpt lat="52.294897" lon="8.96519"><ele>46.75</ele></trkpt>
   <trkpt lat="52.294553" lon="8.966097"><ele>44</ele></trkpt>
   <trkpt lat="52.294401" lon="8.966477"><ele>45.25</ele></trkpt>
   <trkpt lat="52.294258" lon="8.966822"><ele>46.75</ele></trkpt>
   <trkpt lat="52.293712" lon="8.968084"><ele>47</ele></trkpt>
   <trkpt lat="52.29314" lon="8.969369"><ele>47.25</ele></trkpt>
   <trkpt lat="52.293075" lon="8.969518"><ele>47</ele></trkpt>
   <trkpt lat="52.292644" lon="8.970483"><ele>47.75</ele></trkpt>
   <trkpt lat="52.292602" lon="8.970576"><ele>47.75</ele></trkpt>
   <trkpt lat="52.291655" lon="8.972718"><ele>47.75</ele></trkpt>
   <trkpt lat="52.291627" lon="8.972781"><ele>47.75</ele></trkpt>
   <trkpt lat="52.290535" lon="8.97525"><ele>48.25</ele></trkpt>
   <trkpt lat="52.289546" lon="8.97748"><ele>47.5</ele></trkpt>
   <trkpt lat="52.288719" lon="8.979348"><ele>50</ele></trkpt>
   <trkpt lat="52.288408" lon="8.980052"><ele>47.5</ele></trkpt>
   <trkpt lat="52.287381" lon="8.982374"><ele>47.25</ele></trkpt>
   <trkpt lat="52.287371" lon="8.982397"><ele>47.25</ele></trkpt>
   <trkpt lat="52.286591" lon="8.984158"><ele>48.25</ele></trkpt>
   <trkpt lat="52.286402" lon="8.984588"><ele>48.25</ele></trkpt>
   <trkpt lat="52.285886" lon="8.985752"><ele>46.25</ele></trkpt>
   <trkpt lat="52.285755" lon="8.986046"><ele>46.75</ele></trkpt>
   <trkpt lat="52.285348" lon="8.986967"><ele>48.25</ele></trkpt>
   <trkpt lat="52.285017" lon="8.987714"><ele>48.5</ele></trkpt>
   <trkpt lat="52.284136" lon="8.989704"><ele>49.75</ele></trkpt>
   <trkpt lat="52.28333" lon="8.991526"><ele>50</ele></trkpt>
   <trkpt lat="52.282782" lon="8.992766"><ele>50</ele></trkpt>
   <trkpt lat="52.282092" lon="8.994328"><ele>52</ele></trkpt>
   <trkpt lat="52.281412" lon="8.99586"><ele>51.25</ele></trkpt>
   <trkpt lat="52.281149" lon="8.996454"><ele>51.5</ele></trkpt>
   <trkpt lat="52.279855" lon="8.999385"><ele>51.25</ele></trkpt>
   <trkpt lat="52.279741" lon="8.999642"><ele>51</ele></trkpt>
   <trkpt lat="52.279061" lon="9.001172"><ele>50</ele></trkpt>
   <trkpt lat="52.279009" lon="9.001297"><ele>50</ele></trkpt>
   <trkpt lat="52.278419" lon="9.002623"><ele>49</ele></trkpt>
   <trkpt lat="52.278397" lon="9.002673"><ele>49</ele></trkpt>
   <trkpt lat="52.277469" lon="9.004766"><ele>49</ele></trkpt>
   <trkpt lat="52.275436" lon="9.009361"><ele>49</ele></trkpt>
   <trkpt lat="52.275319" lon="9.009619"><ele>49</ele></trkpt>
   <trkpt lat="52.273659" lon="9.013384"><ele>49</ele></trkpt>
   <trkpt lat="52.273591" lon="9.013536"><ele>49</ele></trkpt>
   <trkpt lat="52.272314" lon="9.016408"><ele>49</ele></trkpt>
   <trkpt lat="52.271502" lon="9.018242"><ele>50</ele></trkpt>
   <trkpt lat="52.271482" lon="9.018288"><ele>49.75</ele></trkpt>
   <trkpt lat="52.270425" lon="9.020677"><ele>51</ele></trkpt>
   <trkpt lat="52.269277" lon="9.023282"><ele>52</ele></trkpt>
   <trkpt lat="52.268457" lon="9.025189"><ele>52.5</ele></trkpt>
   <trkpt lat="52.268133" lon="9.025981"><ele>52.5</ele></trkpt>
   <trkpt lat="52.26766" lon="9.027325"><ele>53</ele></trkpt>
   <trkpt lat="52.267484" lon="9.027915"><ele>53</ele></trkpt>
   <trkpt lat="52.267247" lon="9.02871"><ele>53.75</ele></trkpt>
   <trkpt lat="52.267" lon="9.029667"><ele>54</ele></trkpt>
   <trkpt lat="52.266825" lon="9.030423"><ele>54</ele></trkpt>
   <trkpt lat="52.266779" lon="9.030619"><ele>54</ele></trkpt>
   <trkpt lat="52.266706" lon="9.031026"><ele>54</ele></trkpt>
   <trkpt lat="52.26659" lon="9.031707"><ele>54</ele></trkpt>
   <trkpt lat="52.266477" lon="9.032411"><ele>54</ele></trkpt>
   <trkpt lat="52.26639" lon="9.033117"><ele>54</ele></trkpt>
   <trkpt lat="52.266296" lon="9.03399"><ele>54</ele></trkpt>
   <trkpt lat="52.266276" lon="9.03419"><ele>54</ele></trkpt>
   <trkpt lat="52.266273" lon="9.034236"><ele>54</ele></trkpt>
   <trkpt lat="52.266216" lon="9.035142"><ele>54</ele></trkpt>
   <trkpt lat="52.266179" lon="9.035839"><ele>54</ele></trkpt>
   <trkpt lat="52.266167" lon="9.036225"><ele>54</ele></trkpt>
   <trkpt lat="52.266161" lon="9.037022"><ele>54</ele></trkpt>
   <trkpt lat="52.266172" lon="9.037898"><ele>53.75</ele></trkpt>
   <trkpt lat="52.266225" lon="9.039066"><ele>54</ele></trkpt>
   <trkpt lat="52.266244" lon="9.039317"><ele>54</ele></trkpt>
   <trkpt lat="52.266273" lon="9.039623"><ele>54</ele></trkpt>
   <trkpt lat="52.26636" lon="9.04019"><ele>54</ele></trkpt>
   <trkpt lat="52.266455" lon="9.040871"><ele>54</ele></trkpt>
   <trkpt lat="52.266464" lon="9.040942"><ele>54</ele></trkpt>
   <trkpt lat="52.266478" lon="9.041061"><ele>53.75</ele></trkpt>
   <trkpt lat="52.266557" lon="9.04171"><ele>54</ele></trkpt>
   <trkpt lat="52.266672" lon="9.042413"><ele>54</ele></trkpt>
   <trkpt lat="52.266795" lon="9.043038"><ele>54</ele></trkpt>
   <trkpt lat="52.267112" lon="9.044437"><ele>54</ele></trkpt>
   <trkpt lat="52.267685" lon="9.046831"><ele>56</ele></trkpt>
   <trkpt lat="52.268344" lon="9.050036"><ele>61</ele></trkpt>
   <trkpt lat="52.268423" lon="9.050377"><ele>61.75</ele></trkpt>
   <trkpt lat="52.268759" lon="9.051809"><ele>63</ele></trkpt>
   <trkpt lat="52.269015" lon="9.0528"><ele>63</ele></trkpt>
   <trkpt lat="52.26927" lon="9.053543"><ele>63</ele></trkpt>
   <trkpt lat="52.269421" lon="9.053955"><ele>63</ele></trkpt>
   <trkpt lat="52.269868" lon="9.055031"><ele>61.25</ele></trkpt>
   <trkpt lat="52.270006" lon="9.055333"><ele>60.75</ele></trkpt>
   <trkpt lat="52.270024" lon="9.055369"><ele>60.75</ele></trkpt>
   <trkpt lat="52.270032" lon="9.055386"><ele>60.75</ele></trkpt>
   <trkpt lat="52.27005" lon="9.055422"><ele>60.5</ele></trkpt>
   <trkpt lat="52.270096" lon="9.055516"><ele>60.25</ele></trkpt>
   <trkpt lat="52.270821" lon="9.056944"><ele>59</ele></trkpt>
   <trkpt lat="52.271192" lon="9.057588"><ele>59</ele></trkpt>
   <trkpt lat="52.271663" lon="9.058348"><ele>59.75</ele></trkpt>
   <trkpt lat="52.274203" lon="9.062124"><ele>61</ele></trkpt>
   <trkpt lat="52.276529" lon="9.065473"><ele>65</ele></trkpt>
   <trkpt lat="52.276574" lon="9.065537"><ele>65</ele></trkpt>
   <trkpt lat="52.277072" lon="9.066255"><ele>65</ele></trkpt>
   <trkpt lat="52.277894" lon="9.067465"><ele>64.5</ele></trkpt>
   <trkpt lat="52.278477" lon="9.068322"><ele>64</ele></trkpt>
   <trkpt lat="52.279312" lon="9.069527"><ele>64</ele></trkpt>
   <trkpt lat="52.281801" lon="9.073124"><ele>62</ele></trkpt>
   <trkpt lat="52.281921" lon="9.073298"><ele>62</ele></trkpt>
   <trkpt lat="52.284106" lon="9.076456"><ele>62</ele></trkpt>
   <trkpt lat="52.287294" lon="9.081085"><ele>59.75</ele></trkpt>
   <trkpt lat="52.288288" lon="9.082529"><ele>57</ele></trkpt>
   <trkpt lat="52.288364" lon="9.08264"><ele>57</ele></trkpt>
   <trkpt lat="52.288522" lon="9.082868"><ele>57</ele></trkpt>
   <trkpt lat="52.289892" lon="9.084855"><ele>57</ele></trkpt>
   <trkpt lat="52.290433" lon="9.085682"><ele>58</ele></trkpt>
   <trkpt lat="52.291002" lon="9.086608"><ele>59</ele></trkpt>
   <trkpt lat="52.291872" lon="9.0881"><ele>59.75</ele></trkpt>
   <trkpt lat="52.292165" lon="9.088607"><ele>60.75</ele></trkpt>
   <trkpt lat="52.292579" lon="9.089416"><ele>61</ele></trkpt>
   <trkpt lat="52.294105" lon="9.092395"><ele>61</ele></trkpt>
   <trkpt lat="52.296627" lon="9.097431"><ele>60</ele></trkpt>
   <trkpt lat="52.297608" lon="9.099366"><ele>60</ele></trkpt>
   <trkpt lat="52.298868" lon="9.101852"><ele>58</ele></trkpt>
   <trkpt lat="52.300379" lon="9.104838"><ele>58</ele></trkpt>
   <trkpt lat="52.300578" lon="9.105243"><ele>58</ele></trkpt>
   <trkpt lat="52.304481" lon="9.11297"><ele>57</ele></trkpt>
   <trkpt lat="52.304776" lon="9.113549"><ele>57</ele></trkpt>
   <trkpt lat="52.30646" lon="9.116868"><ele>57</ele></trkpt>
   <trkpt lat="52.30647" lon="9.116887"><ele>57</ele></trkpt>
   <trkpt lat="52.306542" lon="9.117038"><ele>57</ele></trkpt>
   <trkpt lat="52.306912" lon="9.117765"><ele>56</ele></trkpt>
   <trkpt lat="52.307285" lon="9.118514"><ele>56</ele></trkpt>
   <trkpt lat="52.307842" lon="9.119621"><ele>56</ele></trkpt>
   <trkpt lat="52.308438" lon="9.120805"><ele>55</ele></trkpt>
   <trkpt lat="52.308671" lon="9.121268"><ele>55</ele></trkpt>
   <trkpt lat="52.30924" lon="9.122258"><ele>55</ele></trkpt>
   <trkpt lat="52.309249" lon="9.122276"><ele>55</ele></trkpt>
   <trkpt lat="52.309273" lon="9.122325"><ele>55</ele></trkpt>
   <trkpt lat="52.310587" lon="9.124954"><ele>55</ele></trkpt>
   <trkpt lat="52.311972" lon="9.127719"><ele>55</ele></trkpt>
   <trkpt lat="52.312091" lon="9.127958"><ele>55</ele></trkpt>
   <trkpt lat="52.313185" lon="9.130128"><ele>55.5</ele></trkpt>
   <trkpt lat="52.313191" lon="9.13014"><ele>55.75</ele></trkpt>
   <trkpt lat="52.313222" lon="9.130201"><ele>55.75</ele></trkpt>
   <trkpt lat="52.313307" lon="9.130369"><ele>56</ele></trkpt>
   <trkpt lat="52.313792" lon="9.131431"><ele>56</ele></trkpt>
   <trkpt lat="52.313878" lon="9.1316"><ele>56</ele></trkpt>
   <trkpt lat="52.313916" lon="9.131676"><ele>56</ele></trkpt>
   <trkpt lat="52.314168" lon="9.132172"><ele>56</ele></trkpt>
   <trkpt lat="52.314358" lon="9.132545"><ele>56</ele></trkpt>
   <trkpt lat="52.315166" lon="9.134155"><ele>56.75</ele></trkpt>
   <trkpt lat="52.316069" lon="9.135945"><ele>58</ele></trkpt>
   <trkpt lat="52.316413" lon="9.136638"><ele>57.75</ele></trkpt>
   <trkpt lat="52.317672" lon="9.139127"><ele>59</ele></trkpt>
   <trkpt lat="52.318587" lon="9.140945"><ele>60</ele></trkpt>
   <trkpt lat="52.319958" lon="9.14367"><ele>61</ele></trkpt>
   <trkpt lat="52.320868" lon="9.145477"><ele>62</ele></trkpt>
   <trkpt lat="52.321824" lon="9.147374"><ele>63</ele></trkpt>
   <trkpt lat="52.32221" lon="9.148142"><ele>63</ele></trkpt>
   <trkpt lat="52.323189" lon="9.150082"><ele>64</ele></trkpt>
   <trkpt lat="52.323209" lon="9.150121"><ele>64</ele></trkpt>
   <trkpt lat="52.323615" lon="9.150951"><ele>64.75</ele></trkpt>
   <trkpt lat="52.324208" lon="9.152227"><ele>66</ele></trkpt>
   <trkpt lat="52.324518" lon="9.152934"><ele>66.5</ele></trkpt>
   <trkpt lat="52.32482" lon="9.153656"><ele>67</ele></trkpt>
   <trkpt lat="52.325138" lon="9.154441"><ele>67.75</ele></trkpt>
   <trkpt lat="52.325446" lon="9.155251"><ele>68</ele></trkpt>
   <trkpt lat="52.325707" lon="9.155956"><ele>68.5</ele></trkpt>
   <trkpt lat="52.325909" lon="9.156529"><ele>69</ele></trkpt>
   <trkpt lat="52.326146" lon="9.157227"><ele>69</ele></trkpt>
   <trkpt lat="52.326422" lon="9.15808"><ele>68.75</ele></trkpt>
   <trkpt lat="52.326693" lon="9.158965"><ele>68</ele></trkpt>
   <trkpt lat="52.326955" lon="9.15986"><ele>67.75</ele></trkpt>
   <trkpt lat="52.327195" lon="9.160749"><ele>67</ele></trkpt>
   <trkpt lat="52.32742" lon="9.161631"><ele>67</ele></trkpt>
   <trkpt lat="52.327633" lon="9.162507"><ele>66</ele></trkpt>
   <trkpt lat="52.327835" lon="9.163405"><ele>66</ele></trkpt>
   <trkpt lat="52.327922" lon="9.16382"><ele>65</ele></trkpt>
   <trkpt lat="52.328169" lon="9.165008"><ele>65</ele></trkpt>
   <trkpt lat="52.328221" lon="9.16527"><ele>65</ele></trkpt>
   <trkpt lat="52.328754" lon="9.168034"><ele>64</ele></trkpt>
   <trkpt lat="52.328868" lon="9.168627"><ele>64</ele></trkpt>
   <trkpt lat="52.32891" lon="9.168845"><ele>64</ele></trkpt>
   <trkpt lat="52.328964" lon="9.169129"><ele>64</ele></trkpt>
   <trkpt lat="52.329518" lon="9.17199"><ele>64</ele></trkpt>
   <trkpt lat="52.329936" lon="9.174159"><ele>64</ele></trkpt>
   <trkpt lat="52.330581" lon="9.177499"><ele>64</ele></trkpt>
   <trkpt lat="52.330909" lon="9.179215"><ele>64</ele></trkpt>
   <trkpt lat="52.331013" lon="9.179737"><ele>65</ele></trkpt>
   <trkpt lat="52.331178" lon="9.180582"><ele>65</ele></trkpt>
   <trkpt lat="52.331336" lon="9.181448"><ele>65</ele></trkpt>
   <trkpt lat="52.331367" lon="9.18161"><ele>65</ele></trkpt>
   <trkpt lat="52.331431" lon="9.181931"><ele>65</ele></trkpt>
   <trkpt lat="52.33161" lon="9.18304"><ele>65</ele></trkpt>
   <trkpt lat="52.331626" lon="9.18312"><ele>65</ele></trkpt>
   <trkpt lat="52.331868" lon="9.184371"><ele>65</ele></trkpt>
   <trkpt lat="52.332069" lon="9.185414"><ele>64.5</ele></trkpt>
   <trkpt lat="52.332153" lon="9.185854"><ele>64</ele></trkpt>
   <trkpt lat="52.332235" lon="9.186279"><ele>64.5</ele></trkpt>
   <trkpt lat="52.332466" lon="9.187482"><ele>65</ele></trkpt>
   <trkpt lat="52.332686" lon="9.188611"><ele>65</ele></trkpt>
   <trkpt lat="52.332755" lon="9.189006"><ele>65</ele></trkpt>
   <trkpt lat="52.332952" lon="9.190109"><ele>65</ele></trkpt>
   <trkpt lat="52.333171" lon="9.191416"><ele>65</ele></trkpt>
   <trkpt lat="52.333174" lon="9.191437"><ele>65</ele></trkpt>
   <trkpt lat="52.334264" lon="9.198181"><ele>65</ele></trkpt>
   <trkpt lat="52.334456" lon="9.199365"><ele>64.75</ele></trkpt>
   <trkpt lat="52.334749" lon="9.201172"><ele>63.75</ele></trkpt>
   <trkpt lat="52.334778" lon="9.201345"><ele>63.75</ele></trkpt>
   <trkpt lat="52.334975" lon="9.202534"><ele>63</ele></trkpt>
   <trkpt lat="52.335127" lon="9.203479"><ele>63</ele></trkpt>
   <trkpt lat="52.335138" lon="9.203551"><ele>63</ele></trkpt>
   <trkpt lat="52.335354" lon="9.204887"><ele>63.5</ele></trkpt>
   <trkpt lat="52.335551" lon="9.206021"><ele>64</ele></trkpt>
   <trkpt lat="52.335595" lon="9.206267"><ele>64.5</ele></trkpt>
   <trkpt lat="52.335976" lon="9.208266"><ele>65.75</ele></trkpt>
   <trkpt lat="52.336553" lon="9.210747"><ele>67</ele></trkpt>
   <trkpt lat="52.336727" lon="9.211497"><ele>67</ele></trkpt>
   <trkpt lat="52.336733" lon="9.211523"><ele>67</ele></trkpt>
   <trkpt lat="52.336822" lon="9.211864"><ele>67</ele></trkpt>
   <trkpt lat="52.337178" lon="9.213152"><ele>67</ele></trkpt>
   <trkpt lat="52.337202" lon="9.21325"><ele>67</ele></trkpt>
   <trkpt lat="52.337224" lon="9.213343"><ele>66.75</ele></trkpt>
   <trkpt lat="52.337379" lon="9.213985"><ele>67</ele></trkpt>
   <trkpt lat="52.33825" lon="9.217588"><ele>66</ele></trkpt>
   <trkpt lat="52.340963" lon="9.228678"><ele>62.5</ele></trkpt>
   <trkpt lat="52.341298" lon="9.230075"><ele>62</ele></trkpt>
   <trkpt lat="52.341808" lon="9.232199"><ele>61</ele></trkpt>
   <trkpt lat="52.34188" lon="9.232502"><ele>61</ele></trkpt>
   <trkpt lat="52.341958" lon="9.232818"><ele>61</ele></trkpt>
   <trkpt lat="52.343199" lon="9.237937"><ele>60</ele></trkpt>
   <trkpt lat="52.343225" lon="9.238047"><ele>60</ele></trkpt>
   <trkpt lat="52.34386" lon="9.240659"><ele>59</ele></trkpt>
   <trkpt lat="52.34388" lon="9.240742"><ele>59</ele></trkpt>
   <trkpt lat="52.345134" lon="9.245886"><ele>59</ele></trkpt>
   <trkpt lat="52.345165" lon="9.246012"><ele>59</ele></trkpt>
   <trkpt lat="52.345776" lon="9.248517"><ele>60</ele></trkpt>
   <trkpt lat="52.346418" lon="9.251331"><ele>60</ele></trkpt>
   <trkpt lat="52.346604" lon="9.252232"><ele>60</ele></trkpt>
   <trkpt lat="52.346619" lon="9.252308"><ele>60</ele></trkpt>
   <trkpt lat="52.347051" lon="9.25436"><ele>60</ele></trkpt>
   <trkpt lat="52.349187" lon="9.264494"><ele>59</ele></trkpt>
   <trkpt lat="52.349666" lon="9.266727"><ele>59</ele></trkpt>
   <trkpt lat="52.350096" lon="9.268737"><ele>58</ele></trkpt>
   <trkpt lat="52.35012" lon="9.268848"><ele>58</ele></trkpt>
   <trkpt lat="52.350404" lon="9.270169"><ele>58</ele></trkpt>
   <trkpt lat="52.350581" lon="9.270993"><ele>57.75</ele></trkpt>
   <trkpt lat="52.350845" lon="9.272042"><ele>57.75</ele></trkpt>
   <trkpt lat="52.350876" lon="9.27217"><ele>57.75</ele></trkpt>
   <trkpt lat="52.350936" lon="9.272455"><ele>58</ele></trkpt>
   <trkpt lat="52.352458" lon="9.279733"><ele>59</ele></trkpt>
   <trkpt lat="52.35302" lon="9.282331"><ele>58</ele></trkpt>
   <trkpt lat="52.353099" lon="9.282709"><ele>58</ele></trkpt>
   <trkpt lat="52.35317" lon="9.283062"><ele>58</ele></trkpt>
   <trkpt lat="52.353261" lon="9.283606"><ele>58.25</ele></trkpt>
   <trkpt lat="52.353412" lon="9.284395"><ele>58</ele></trkpt>
   <trkpt lat="52.353705" lon="9.285805"><ele>58</ele></trkpt>
   <trkpt lat="52.353763" lon="9.28608"><ele>58</ele></trkpt>
   <trkpt lat="52.353773" lon="9.286127"><ele>58</ele></trkpt>
   <trkpt lat="52.354025" lon="9.287311"><ele>58</ele></trkpt>
   <trkpt lat="52.354154" lon="9.287915"><ele>58</ele></trkpt>
   <trkpt lat="52.354177" lon="9.288023"><ele>58</ele></trkpt>
   <trkpt lat="52.354309" lon="9.288642"><ele>58</ele></trkpt>
   <trkpt lat="52.354588" lon="9.289956"><ele>57</ele></trkpt>
   <trkpt lat="52.354751" lon="9.290739"><ele>57</ele></trkpt>
   <trkpt lat="52.354763" lon="9.290797"><ele>56.75</ele></trkpt>
   <trkpt lat="52.354778" lon="9.290868"><ele>57</ele></trkpt>
   <trkpt lat="52.355355" lon="9.29362"><ele>56</ele></trkpt>
   <trkpt lat="52.358173" lon="9.307037"><ele>55</ele></trkpt>
   <trkpt lat="52.358307" lon="9.307672"><ele>55</ele></trkpt>
   <trkpt lat="52.359258" lon="9.312179"><ele>54.75</ele></trkpt>
   <trkpt lat="52.359468" lon="9.313172"><ele>55</ele></trkpt>
   <trkpt lat="52.361251" lon="9.321619"><ele>55</ele></trkpt>
   <trkpt lat="52.362267" lon="9.326431"><ele>55</ele></trkpt>
   <trkpt lat="52.362326" lon="9.326709"><ele>55</ele></trkpt>
   <trkpt lat="52.363559" lon="9.332552"><ele>55</ele></trkpt>
   <trkpt lat="52.364415" lon="9.336596"><ele>54</ele></trkpt>
   <trkpt lat="52.364515" lon="9.337068"><ele>54</ele></trkpt>
   <trkpt lat="52.364834" lon="9.338584"><ele>54</ele></trkpt>
   <trkpt lat="52.365305" lon="9.340817"><ele>54</ele></trkpt>
   <trkpt lat="52.365341" lon="9.340988"><ele>54</ele></trkpt>
   <trkpt lat="52.36544" lon="9.341457"><ele>54.5</ele></trkpt>
   <trkpt lat="52.366159" lon="9.344869"><ele>55</ele></trkpt>
   <trkpt lat="52.366328" lon="9.345661"><ele>55</ele></trkpt>
   <trkpt lat="52.366416" lon="9.346103"><ele>55</ele></trkpt>
   <trkpt lat="52.368783" lon="9.357336"><ele>54</ele></trkpt>
   <trkpt lat="52.368824" lon="9.357533"><ele>54</ele></trkpt>
   <trkpt lat="52.3693" lon="9.359805"><ele>55</ele></trkpt>
   <trkpt lat="52.369344" lon="9.360009"><ele>55</ele></trkpt>
   <trkpt lat="52.369864" lon="9.362486"><ele>55</ele></trkpt>
   <trkpt lat="52.369975" lon="9.363013"><ele>55</ele></trkpt>
   <trkpt lat="52.370723" lon="9.366573"><ele>56</ele></trkpt>
   <trkpt lat="52.37075" lon="9.366699"><ele>56</ele></trkpt>
   <trkpt lat="52.370959" lon="9.36771"><ele>56</ele></trkpt>
   <trkpt lat="52.37146" lon="9.370135"><ele>56.25</ele></trkpt>
   <trkpt lat="52.372327" lon="9.374265"><ele>56.25</ele></trkpt>
   <trkpt lat="52.372599" lon="9.375473"><ele>56</ele></trkpt>
   <trkpt lat="52.372852" lon="9.376545"><ele>55</ele></trkpt>
   <trkpt lat="52.373001" lon="9.377174"><ele>54.75</ele></trkpt>
   <trkpt lat="52.373269" lon="9.378138"><ele>55</ele></trkpt>
   <trkpt lat="52.373561" lon="9.379044"><ele>54</ele></trkpt>
   <trkpt lat="52.373656" lon="9.379315"><ele>54</ele></trkpt>
   <trkpt lat="52.373884" lon="9.379925"><ele>54</ele></trkpt>
   <trkpt lat="52.374233" lon="9.380781"><ele>54</ele></trkpt>
   <trkpt lat="52.37441" lon="9.381163"><ele>54</ele></trkpt>
   <trkpt lat="52.374533" lon="9.381428"><ele>53.75</ele></trkpt>
   <trkpt lat="52.374826" lon="9.382044"><ele>53</ele></trkpt>
   <trkpt lat="52.375142" lon="9.382631"><ele>53</ele></trkpt>
   <trkpt lat="52.37546" lon="9.383181"><ele>53</ele></trkpt>
   <trkpt lat="52.375942" lon="9.383951"><ele>53</ele></trkpt>
   <trkpt lat="52.376399" lon="9.384619"><ele>53</ele></trkpt>
   <trkpt lat="52.376565" lon="9.384846"><ele>52.75</ele></trkpt>
   <trkpt lat="52.376803" lon="9.385169"><ele>53</ele></trkpt>
   <trkpt lat="52.376903" lon="9.385308"><ele>53</ele></trkpt>
   <trkpt lat="52.37691" lon="9.385318"><ele>52.75</ele></trkpt>
   <trkpt lat="52.377023" lon="9.385455"><ele>52.75</ele></trkpt>
   <trkpt lat="52.377543" lon="9.386141"><ele>52</ele></trkpt>
   <trkpt lat="52.378763" lon="9.387769"><ele>52</ele></trkpt>
   <trkpt lat="52.379987" lon="9.389388"><ele>52</ele></trkpt>
   <trkpt lat="52.380604" lon="9.390206"><ele>51</ele></trkpt>
   <trkpt lat="52.38285" lon="9.393176"><ele>51</ele></trkpt>
   <trkpt lat="52.383242" lon="9.393675"><ele>50.25</ele></trkpt>
   <trkpt lat="52.383652" lon="9.394176"><ele>50</ele></trkpt>
   <trkpt lat="52.383881" lon="9.394444"><ele>50</ele></trkpt>
   <trkpt lat="52.384081" lon="9.394676"><ele>50</ele></trkpt>
   <trkpt lat="52.384715" lon="9.395372"><ele>50</ele></trkpt>
   <trkpt lat="52.384875" lon="9.395548"><ele>50</ele></trkpt>
   <trkpt lat="52.385155" lon="9.395871"><ele>50</ele></trkpt>
   <trkpt lat="52.385309" lon="9.396065"><ele>50</ele></trkpt>
   <trkpt lat="52.385572" lon="9.396366"><ele>50</ele></trkpt>
   <trkpt lat="52.386139" lon="9.396932"><ele>50</ele></trkpt>
   <trkpt lat="52.386164" lon="9.396956"><ele>50</ele></trkpt>
   <trkpt lat="52.386361" lon="9.397145"><ele>50</ele></trkpt>
   <trkpt lat="52.387361" lon="9.398111"><ele>49.25</ele></trkpt>
   <trkpt lat="52.387373" lon="9.398123"><ele>49.25</ele></trkpt>
   <trkpt lat="52.387831" lon="9.398571"><ele>49.25</ele></trkpt>
   <trkpt lat="52.388067" lon="9.398788"><ele>49.25</ele></trkpt>
   <trkpt lat="52.389136" lon="9.399818"><ele>49.5</ele></trkpt>
   <trkpt lat="52.38918" lon="9.399861"><ele>49.5</ele></trkpt>
   <trkpt lat="52.389214" lon="9.399894"><ele>49.25</ele></trkpt>
   <trkpt lat="52.391409" lon="9.402"><ele>48.75</ele></trkpt>
   <trkpt lat="52.392177" lon="9.402693"><ele>50</ele></trkpt>
   <trkpt lat="52.396233" lon="9.40651"><ele>47</ele></trkpt>
   <trkpt lat="52.396294" lon="9.406569"><ele>47</ele></trkpt>
   <trkpt lat="52.39724" lon="9.407452"><ele>46</ele></trkpt>
   <trkpt lat="52.398034" lon="9.408191"><ele>46</ele></trkpt>
   <trkpt lat="52.398079" lon="9.408234"><ele>46</ele></trkpt>
   <trkpt lat="52.400376" lon="9.410375"><ele>45</ele></trkpt>
   <trkpt lat="52.402315" lon="9.412184"><ele>43</ele></trkpt>
   <trkpt lat="52.402496" lon="9.412353"><ele>43</ele></trkpt>
   <trkpt lat="52.405602" lon="9.415221"><ele>45</ele></trkpt>
   <trkpt lat="52.406011" lon="9.415615"><ele>45</ele></trkpt>
   <trkpt lat="52.406087" lon="9.415679"><ele>45</ele></trkpt>
   <trkpt lat="52.407812" lon="9.417293"><ele>46</ele></trkpt>
   <trkpt lat="52.40817" lon="9.417628"><ele>46</ele></trkpt>
   <trkpt lat="52.409149" lon="9.418543"><ele>46</ele></trkpt>
   <trkpt lat="52.409367" lon="9.418746"><ele>46</ele></trkpt>
   <trkpt lat="52.412736" lon="9.421897"><ele>45</ele></trkpt>
   <trkpt lat="52.413619" lon="9.42271"><ele>44</ele></trkpt>
   <trkpt lat="52.413703" lon="9.422788"><ele>44</ele></trkpt>
   <trkpt lat="52.416563" lon="9.425475"><ele>43</ele></trkpt>
   <trkpt lat="52.41727" lon="9.426158"><ele>43</ele></trkpt>
   <trkpt lat="52.417498" lon="9.426401"><ele>43</ele></trkpt>
   <trkpt lat="52.417944" lon="9.426912"><ele>43</ele></trkpt>
   <trkpt lat="52.418414" lon="9.427493"><ele>43</ele></trkpt>
   <trkpt lat="52.418916" lon="9.428188"><ele>43</ele></trkpt>
   <trkpt lat="52.419365" lon="9.428889"><ele>43</ele></trkpt>
   <trkpt lat="52.41999" lon="9.429984"><ele>43</ele></trkpt>
   <trkpt lat="52.420129" lon="9.430256"><ele>43</ele></trkpt>
   <trkpt lat="52.420648" lon="9.431347"><ele>43</ele></trkpt>
   <trkpt lat="52.421039" lon="9.432269"><ele>43</ele></trkpt>
   <trkpt lat="52.421406" lon="9.433235"><ele>42.75</ele></trkpt>
   <trkpt lat="52.421572" lon="9.433723"><ele>43</ele></trkpt>
   <trkpt lat="52.421689" lon="9.434066"><ele>43</ele></trkpt>
   <trkpt lat="52.421793" lon="9.434419"><ele>43.75</ele></trkpt>
   <trkpt lat="52.422128" lon="9.435554"><ele>44</ele></trkpt>
   <trkpt lat="52.422424" lon="9.436669"><ele>44</ele></trkpt>
   <trkpt lat="52.422626" lon="9.437595"><ele>45</ele></trkpt>
   <trkpt lat="52.422772" lon="9.438401"><ele>45</ele></trkpt>
   <trkpt lat="52.422889" lon="9.439211"><ele>45</ele></trkpt>
   <trkpt lat="52.422968" lon="9.440017"><ele>45</ele></trkpt>
   <trkpt lat="52.423041" lon="9.440888"><ele>45</ele></trkpt>
   <trkpt lat="52.423075" lon="9.441653"><ele>45</ele></trkpt>
   <trkpt lat="52.423087" lon="9.442648"><ele>46</ele></trkpt>
   <trkpt lat="52.423084" lon="9.44284"><ele>46</ele></trkpt>
   <trkpt lat="52.423081" lon="9.443009"><ele>46</ele></trkpt>
   <trkpt lat="52.42308" lon="9.443179"><ele>46</ele></trkpt>
   <trkpt lat="52.423065" lon="9.443726"><ele>46</ele></trkpt>
   <trkpt lat="52.423031" lon="9.44449"><ele>45.75</ele></trkpt>
   <trkpt lat="52.423014" lon="9.444685"><ele>46</ele></trkpt>
   <trkpt lat="52.42297" lon="9.445382"><ele>46</ele></trkpt>
   <trkpt lat="52.422903" lon="9.446117"><ele>46</ele></trkpt>
   <trkpt lat="52.422873" lon="9.446374"><ele>46</ele></trkpt>
   <trkpt lat="52.422864" lon="9.446449"><ele>46</ele></trkpt>
   <trkpt lat="52.422746" lon="9.447265"><ele>46</ele></trkpt>
   <trkpt lat="52.422626" lon="9.447913"><ele>46</ele></trkpt>
   <trkpt lat="52.422547" lon="9.448265"><ele>45.75</ele></trkpt>
   <trkpt lat="52.42247" lon="9.448611"><ele>46</ele></trkpt>
   <trkpt lat="52.42232" lon="9.449416"><ele>46</ele></trkpt>
   <trkpt lat="52.422303" lon="9.449494"><ele>46</ele></trkpt>
   <trkpt lat="52.422207" lon="9.449932"><ele>46</ele></trkpt>
   <trkpt lat="52.421997" lon="9.450887"><ele>46</ele></trkpt>
   <trkpt lat="52.42199" lon="9.450917"><ele>46</ele></trkpt>
   <trkpt lat="52.421985" lon="9.450943"><ele>46</ele></trkpt>
   <trkpt lat="52.421981" lon="9.450958"><ele>45.75</ele></trkpt>
   <trkpt lat="52.421655" lon="9.452443"><ele>46</ele></trkpt>
   <trkpt lat="52.421535" lon="9.452994"><ele>46</ele></trkpt>
   <trkpt lat="52.421286" lon="9.454164"><ele>46</ele></trkpt>
   <trkpt lat="52.420665" lon="9.457536"><ele>46</ele></trkpt>
   <trkpt lat="52.420584" lon="9.457973"><ele>46</ele></trkpt>
   <trkpt lat="52.420448" lon="9.458851"><ele>46</ele></trkpt>
   <trkpt lat="52.4202" lon="9.460106"><ele>46</ele></trkpt>
   <trkpt lat="52.420193" lon="9.460143"><ele>46</ele></trkpt>
   <trkpt lat="52.420186" lon="9.460179"><ele>46</ele></trkpt>
   <trkpt lat="52.420138" lon="9.460413"><ele>46</ele></trkpt>
   <trkpt lat="52.419965" lon="9.461245"><ele>46</ele></trkpt>
   <trkpt lat="52.419828" lon="9.461923"><ele>46</ele></trkpt>
   <trkpt lat="52.419824" lon="9.461941"><ele>46</ele></trkpt>
   <trkpt lat="52.419753" lon="9.462295"><ele>46</ele></trkpt>
   <trkpt lat="52.419706" lon="9.462535"><ele>46</ele></trkpt>
   <trkpt lat="52.419576" lon="9.463206"><ele>46</ele></trkpt>
   <trkpt lat="52.419106" lon="9.465487"><ele>46</ele></trkpt>
   <trkpt lat="52.418644" lon="9.467628"><ele>46</ele></trkpt>
   <trkpt lat="52.417558" lon="9.472606"><ele>46</ele></trkpt>
   <trkpt lat="52.416806" lon="9.476077"><ele>46</ele></trkpt>
   <trkpt lat="52.41561" lon="9.481638"><ele>47</ele></trkpt>
   <trkpt lat="52.414975" lon="9.484575"><ele>46</ele></trkpt>
   <trkpt lat="52.414856" lon="9.485119"><ele>46</ele></trkpt>
   <trkpt lat="52.41482" lon="9.485286"><ele>46</ele></trkpt>
   <trkpt lat="52.414343" lon="9.487493"><ele>46</ele></trkpt>
   <trkpt lat="52.413959" lon="9.489268"><ele>46</ele></trkpt>
   <trkpt lat="52.413739" lon="9.490278"><ele>46</ele></trkpt>
   <trkpt lat="52.413147" lon="9.493005"><ele>46</ele></trkpt>
   <trkpt lat="52.41201" lon="9.498276"><ele>47</ele></trkpt>
   <trkpt lat="52.411516" lon="9.500522"><ele>47</ele></trkpt>
   <trkpt lat="52.411083" lon="9.502522"><ele>47</ele></trkpt>
   <trkpt lat="52.411064" lon="9.50261"><ele>47</ele></trkpt>
   <trkpt lat="52.410783" lon="9.503931"><ele>47.25</ele></trkpt>
   <trkpt lat="52.409321" lon="9.510679"><ele>47</ele></trkpt>
   <trkpt lat="52.409241" lon="9.511034"><ele>47</ele></trkpt>
   <trkpt lat="52.409238" lon="9.511048"><ele>47</ele></trkpt>
   <trkpt lat="52.407182" lon="9.520555"><ele>47</ele></trkpt>
   <trkpt lat="52.407058" lon="9.521131"><ele>47</ele></trkpt>
   <trkpt lat="52.406481" lon="9.523793"><ele>47</ele></trkpt>
   <trkpt lat="52.405467" lon="9.52855"><ele>48</ele></trkpt>
   <trkpt lat="52.404234" lon="9.534108"><ele>48</ele></trkpt>
   <trkpt lat="52.404201" lon="9.534258"><ele>48</ele></trkpt>
   <trkpt lat="52.404117" lon="9.534651"><ele>48</ele></trkpt>
   <trkpt lat="52.404101" lon="9.534726"><ele>48</ele></trkpt>
   <trkpt lat="52.402562" lon="9.54183"><ele>50</ele></trkpt>
   <trkpt lat="52.401347" lon="9.547114"><ele>50</ele></trkpt>
   <trkpt lat="52.401113" lon="9.548184"><ele>50</ele></trkpt>
   <trkpt lat="52.400152" lon="9.552576"><ele>47</ele></trkpt>
   <trkpt lat="52.400118" lon="9.552731"><ele>47</ele></trkpt>
   <trkpt lat="52.400014" lon="9.553232"><ele>46.75</ele></trkpt>
   <trkpt lat="52.398986" lon="9.557939"><ele>50</ele></trkpt>
   <trkpt lat="52.398898" lon="9.558381"><ele>50</ele></trkpt>
   <trkpt lat="52.398763" lon="9.558998"><ele>50</ele></trkpt>
   <trkpt lat="52.398414" lon="9.56061"><ele>50</ele></trkpt>
   <trkpt lat="52.397801" lon="9.563435"><ele>49.75</ele></trkpt>
   <trkpt lat="52.397764" lon="9.563605"><ele>50</ele></trkpt>
   <trkpt lat="52.395755" lon="9.572848"><ele>49.25</ele></trkpt>
   <trkpt lat="52.395197" lon="9.575471"><ele>49</ele></trkpt>
   <trkpt lat="52.394906" lon="9.576839"><ele>49</ele></trkpt>
   <trkpt lat="52.394425" lon="9.5791"><ele>49</ele></trkpt>
   <trkpt lat="52.394231" lon="9.579992"><ele>49</ele></trkpt>
   <trkpt lat="52.394216" lon="9.580063"><ele>49</ele></trkpt>
   <trkpt lat="52.393916" lon="9.581466"><ele>49</ele></trkpt>
   <trkpt lat="52.393659" lon="9.582629"><ele>48</ele></trkpt>
   <trkpt lat="52.393626" lon="9.582777"><ele>48</ele></trkpt>
   <trkpt lat="52.393453" lon="9.583565"><ele>48</ele></trkpt>
   <trkpt lat="52.392911" lon="9.58611"><ele>49</ele></trkpt>
   <trkpt lat="52.392723" lon="9.587039"><ele>49</ele></trkpt>
   <trkpt lat="52.392716" lon="9.587073"><ele>49</ele></trkpt>
   <trkpt lat="52.392698" lon="9.587162"><ele>49.25</ele></trkpt>
   <trkpt lat="52.392616" lon="9.587615"><ele>49.75</ele></trkpt>
   <trkpt lat="52.392553" lon="9.588012"><ele>50</ele></trkpt>
   <trkpt lat="52.392431" lon="9.588894"><ele>49.75</ele></trkpt>
   <trkpt lat="52.392376" lon="9.589253"><ele>49.25</ele></trkpt>
   <trkpt lat="52.392201" lon="9.590328"><ele>50</ele></trkpt>
   <trkpt lat="52.391976" lon="9.591832"><ele>49.75</ele></trkpt>
   <trkpt lat="52.391814" lon="9.593055"><ele>49.25</ele></trkpt>
   <trkpt lat="52.39171" lon="9.593965"><ele>49.75</ele></trkpt>
   <trkpt lat="52.391699" lon="9.594081"><ele>49.75</ele></trkpt>
   <trkpt lat="52.391619" lon="9.594917"><ele>50</ele></trkpt>
   <trkpt lat="52.391551" lon="9.59572"><ele>50</ele></trkpt>
   <trkpt lat="52.391511" lon="9.596172"><ele>50</ele></trkpt>
   <trkpt lat="52.39149" lon="9.596478"><ele>49.75</ele></trkpt>
   <trkpt lat="52.391388" lon="9.597381"><ele>50</ele></trkpt>
   <trkpt lat="52.391329" lon="9.597998"><ele>50</ele></trkpt>
   <trkpt lat="52.391288" lon="9.598632"><ele>49.75</ele></trkpt>
   <trkpt lat="52.391286" lon="9.598697"><ele>49.75</ele></trkpt>
   <trkpt lat="52.391261" lon="9.599334"><ele>49.25</ele></trkpt>
   <trkpt lat="52.391237" lon="9.600191"><ele>49.5</ele></trkpt>
   <trkpt lat="52.391224" lon="9.601076"><ele>49.5</ele></trkpt>
   <trkpt lat="52.391229" lon="9.602505"><ele>50</ele></trkpt>
   <trkpt lat="52.391246" lon="9.603375"><ele>50</ele></trkpt>
   <trkpt lat="52.391265" lon="9.603908"><ele>50</ele></trkpt>
   <trkpt lat="52.391324" lon="9.605165"><ele>49</ele></trkpt>
   <trkpt lat="52.391437" lon="9.606848"><ele>50</ele></trkpt>
   <trkpt lat="52.392319" lon="9.618296"><ele>50</ele></trkpt>
   <trkpt lat="52.392326" lon="9.61838"><ele>50</ele></trkpt>
   <trkpt lat="52.39246" lon="9.620163"><ele>50</ele></trkpt>
   <trkpt lat="52.393107" lon="9.628504"><ele>49.75</ele></trkpt>
   <trkpt lat="52.3932" lon="9.629746"><ele>50</ele></trkpt>
   <trkpt lat="52.393291" lon="9.630868"><ele>50</ele></trkpt>
   <trkpt lat="52.393519" lon="9.633863"><ele>50</ele></trkpt>
   <trkpt lat="52.393572" lon="9.634552"><ele>50</ele></trkpt>
   <trkpt lat="52.393721" lon="9.636506"><ele>50</ele></trkpt>
   <trkpt lat="52.394099" lon="9.641428"><ele>50</ele></trkpt>
   <trkpt lat="52.394186" lon="9.642584"><ele>50</ele></trkpt>
   <trkpt lat="52.394424" lon="9.645697"><ele>50</ele></trkpt>
   <trkpt lat="52.394646" lon="9.648564"><ele>49.25</ele></trkpt>
   <trkpt lat="52.394689" lon="9.649112"><ele>49</ele></trkpt>
   <trkpt lat="52.394707" lon="9.649358"><ele>49</ele></trkpt>
   <trkpt lat="52.394745" lon="9.649853"><ele>49</ele></trkpt>
   <trkpt lat="52.39499" lon="9.653013"><ele>48</ele></trkpt>
   <trkpt lat="52.39503" lon="9.653531"><ele>48</ele></trkpt>
   <trkpt lat="52.395235" lon="9.656226"><ele>47</ele></trkpt>
   <trkpt lat="52.395243" lon="9.656327"><ele>46.75</ele></trkpt>
   <trkpt lat="52.395272" lon="9.656701"><ele>46.75</ele></trkpt>
   <trkpt lat="52.395292" lon="9.657032"><ele>46.75</ele></trkpt>
   <trkpt lat="52.39531" lon="9.65756"><ele>46.75</ele></trkpt>
   <trkpt lat="52.395335" lon="9.657987"><ele>47</ele></trkpt>
   <trkpt lat="52.395353" lon="9.658249"><ele>47</ele></trkpt>
   <trkpt lat="52.395369" lon="9.658526"><ele>47</ele></trkpt>
   <trkpt lat="52.395389" lon="9.659065"><ele>47</ele></trkpt>
   <trkpt lat="52.39541" lon="9.659418"><ele>47</ele></trkpt>
   <trkpt lat="52.395415" lon="9.659484"><ele>47</ele></trkpt>
   <trkpt lat="52.395417" lon="9.65951"><ele>47</ele></trkpt>
   <trkpt lat="52.395427" lon="9.659648"><ele>47</ele></trkpt>
   <trkpt lat="52.395687" lon="9.66324"><ele>47</ele></trkpt>
   <trkpt lat="52.395759" lon="9.664028"><ele>46.25</ele></trkpt>
   <trkpt lat="52.395883" lon="9.665603"><ele>45.75</ele></trkpt>
   <trkpt lat="52.395899" lon="9.665852"><ele>44.75</ele></trkpt>
   <trkpt lat="52.396019" lon="9.667443"><ele>45.25</ele></trkpt>
   <trkpt lat="52.396026" lon="9.667508"><ele>45.25</ele></trkpt>
   <trkpt lat="52.396152" lon="9.668725"><ele>48</ele></trkpt>
   <trkpt lat="52.396286" lon="9.670645"><ele>49</ele></trkpt>
   <trkpt lat="52.396304" lon="9.6709"><ele>49.25</ele></trkpt>
   <trkpt lat="52.396401" lon="9.672146"><ele>50</ele></trkpt>
   <trkpt lat="52.396407" lon="9.672242"><ele>50</ele></trkpt>
   <trkpt lat="52.396459" lon="9.673036"><ele>50</ele></trkpt>
   <trkpt lat="52.396486" lon="9.673631"><ele>50</ele></trkpt>
   <trkpt lat="52.396518" lon="9.674699"><ele>50</ele></trkpt>
   <trkpt lat="52.396544" lon="9.675245"><ele>50</ele></trkpt>
   <trkpt lat="52.396591" lon="9.675964"><ele>51</ele></trkpt>
   <trkpt lat="52.396623" lon="9.676418"><ele>51</ele></trkpt>
   <trkpt lat="52.396648" lon="9.676749"><ele>50.75</ele></trkpt>
   <trkpt lat="52.396758" lon="9.678151"><ele>52</ele></trkpt>
   <trkpt lat="52.397011" lon="9.681203"><ele>51</ele></trkpt>
   <trkpt lat="52.397058" lon="9.681857"><ele>51</ele></trkpt>
   <trkpt lat="52.39725" lon="9.68455"><ele>51</ele></trkpt>
   <trkpt lat="52.397447" lon="9.687308"><ele>51</ele></trkpt>
   <trkpt lat="52.397523" lon="9.688388"><ele>51</ele></trkpt>
   <trkpt lat="52.397536" lon="9.688593"><ele>51</ele></trkpt>
   <trkpt lat="52.397553" lon="9.689488"><ele>51</ele></trkpt>
   <trkpt lat="52.397603" lon="9.690325"><ele>51</ele></trkpt>
   <trkpt lat="52.397619" lon="9.690721"><ele>51</ele></trkpt>
   <trkpt lat="52.397629" lon="9.691112"><ele>51</ele></trkpt>
   <trkpt lat="52.397631" lon="9.691617"><ele>51</ele></trkpt>
   <trkpt lat="52.397626" lon="9.691917"><ele>51</ele></trkpt>
   <trkpt lat="52.397623" lon="9.692128"><ele>51</ele></trkpt>
   <trkpt lat="52.397601" lon="9.692619"><ele>51.25</ele></trkpt>
   <trkpt lat="52.397528" lon="9.6937"><ele>53</ele></trkpt>
   <trkpt lat="52.397473" lon="9.694093"><ele>53</ele></trkpt>
   <trkpt lat="52.397447" lon="9.694368"><ele>53</ele></trkpt>
   <trkpt lat="52.397418" lon="9.694992"><ele>53</ele></trkpt>
   <trkpt lat="52.397307" lon="9.697875"><ele>53</ele></trkpt>
   <trkpt lat="52.397283" lon="9.699359"><ele>53</ele></trkpt>
   <trkpt lat="52.397268" lon="9.699722"><ele>53</ele></trkpt>
   <trkpt lat="52.397252" lon="9.700015"><ele>53</ele></trkpt>
   <trkpt lat="52.397226" lon="9.700348"><ele>53</ele></trkpt>
   <trkpt lat="52.397135" lon="9.701266"><ele>53</ele></trkpt>
   <trkpt lat="52.397083" lon="9.701777"><ele>53</ele></trkpt>
   <trkpt lat="52.397058" lon="9.702014"><ele>53</ele></trkpt>
   <trkpt lat="52.397023" lon="9.702354"><ele>53</ele></trkpt>
   <trkpt lat="52.397" lon="9.702753"><ele>53</ele></trkpt>
   <trkpt lat="52.396986" lon="9.703167"><ele>53</ele></trkpt>
   <trkpt lat="52.396946" lon="9.70359"><ele>53</ele></trkpt>
   <trkpt lat="52.396869" lon="9.704003"><ele>53</ele></trkpt>
   <trkpt lat="52.39681" lon="9.704444"><ele>53</ele></trkpt>
   <trkpt lat="52.396765" lon="9.704874"><ele>53</ele></trkpt>
   <trkpt lat="52.396678" lon="9.70545"><ele>52.75</ele></trkpt>
   <trkpt lat="52.396535" lon="9.706243"><ele>53</ele></trkpt>
   <trkpt lat="52.396305" lon="9.707263"><ele>53</ele></trkpt>
   <trkpt lat="52.396052" lon="9.708208"><ele>53</ele></trkpt>
   <trkpt lat="52.396022" lon="9.708313"><ele>53</ele></trkpt>
   <trkpt lat="52.395863" lon="9.708876"><ele>53</ele></trkpt>
   <trkpt lat="52.395696" lon="9.709502"><ele>53</ele></trkpt>
   <trkpt lat="52.394302" lon="9.715063"><ele>53</ele></trkpt>
   <trkpt lat="52.394261" lon="9.715221"><ele>53</ele></trkpt>
   <trkpt lat="52.394133" lon="9.715892"><ele>53</ele></trkpt>
   <trkpt lat="52.394075" lon="9.716141"><ele>53</ele></trkpt>
   <trkpt lat="52.393999" lon="9.716425"><ele>53</ele></trkpt>
   <trkpt lat="52.39388" lon="9.717063"><ele>53</ele></trkpt>
   <trkpt lat="52.393789" lon="9.717518"><ele>53</ele></trkpt>
   <trkpt lat="52.393715" lon="9.71782"><ele>53</ele></trkpt>
   <trkpt lat="52.393694" lon="9.717914"><ele>53</ele></trkpt>
   <trkpt lat="52.393613" lon="9.718228"><ele>53</ele></trkpt>
   <trkpt lat="52.393541" lon="9.718516"><ele>53</ele></trkpt>
   <trkpt lat="52.393427" lon="9.719008"><ele>53</ele></trkpt>
   <trkpt lat="52.393344" lon="9.71933"><ele>53</ele></trkpt>
   <trkpt lat="52.3933" lon="9.719503"><ele>53</ele></trkpt>
   <trkpt lat="52.393075" lon="9.72037"><ele>53</ele></trkpt>
   <trkpt lat="52.392849" lon="9.721156"><ele>53</ele></trkpt>
   <trkpt lat="52.392617" lon="9.721886"><ele>53</ele></trkpt>
   <trkpt lat="52.392317" lon="9.722707"><ele>53</ele></trkpt>
   <trkpt lat="52.392119" lon="9.723181"><ele>53</ele></trkpt>
   <trkpt lat="52.391916" lon="9.72365"><ele>53</ele></trkpt>
   <trkpt lat="52.391722" lon="9.724051"><ele>53</ele></trkpt>
   <trkpt lat="52.3915" lon="9.724456"><ele>53</ele></trkpt>
   <trkpt lat="52.39087" lon="9.725581"><ele>53</ele></trkpt>
   <trkpt lat="52.390571" lon="9.726159"><ele>53</ele></trkpt>
   <trkpt lat="52.390439" lon="9.726435"><ele>53</ele></trkpt>
   <trkpt lat="52.390303" lon="9.726697"><ele>53</ele></trkpt>
   <trkpt lat="52.389914" lon="9.727397"><ele>53</ele></trkpt>
   <trkpt lat="52.389763" lon="9.727666"><ele>53</ele></trkpt>
   <trkpt lat="52.389534" lon="9.728093"><ele>53</ele></trkpt>
   <trkpt lat="52.389277" lon="9.728511"><ele>53</ele></trkpt>
   <trkpt lat="52.388985" lon="9.728964"><ele>53</ele></trkpt>
   <trkpt lat="52.388729" lon="9.729313"><ele>53</ele></trkpt>
   <trkpt lat="52.388584" lon="9.729499"><ele>53</ele></trkpt>
   <trkpt lat="52.38826" lon="9.729907"><ele>53</ele></trkpt>
   <trkpt lat="52.388003" lon="9.730217"><ele>53</ele></trkpt>
   <trkpt lat="52.387786" lon="9.730446"><ele>53</ele></trkpt>
   <trkpt lat="52.387756" lon="9.730477"><ele>53</ele></trkpt>
   <trkpt lat="52.387522" lon="9.730725"><ele>53</ele></trkpt>
   <trkpt lat="52.387471" lon="9.730767"><ele>53</ele></trkpt>
   <trkpt lat="52.386821" lon="9.731425"><ele>53</ele></trkpt>
   <trkpt lat="52.386747" lon="9.73149"><ele>53</ele></trkpt>
   <trkpt lat="52.386357" lon="9.731762"><ele>53</ele></trkpt>
   <trkpt lat="52.386317" lon="9.731793"><ele>53</ele></trkpt>
   <trkpt lat="52.38585" lon="9.732193"><ele>53</ele></trkpt>
   <trkpt lat="52.385366" lon="9.732579"><ele>53</ele></trkpt>
   <trkpt lat="52.384605" lon="9.733073"><ele>53</ele></trkpt>
   <trkpt lat="52.384453" lon="9.733172"><ele>53</ele></trkpt>
   <trkpt lat="52.384442" lon="9.733179"><ele>53</ele></trkpt>
   <trkpt lat="52.384055" lon="9.733407"><ele>53</ele></trkpt>
   <trkpt lat="52.383719" lon="9.733578"><ele>53</ele></trkpt>
   <trkpt lat="52.383713" lon="9.733581"><ele>53</ele></trkpt>
   <trkpt lat="52.383696" lon="9.733591"><ele>53</ele></trkpt>
   <trkpt lat="52.383519" lon="9.733694"><ele>53</ele></trkpt>
   <trkpt lat="52.383343" lon="9.733776"><ele>52.75</ele></trkpt>
   <trkpt lat="52.382738" lon="9.734121"><ele>53</ele></trkpt>
   <trkpt lat="52.382441" lon="9.73425"><ele>53</ele></trkpt>
   <trkpt lat="52.382134" lon="9.734399"><ele>53</ele></trkpt>
   <trkpt lat="52.38206" lon="9.734433"><ele>53</ele></trkpt>
   <trkpt lat="52.381761" lon="9.734569"><ele>53</ele></trkpt>
   <trkpt lat="52.381545" lon="9.734691"><ele>53</ele></trkpt>
   <trkpt lat="52.38134" lon="9.734845"><ele>53</ele></trkpt>
   <trkpt lat="52.381132" lon="9.735009"><ele>53</ele></trkpt>
   <trkpt lat="52.380992" lon="9.735125"><ele>53</ele></trkpt>
   <trkpt lat="52.380776" lon="9.73535"><ele>53</ele></trkpt>
   <trkpt lat="52.380628" lon="9.735509"><ele>53</ele></trkpt>
   <trkpt lat="52.380419" lon="9.73572"><ele>53</ele></trkpt>
   <trkpt lat="52.3802" lon="9.735968"><ele>53</ele></trkpt>
   <trkpt lat="52.379921" lon="9.736342"><ele>53</ele></trkpt>
   <trkpt lat="52.379767" lon="9.736548"><ele>53</ele></trkpt>
   <trkpt lat="52.37963" lon="9.736726"><ele>53.25</ele></trkpt>
   <trkpt lat="52.379521" lon="9.736867"><ele>53</ele></trkpt>
   <trkpt lat="52.379501" lon="9.736893"><ele>53</ele></trkpt>
   <trkpt lat="52.37937" lon="9.737077"><ele>53</ele></trkpt>
   <trkpt lat="52.379196" lon="9.737319"><ele>53</ele></trkpt>
   <trkpt lat="52.378867" lon="9.737761"><ele>53</ele></trkpt>
   <trkpt lat="52.37886" lon="9.737771"><ele>53</ele></trkpt>
   <trkpt lat="52.378671" lon="9.738025"><ele>53</ele></trkpt>
   <trkpt lat="52.378381" lon="9.738503"><ele>53</ele></trkpt>
   <trkpt lat="52.378242" lon="9.738744"><ele>53</ele></trkpt>
   <trkpt lat="52.378147" lon="9.738957"><ele>53</ele></trkpt>
   <trkpt lat="52.378081" lon="9.739105"><ele>53</ele></trkpt>
   <trkpt lat="52.37807" lon="9.739128"><ele>53</ele></trkpt>
   <trkpt lat="52.37773" lon="9.739848"><ele>53</ele></trkpt>
   <trkpt lat="52.377722" lon="9.739865"><ele>53</ele></trkpt>
   <trkpt lat="52.376927" lon="9.741536"><ele>53</ele></trkpt>
   <trkpt lat="52.376918" lon="9.741555"><ele>53</ele></trkpt>
   <trkpt lat="52.376903" lon="9.741588"><ele>53</ele></trkpt>
   <trkpt lat="52.376868" lon="9.741659"><ele>53</ele></trkpt>
   <trkpt lat="52.376151" lon="9.743173"><ele>53</ele></trkpt>
   <trkpt lat="52.376123" lon="9.74323"><ele>53</ele></trkpt>
   <trkpt lat="52.375967" lon="9.743559"><ele>53</ele></trkpt>
   <trkpt lat="52.375745" lon="9.744024"><ele>53</ele></trkpt>
   <trkpt lat="52.375353" lon="9.744833"><ele>53</ele></trkpt>
   <trkpt lat="52.37535" lon="9.744838"><ele>53</ele></trkpt>
   <trkpt lat="52.375333" lon="9.744874"><ele>53</ele></trkpt>
   <trkpt lat="52.375315" lon="9.74491"><ele>53</ele></trkpt>
   <trkpt lat="52.375097" lon="9.745508"><ele>53</ele></trkpt>
   <trkpt lat="52.375073" lon="9.745569"><ele>53</ele></trkpt>
   <trkpt lat="52.374939" lon="9.745909"><ele>53</ele></trkpt>
   <trkpt lat="52.374874" lon="9.746074"><ele>53</ele></trkpt>
   <trkpt lat="52.374681" lon="9.746599"><ele>53</ele></trkpt>
   <trkpt lat="52.374582" lon="9.746871"><ele>53</ele></trkpt>
   <trkpt lat="52.374509" lon="9.747069"><ele>53</ele></trkpt>
   <trkpt lat="52.374309" lon="9.747802"><ele>53</ele></trkpt>
   <trkpt lat="52.374277" lon="9.747934"><ele>53</ele></trkpt>
   <trkpt lat="52.374252" lon="9.748076"><ele>53</ele></trkpt>
   <trkpt lat="52.374175" lon="9.748509"><ele>53</ele></trkpt>
   <trkpt lat="52.374115" lon="9.748908"><ele>53</ele></trkpt>
   <trkpt lat="52.374106" lon="9.748964"><ele>53</ele></trkpt>
   <trkpt lat="52.374009" lon="9.749943"><ele>51.25</ele></trkpt>
   <trkpt lat="52.373864" lon="9.751024"><ele>51</ele></trkpt>
   <trkpt lat="52.373821" lon="9.751345"><ele>51</ele></trkpt>
   <trkpt lat="52.373754" lon="9.751921"><ele>51</ele></trkpt>
   <trkpt lat="52.373557" lon="9.753339"><ele>51</ele></trkpt>
   <trkpt lat="52.373443" lon="9.754318"><ele>51</ele></trkpt>
   <trkpt lat="52.373433" lon="9.754407"><ele>50.75</ele></trkpt>
   <trkpt lat="52.373213" lon="9.756326"><ele>51</ele></trkpt>
   <trkpt lat="52.373192" lon="9.756534"><ele>51</ele></trkpt>
   <trkpt lat="52.373004" lon="9.758201"><ele>51</ele></trkpt>
   <trkpt lat="52.372963" lon="9.758559"><ele>51</ele></trkpt>
   <trkpt lat="52.372957" lon="9.758624"><ele>51</ele></trkpt>
   <trkpt lat="52.372892" lon="9.759342"><ele>51.5</ele></trkpt>
   <trkpt lat="52.372867" lon="9.75977"><ele>52</ele></trkpt>
   <trkpt lat="52.372797" lon="9.760545"><ele>52</ele></trkpt>
   <trkpt lat="52.372732" lon="9.761126"><ele>52</ele></trkpt>
   <trkpt lat="52.372684" lon="9.761596"><ele>52</ele></trkpt>
   <trkpt lat="52.372623" lon="9.762267"><ele>52</ele></trkpt>
   <trkpt lat="52.372569" lon="9.762949"><ele>52</ele></trkpt>
   <trkpt lat="52.3725" lon="9.764133"><ele>52</ele></trkpt>
   <trkpt lat="52.372473" lon="9.764848"><ele>52</ele></trkpt>
   <trkpt lat="52.372455" lon="9.765772"><ele>52</ele></trkpt>
   <trkpt lat="52.372452" lon="9.766321"><ele>52</ele></trkpt>
   <trkpt lat="52.372465" lon="9.767169"><ele>52</ele></trkpt>
   <trkpt lat="52.372491" lon="9.768206"><ele>52.5</ele></trkpt>
   <trkpt lat="52.372495" lon="9.768356"><ele>53</ele></trkpt>
   <trkpt lat="52.37274" lon="9.773022"><ele>53</ele></trkpt>
   <trkpt lat="52.3728" lon="9.774168"><ele>53</ele></trkpt>
   <trkpt lat="52.372828" lon="9.774659"><ele>52.75</ele></trkpt>
   <trkpt lat="52.372988" lon="9.777639"><ele>52.75</ele></trkpt>
   <trkpt lat="52.373002" lon="9.777927"><ele>52.75</ele></trkpt>
   <trkpt lat="52.373024" lon="9.778351"><ele>52.75</ele></trkpt>
   <trkpt lat="52.373037" lon="9.77862"><ele>52.75</ele></trkpt>
   <trkpt lat="52.373095" lon="9.780143"><ele>53</ele></trkpt>
   <trkpt lat="52.373132" lon="9.781245"><ele>54</ele></trkpt>
   <trkpt lat="52.373178" lon="9.782175"><ele>54</ele></trkpt>
   <trkpt lat="52.373209" lon="9.782718"><ele>54.25</ele></trkpt>
   <trkpt lat="52.373434" lon="9.786726"><ele>55</ele></trkpt>
   <trkpt lat="52.373457" lon="9.78714"><ele>55</ele></trkpt>
   <trkpt lat="52.373613" lon="9.789698"><ele>55</ele></trkpt>
   <trkpt lat="52.373699" lon="9.791075"><ele>55</ele></trkpt>
   <trkpt lat="52.373733" lon="9.7916"><ele>55</ele></trkpt>
   <trkpt lat="52.373813" lon="9.792852"><ele>55</ele></trkpt>
   <trkpt lat="52.373868" lon="9.793696"><ele>54.75</ele></trkpt>
   <trkpt lat="52.373915" lon="9.794421"><ele>55</ele></trkpt>
   <trkpt lat="52.374052" lon="9.796584"><ele>55</ele></trkpt>
   <trkpt lat="52.374083" lon="9.797062"><ele>55</ele></trkpt>
   <trkpt lat="52.374115" lon="9.797539"><ele>56</ele></trkpt>
   <trkpt lat="52.374188" lon="9.798664"><ele>55</ele></trkpt>
   <trkpt lat="52.374198" lon="9.798796"><ele>55.5</ele></trkpt>
   <trkpt lat="52.374266" lon="9.799879"><ele>56</ele></trkpt>
   <trkpt lat="52.374336" lon="9.801446"><ele>56</ele></trkpt>
   <trkpt lat="52.374379" lon="9.802929"><ele>56</ele></trkpt>
   <trkpt lat="52.374414" lon="9.804461"><ele>56</ele></trkpt>
   <trkpt lat="52.374473" lon="9.806805"><ele>57</ele></trkpt>
   <trkpt lat="52.37449" lon="9.807488"><ele>56.75</ele></trkpt>
   <trkpt lat="52.374521" lon="9.808763"><ele>56.75</ele></trkpt>
   <trkpt lat="52.374625" lon="9.813079"><ele>57</ele></trkpt>
   <trkpt lat="52.374628" lon="9.813192"><ele>57</ele></trkpt>
   <trkpt lat="52.374699" lon="9.816061"><ele>57</ele></trkpt>
   <trkpt lat="52.37476" lon="9.818432"><ele>57</ele></trkpt>
   <trkpt lat="52.374773" lon="9.819061"><ele>57</ele></trkpt>
   <trkpt lat="52.374791" lon="9.819669"><ele>57</ele></trkpt>
   <trkpt lat="52.374804" lon="9.82085"><ele>57</ele></trkpt>
   <trkpt lat="52.374804" lon="9.82151"><ele>57</ele></trkpt>
   <trkpt lat="52.374782" lon="9.823145"><ele>57</ele></trkpt>
   <trkpt lat="52.374723" lon="9.824736"><ele>56.75</ele></trkpt>
   <trkpt lat="52.374639" lon="9.826005"><ele>57</ele></trkpt>
   <trkpt lat="52.374523" lon="9.827305"><ele>57</ele></trkpt>
   <trkpt lat="52.374504" lon="9.827469"><ele>57</ele></trkpt>
   <trkpt lat="52.374339" lon="9.828826"><ele>57</ele></trkpt>
   <trkpt lat="52.37416" lon="9.830022"><ele>57</ele></trkpt>
   <trkpt lat="52.374038" lon="9.830709"><ele>56.25</ele></trkpt>
   <trkpt lat="52.373911" lon="9.831411"><ele>56.75</ele></trkpt>
   <trkpt lat="52.373545" lon="9.833161"><ele>56</ele></trkpt>
   <trkpt lat="52.372837" lon="9.836495"><ele>56</ele></trkpt>
   <trkpt lat="52.372217" lon="9.839411"><ele>55.75</ele></trkpt>
   <trkpt lat="52.371797" lon="9.841399"><ele>56</ele></trkpt>
   <trkpt lat="52.371399" lon="9.843254"><ele>56.75</ele></trkpt>
   <trkpt lat="52.371188" lon="9.844258"><ele>56</ele></trkpt>
   <trkpt lat="52.370575" lon="9.847127"><ele>55.75</ele></trkpt>
   <trkpt lat="52.369975" lon="9.849958"><ele>56</ele></trkpt>
   <trkpt lat="52.36973" lon="9.851146"><ele>55.75</ele></trkpt>
   <trkpt lat="52.369542" lon="9.852157"><ele>56.5</ele></trkpt>
   <trkpt lat="52.369394" lon="9.853129"><ele>57</ele></trkpt>
   <trkpt lat="52.369263" lon="9.854295"><ele>57</ele></trkpt>
   <trkpt lat="52.369187" lon="9.855213"><ele>55</ele></trkpt>
   <trkpt lat="52.369114" lon="9.856551"><ele>58.25</ele></trkpt>
   <trkpt lat="52.369094" lon="9.857132"><ele>60.75</ele></trkpt>
   <trkpt lat="52.369087" lon="9.857698"><ele>61.75</ele></trkpt>
   <trkpt lat="52.3691" lon="9.858402"><ele>62</ele></trkpt>
   <trkpt lat="52.369129" lon="9.858986"><ele>62.75</ele></trkpt>
   <trkpt lat="52.369133" lon="9.859085"><ele>62.75</ele></trkpt>
   <trkpt lat="52.36918" lon="9.859997"><ele>63</ele></trkpt>
   <trkpt lat="52.369222" lon="9.860799"><ele>63</ele></trkpt>
   <trkpt lat="52.369229" lon="9.860922"><ele>63</ele></trkpt>
   <trkpt lat="52.369305" lon="9.862378"><ele>63</ele></trkpt>
   <trkpt lat="52.369363" lon="9.863637"><ele>62.75</ele></trkpt>
   <trkpt lat="52.369428" lon="9.865688"><ele>63.75</ele></trkpt>
   <trkpt lat="52.369484" lon="9.86682"><ele>63</ele></trkpt>
   <trkpt lat="52.369681" lon="9.870597"><ele>59.75</ele></trkpt>
   <trkpt lat="52.369745" lon="9.872049"><ele>59.75</ele></trkpt>
   <trkpt lat="52.369818" lon="9.873214"><ele>58.75</ele></trkpt>
   <trkpt lat="52.36983" lon="9.873415"><ele>58.75</ele></trkpt>
   <trkpt lat="52.369958" lon="9.87476"><ele>58.25</ele></trkpt>
   <trkpt lat="52.37007" lon="9.875697"><ele>58</ele></trkpt>
   <trkpt lat="52.3702" lon="9.87672"><ele>58</ele></trkpt>
   <trkpt lat="52.370359" lon="9.877711"><ele>58</ele></trkpt>
   <trkpt lat="52.370546" lon="9.878735"><ele>58</ele></trkpt>
   <trkpt lat="52.370805" lon="9.880065"><ele>59</ele></trkpt>
   <trkpt lat="52.37106" lon="9.881162"><ele>58</ele></trkpt>
   <trkpt lat="52.372886" lon="9.889077"><ele>57</ele></trkpt>
   <trkpt lat="52.373111" lon="9.890056"><ele>57</ele></trkpt>
   <trkpt lat="52.373285" lon="9.890813"><ele>57</ele></trkpt>
   <trkpt lat="52.373375" lon="9.891191"><ele>57</ele></trkpt>
   <trkpt lat="52.373404" lon="9.891326"><ele>57</ele></trkpt>
   <trkpt lat="52.373737" lon="9.892977"><ele>57</ele></trkpt>
   <trkpt lat="52.374187" lon="9.8949"><ele>57.75</ele></trkpt>
   <trkpt lat="52.374627" lon="9.896789"><ele>58</ele></trkpt>
   <trkpt lat="52.374937" lon="9.898112"><ele>58</ele></trkpt>
   <trkpt lat="52.375441" lon="9.900334"><ele>58</ele></trkpt>
   <trkpt lat="52.375627" lon="9.901182"><ele>58</ele></trkpt>
   <trkpt lat="52.375654" lon="9.901312"><ele>58</ele></trkpt>
   <trkpt lat="52.375765" lon="9.901881"><ele>58</ele></trkpt>
   <trkpt lat="52.375944" lon="9.902838"><ele>58</ele></trkpt>
   <trkpt lat="52.376107" lon="9.903857"><ele>59</ele></trkpt>
   <trkpt lat="52.37624" lon="9.904824"><ele>59</ele></trkpt>
   <trkpt lat="52.376312" lon="9.905456"><ele>59</ele></trkpt>
   <trkpt lat="52.376456" lon="9.906935"><ele>59.75</ele></trkpt>
   <trkpt lat="52.376467" lon="9.907073"><ele>60</ele></trkpt>
   <trkpt lat="52.376605" lon="9.909111"><ele>60</ele></trkpt>
   <trkpt lat="52.376822" lon="9.912292"><ele>60</ele></trkpt>
   <trkpt lat="52.376863" lon="9.912882"><ele>60</ele></trkpt>
   <trkpt lat="52.377074" lon="9.916196"><ele>61.5</ele></trkpt>
   <trkpt lat="52.377204" lon="9.918117"><ele>61</ele></trkpt>
   <trkpt lat="52.377241" lon="9.918666"><ele>61</ele></trkpt>
   <trkpt lat="52.377339" lon="9.920127"><ele>61</ele></trkpt>
   <trkpt lat="52.377401" lon="9.921032"><ele>61</ele></trkpt>
   <trkpt lat="52.377432" lon="9.921479"><ele>61</ele></trkpt>
   <trkpt lat="52.37753" lon="9.922883"><ele>61</ele></trkpt>
   <trkpt lat="52.377576" lon="9.923529"><ele>61</ele></trkpt>
   <trkpt lat="52.377607" lon="9.923997"><ele>61</ele></trkpt>
   <trkpt lat="52.377652" lon="9.924573"><ele>61</ele></trkpt>
   <trkpt lat="52.377731" lon="9.925287"><ele>61</ele></trkpt>
   <trkpt lat="52.377783" lon="9.925948"><ele>61</ele></trkpt>
   <trkpt lat="52.37781" lon="9.926289"><ele>61</ele></trkpt>
   <trkpt lat="52.37786" lon="9.926868"><ele>61</ele></trkpt>
   <trkpt lat="52.377917" lon="9.927395"><ele>61</ele></trkpt>
   <trkpt lat="52.377973" lon="9.928093"><ele>61.25</ele></trkpt>
   <trkpt lat="52.377974" lon="9.928112"><ele>61.25</ele></trkpt>
   <trkpt lat="52.377984" lon="9.928253"><ele>61.25</ele></trkpt>
   <trkpt lat="52.378" lon="9.92846"><ele>61</ele></trkpt>
   <trkpt lat="52.378028" lon="9.92884"><ele>61</ele></trkpt>
   <trkpt lat="52.378081" lon="9.929383"><ele>60.75</ele></trkpt>
   <trkpt lat="52.378148" lon="9.929937"><ele>61</ele></trkpt>
   <trkpt lat="52.378189" lon="9.930394"><ele>60.75</ele></trkpt>
   <trkpt lat="52.378237" lon="9.931129"><ele>60.25</ele></trkpt>
   <trkpt lat="52.378401" lon="9.933603"><ele>60</ele></trkpt>
   <trkpt lat="52.378845" lon="9.940054"><ele>59.75</ele></trkpt>
   <trkpt lat="52.378866" lon="9.940346"><ele>59.75</ele></trkpt>
   <trkpt lat="52.37891" lon="9.941001"><ele>60</ele></trkpt>
   <trkpt lat="52.378932" lon="9.941716"><ele>60</ele></trkpt>
   <trkpt lat="52.378953" lon="9.942252"><ele>60</ele></trkpt>
   <trkpt lat="52.379016" lon="9.943152"><ele>60</ele></trkpt>
   <trkpt lat="52.379176" lon="9.945529"><ele>60</ele></trkpt>
   <trkpt lat="52.379281" lon="9.947045"><ele>60.5</ele></trkpt>
   <trkpt lat="52.379287" lon="9.94713"><ele>60.5</ele></trkpt>
   <trkpt lat="52.37934" lon="9.947933"><ele>61</ele></trkpt>
   <trkpt lat="52.379388" lon="9.948646"><ele>61</ele></trkpt>
   <trkpt lat="52.380065" lon="9.958714"><ele>61</ele></trkpt>
   <trkpt lat="52.380093" lon="9.959142"><ele>61</ele></trkpt>
   <trkpt lat="52.380117" lon="9.959692"><ele>61</ele></trkpt>
   <trkpt lat="52.380123" lon="9.960837"><ele>61</ele></trkpt>
   <trkpt lat="52.380121" lon="9.960966"><ele>61</ele></trkpt>
   <trkpt lat="52.380121" lon="9.961579"><ele>61</ele></trkpt>
   <trkpt lat="52.380141" lon="9.962032"><ele>61</ele></trkpt>
   <trkpt lat="52.380153" lon="9.962252"><ele>61</ele></trkpt>
   <trkpt lat="52.380179" lon="9.962553"><ele>61</ele></trkpt>
   <trkpt lat="52.380233" lon="9.963011"><ele>61</ele></trkpt>
   <trkpt lat="52.380311" lon="9.963572"><ele>61</ele></trkpt>
   <trkpt lat="52.380366" lon="9.963979"><ele>61</ele></trkpt>
   <trkpt lat="52.38043" lon="9.964527"><ele>61</ele></trkpt>
   <trkpt lat="52.380432" lon="9.964546"><ele>61</ele></trkpt>
   <trkpt lat="52.380459" lon="9.964854"><ele>61</ele></trkpt>
   <trkpt lat="52.380463" lon="9.965097"><ele>61</ele></trkpt>
   <trkpt lat="52.380443" lon="9.965526"><ele>61</ele></trkpt>
   <trkpt lat="52.38044" lon="9.965567"><ele>61</ele></trkpt>
   <trkpt lat="52.380309" lon="9.966406"><ele>61</ele></trkpt>
   <trkpt lat="52.380268" lon="9.966744"><ele>61</ele></trkpt>
   <trkpt lat="52.380261" lon="9.966798"><ele>61</ele></trkpt>
   <trkpt lat="52.380171" lon="9.96751"><ele>61</ele></trkpt>
   <trkpt lat="52.380091" lon="9.967944"><ele>61</ele></trkpt>
   <trkpt lat="52.380043" lon="9.968183"><ele>61</ele></trkpt>
   <trkpt lat="52.380033" lon="9.96823"><ele>60.75</ele></trkpt>
   <trkpt lat="52.379858" lon="9.969037"><ele>61</ele></trkpt>
   <trkpt lat="52.379789" lon="9.969328"><ele>61</ele></trkpt>
   <trkpt lat="52.379697" lon="9.969658"><ele>61</ele></trkpt>
   <trkpt lat="52.379687" lon="9.969687"><ele>61</ele></trkpt>
   <trkpt lat="52.379411" lon="9.970515"><ele>61</ele></trkpt>
   <trkpt lat="52.379351" lon="9.970688"><ele>61</ele></trkpt>
   <trkpt lat="52.379187" lon="9.971099"><ele>61</ele></trkpt>
   <trkpt lat="52.378998" lon="9.971521"><ele>61</ele></trkpt>
   <trkpt lat="52.378957" lon="9.9716"><ele>61</ele></trkpt>
   <trkpt lat="52.378775" lon="9.971927"><ele>61</ele></trkpt>
   <trkpt lat="52.378499" lon="9.972354"><ele>61</ele></trkpt>
   <trkpt lat="52.378051" lon="9.972993"><ele>61</ele></trkpt>
   <trkpt lat="52.377681" lon="9.973435"><ele>61</ele></trkpt>
   <trkpt lat="52.377571" lon="9.973559"><ele>61</ele></trkpt>
   <trkpt lat="52.377429" lon="9.973726"><ele>61</ele></trkpt>
   <trkpt lat="52.37741" lon="9.97375"><ele>61</ele></trkpt>
   <trkpt lat="52.377339" lon="9.973813"><ele>61</ele></trkpt>
   <trkpt lat="52.376856" lon="9.97428"><ele>61</ele></trkpt>
   <trkpt lat="52.376154" lon="9.97497"><ele>61</ele></trkpt>
   <trkpt lat="52.375915" lon="9.97521"><ele>61</ele></trkpt>
   <trkpt lat="52.375827" lon="9.975311"><ele>61</ele></trkpt>
   <trkpt lat="52.375522" lon="9.975664"><ele>61</ele></trkpt>
   <trkpt lat="52.375411" lon="9.975803"><ele>61</ele></trkpt>
   <trkpt lat="52.375155" lon="9.976185"><ele>61</ele></trkpt>
   <trkpt lat="52.375048" lon="9.976361"><ele>61</ele></trkpt>
   <trkpt lat="52.374943" lon="9.976549"><ele>61</ele></trkpt>
   <trkpt lat="52.374739" lon="9.976943"><ele>61</ele></trkpt>
   <trkpt lat="52.374542" lon="9.97739"><ele>60.5</ele></trkpt>
   <trkpt lat="52.374402" lon="9.977737"><ele>60</ele></trkpt>
   <trkpt lat="52.374284" lon="9.978072"><ele>60</ele></trkpt>
   <trkpt lat="52.374218" lon="9.978334"><ele>60</ele></trkpt>
   <trkpt lat="52.374212" lon="9.978359"><ele>60</ele></trkpt>
   <trkpt lat="52.374152" lon="9.978586"><ele>60</ele></trkpt>
   <trkpt lat="52.373922" lon="9.979507"><ele>58.75</ele></trkpt>
   <trkpt lat="52.373719" lon="9.980493"><ele>58</ele></trkpt>
   <trkpt lat="52.372426" lon="9.986865"><ele>58.25</ele></trkpt>
   <trkpt lat="52.372096" lon="9.988455"><ele>58.25</ele></trkpt>
   <trkpt lat="52.371701" lon="9.990389"><ele>59.75</ele></trkpt>
   <trkpt lat="52.371688" lon="9.99045"><ele>59.75</ele></trkpt>
   <trkpt lat="52.371659" lon="9.990601"><ele>59.75</ele></trkpt>
   <trkpt lat="52.371414" lon="9.991784"><ele>59.75</ele></trkpt>
   <trkpt lat="52.371002" lon="9.993809"><ele>60.5</ele></trkpt>
   <trkpt lat="52.370892" lon="9.994479"><ele>60.75</ele></trkpt>
   <trkpt lat="52.370785" lon="9.995283"><ele>61</ele></trkpt>
   <trkpt lat="52.370699" lon="9.996208"><ele>60.25</ele></trkpt>
   <trkpt lat="52.370649" lon="9.997028"><ele>60.5</ele></trkpt>
   <trkpt lat="52.370624" lon="9.997921"><ele>59.75</ele></trkpt>
   <trkpt lat="52.370625" lon="9.99843"><ele>59.75</ele></trkpt>
   <trkpt lat="52.370628" lon="9.998743"><ele>59.5</ele></trkpt>
   <trkpt lat="52.370644" lon="9.999299"><ele>59.5</ele></trkpt>
   <trkpt lat="52.370685" lon="10.000347"><ele>59</ele></trkpt>
   <trkpt lat="52.370737" lon="10.001455"><ele>58</ele></trkpt>
   <trkpt lat="52.3708" lon="10.002816"><ele>57.75</ele></trkpt>
   <trkpt lat="52.370808" lon="10.00299"><ele>57.25</ele></trkpt>
   <trkpt lat="52.37085" lon="10.003939"><ele>56.75</ele></trkpt>
   <trkpt lat="52.370894" lon="10.004998"><ele>55.75</ele></trkpt>
   <trkpt lat="52.37092" lon="10.005375"><ele>56</ele></trkpt>
   <trkpt lat="52.370983" lon="10.005993"><ele>56</ele></trkpt>
   <trkpt lat="52.371079" lon="10.006678"><ele>56</ele></trkpt>
   <trkpt lat="52.371098" lon="10.006787"><ele>56</ele></trkpt>
   <trkpt lat="52.37117" lon="10.007195"><ele>55.75</ele></trkpt>
   <trkpt lat="52.371203" lon="10.007384"><ele>55.5</ele></trkpt>
   <trkpt lat="52.371323" lon="10.008072"><ele>55</ele></trkpt>
   <trkpt lat="52.37162" lon="10.009552"><ele>55</ele></trkpt>
   <trkpt lat="52.371668" lon="10.009782"><ele>55</ele></trkpt>
   <trkpt lat="52.371873" lon="10.010719"><ele>55</ele></trkpt>
   <trkpt lat="52.372169" lon="10.011918"><ele>55</ele></trkpt>
   <trkpt lat="52.372211" lon="10.012085"><ele>55</ele></trkpt>
   <trkpt lat="52.372497" lon="10.013162"><ele>55</ele></trkpt>
   <trkpt lat="52.372543" lon="10.013331"><ele>55</ele></trkpt>
   <trkpt lat="52.373353" lon="10.016301"><ele>57</ele></trkpt>
   <trkpt lat="52.373955" lon="10.018498"><ele>56</ele></trkpt>
   <trkpt lat="52.374145" lon="10.019195"><ele>56</ele></trkpt>
   <trkpt lat="52.374217" lon="10.019468"><ele>56</ele></trkpt>
   <trkpt lat="52.374339" lon="10.019919"><ele>56</ele></trkpt>
   <trkpt lat="52.37458" lon="10.020819"><ele>57.25</ele></trkpt>
   <trkpt lat="52.37536" lon="10.023766"><ele>62</ele></trkpt>
   <trkpt lat="52.375985" lon="10.026123"><ele>62</ele></trkpt>
   <trkpt lat="52.376049" lon="10.026355"><ele>62</ele></trkpt>
   <trkpt lat="52.376843" lon="10.029348"><ele>63</ele></trkpt>
   <trkpt lat="52.377039" lon="10.030094"><ele>62.75</ele></trkpt>
   <trkpt lat="52.37749" lon="10.031786"><ele>63</ele></trkpt>
   <trkpt lat="52.377728" lon="10.032684"><ele>63</ele></trkpt>
   <trkpt lat="52.37815" lon="10.034268"><ele>63</ele></trkpt>
   <trkpt lat="52.378919" lon="10.03717"><ele>63</ele></trkpt>
   <trkpt lat="52.379562" lon="10.039597"><ele>63</ele></trkpt>
   <trkpt lat="52.380348" lon="10.042551"><ele>62</ele></trkpt>
   <trkpt lat="52.380772" lon="10.044149"><ele>62</ele></trkpt>
   <trkpt lat="52.380987" lon="10.044954"><ele>62</ele></trkpt>
   <trkpt lat="52.38179" lon="10.047991"><ele>62</ele></trkpt>
   <trkpt lat="52.382415" lon="10.050355"><ele>62</ele></trkpt>
   <trkpt lat="52.382614" lon="10.051101"><ele>62</ele></trkpt>
   <trkpt lat="52.383192" lon="10.053277"><ele>62</ele></trkpt>
   <trkpt lat="52.383828" lon="10.055681"><ele>62</ele></trkpt>
   <trkpt lat="52.384653" lon="10.058784"><ele>62</ele></trkpt>
   <trkpt lat="52.384662" lon="10.058818"><ele>62</ele></trkpt>
   <trkpt lat="52.385443" lon="10.061761"><ele>62</ele></trkpt>
   <trkpt lat="52.386055" lon="10.064082"><ele>62</ele></trkpt>
   <trkpt lat="52.386697" lon="10.066494"><ele>63</ele></trkpt>
   <trkpt lat="52.38696" lon="10.067483"><ele>62.75</ele></trkpt>
   <trkpt lat="52.387265" lon="10.068628"><ele>63</ele></trkpt>
   <trkpt lat="52.387525" lon="10.069629"><ele>62.75</ele></trkpt>
   <trkpt lat="52.388278" lon="10.072468"><ele>62</ele></trkpt>
   <trkpt lat="52.388369" lon="10.072812"><ele>62</ele></trkpt>
   <trkpt lat="52.388852" lon="10.0748"><ele>62.25</ele></trkpt>
   <trkpt lat="52.388881" lon="10.074911"><ele>62.5</ele></trkpt>
   <trkpt lat="52.389052" lon="10.075558"><ele>62.25</ele></trkpt>
   <trkpt lat="52.390731" lon="10.081905"><ele>62.25</ele></trkpt>
   <trkpt lat="52.391216" lon="10.083734"><ele>63</ele></trkpt>
   <trkpt lat="52.391936" lon="10.086422"><ele>63</ele></trkpt>
   <trkpt lat="52.395176" lon="10.098663"><ele>64</ele></trkpt>
   <trkpt lat="52.39537" lon="10.099381"><ele>64</ele></trkpt>
   <trkpt lat="52.398793" lon="10.112308"><ele>64</ele></trkpt>
   <trkpt lat="52.403896" lon="10.131595"><ele>65.75</ele></trkpt>
   <trkpt lat="52.404091" lon="10.13233"><ele>65</ele></trkpt>
   <trkpt lat="52.408848" lon="10.150335"><ele>63</ele></trkpt>
   <trkpt lat="52.409199" lon="10.15167"><ele>63</ele></trkpt>
   <trkpt lat="52.412572" lon="10.164418"><ele>64</ele></trkpt>
   <trkpt lat="52.413814" lon="10.169144"><ele>65</ele></trkpt>
   <trkpt lat="52.413837" lon="10.169236"><ele>65</ele></trkpt>
   <trkpt lat="52.414191" lon="10.17057"><ele>65</ele></trkpt>
   <trkpt lat="52.414402" lon="10.171351"><ele>65</ele></trkpt>
   <trkpt lat="52.415288" lon="10.17474"><ele>63</ele></trkpt>
   <trkpt lat="52.415374" lon="10.175067"><ele>63</ele></trkpt>
   <trkpt lat="52.415812" lon="10.176721"><ele>62</ele></trkpt>
   <trkpt lat="52.415895" lon="10.177032"><ele>61.5</ele></trkpt>
   <trkpt lat="52.41598" lon="10.177355"><ele>61</ele></trkpt>
   <trkpt lat="52.41677" lon="10.180355"><ele>59</ele></trkpt>
   <trkpt lat="52.417016" lon="10.18128"><ele>58.25</ele></trkpt>
   <trkpt lat="52.417164" lon="10.181836"><ele>58</ele></trkpt>
   <trkpt lat="52.417168" lon="10.181853"><ele>58</ele></trkpt>
   <trkpt lat="52.41719" lon="10.181934"><ele>58</ele></trkpt>
   <trkpt lat="52.41749" lon="10.183072"><ele>58</ele></trkpt>
   <trkpt lat="52.419225" lon="10.189651"><ele>57</ele></trkpt>
   <trkpt lat="52.420392" lon="10.194073"><ele>54.25</ele></trkpt>
   <trkpt lat="52.420743" lon="10.195397"><ele>54</ele></trkpt>
   <trkpt lat="52.421068" lon="10.196638"><ele>54</ele></trkpt>
   <trkpt lat="52.421588" lon="10.198614"><ele>53.75</ele></trkpt>
   <trkpt lat="52.422216" lon="10.200996"><ele>53</ele></trkpt>
   <trkpt lat="52.422546" lon="10.202231"><ele>53</ele></trkpt>
   <trkpt lat="52.432209" lon="10.238892"><ele>57</ele></trkpt>
   <trkpt lat="52.433881" lon="10.245253"><ele>57</ele></trkpt>
   <trkpt lat="52.435856" lon="10.252818"><ele>53</ele></trkpt>
   <trkpt lat="52.436944" lon="10.256995"><ele>57</ele></trkpt>
   <trkpt lat="52.43725" lon="10.258234"><ele>57.5</ele></trkpt>
   <trkpt lat="52.437462" lon="10.259135"><ele>57</ele></trkpt>
   <trkpt lat="52.437698" lon="10.260245"><ele>57</ele></trkpt>
   <trkpt lat="52.437923" lon="10.261365"><ele>57</ele></trkpt>
   <trkpt lat="52.443126" lon="10.288989"><ele>57.25</ele></trkpt>
   <trkpt lat="52.445504" lon="10.301633"><ele>53</ele></trkpt>
   <trkpt lat="52.445572" lon="10.301984"><ele>53</ele></trkpt>
   <trkpt lat="52.446483" lon="10.306825"><ele>53</ele></trkpt>
   <trkpt lat="52.447672" lon="10.313175"><ele>54</ele></trkpt>
   <trkpt lat="52.447788" lon="10.313806"><ele>53.75</ele></trkpt>
   <trkpt lat="52.447829" lon="10.314023"><ele>54</ele></trkpt>
   <trkpt lat="52.448072" lon="10.315342"><ele>54</ele></trkpt>
   <trkpt lat="52.448483" lon="10.317539"><ele>54</ele></trkpt>
   <trkpt lat="52.448644" lon="10.318396"><ele>54.25</ele></trkpt>
   <trkpt lat="52.449065" lon="10.320651"><ele>55</ele></trkpt>
   <trkpt lat="52.449387" lon="10.322369"><ele>55</ele></trkpt>
   <trkpt lat="52.450071" lon="10.326011"><ele>55</ele></trkpt>
   <trkpt lat="52.450319" lon="10.327328"><ele>55</ele></trkpt>
   <trkpt lat="52.450355" lon="10.327522"><ele>55</ele></trkpt>
   <trkpt lat="52.452637" lon="10.339665"><ele>55</ele></trkpt>
   <trkpt lat="52.454147" lon="10.347673"><ele>53</ele></trkpt>
   <trkpt lat="52.454214" lon="10.34803"><ele>53</ele></trkpt>
   <trkpt lat="52.454255" lon="10.348251"><ele>53</ele></trkpt>
   <trkpt lat="52.454674" lon="10.350488"><ele>53</ele></trkpt>
   <trkpt lat="52.454877" lon="10.35156"><ele>53</ele></trkpt>
   <trkpt lat="52.45523" lon="10.353444"><ele>53</ele></trkpt>
   <trkpt lat="52.455362" lon="10.354178"><ele>53</ele></trkpt>
   <trkpt lat="52.455428" lon="10.354544"><ele>53</ele></trkpt>
   <trkpt lat="52.455608" lon="10.355641"><ele>54</ele></trkpt>
   <trkpt lat="52.455849" lon="10.357389"><ele>54.25</ele></trkpt>
   <trkpt lat="52.45595" lon="10.35827"><ele>54.75</ele></trkpt>
   <trkpt lat="52.456035" lon="10.359164"><ele>55</ele></trkpt>
   <trkpt lat="52.456109" lon="10.360063"><ele>55</ele></trkpt>
   <trkpt lat="52.456162" lon="10.360957"><ele>55</ele></trkpt>
   <trkpt lat="52.45622" lon="10.362303"><ele>54.75</ele></trkpt>
   <trkpt lat="52.456248" lon="10.363671"><ele>55</ele></trkpt>
   <trkpt lat="52.456272" lon="10.369525"><ele>55.5</ele></trkpt>
   <trkpt lat="52.456287" lon="10.374191"><ele>55.5</ele></trkpt>
   <trkpt lat="52.45629" lon="10.374969"><ele>55.5</ele></trkpt>
   <trkpt lat="52.456299" lon="10.378713"><ele>55.25</ele></trkpt>
   <trkpt lat="52.456318" lon="10.384789"><ele>54.5</ele></trkpt>
   <trkpt lat="52.45634" lon="10.390869"><ele>55</ele></trkpt>
   <trkpt lat="52.456361" lon="10.39916"><ele>55.75</ele></trkpt>
   <trkpt lat="52.456381" lon="10.407336"><ele>55</ele></trkpt>
   <trkpt lat="52.45639" lon="10.410707"><ele>55</ele></trkpt>
   <trkpt lat="52.456422" lon="10.421647"><ele>53</ele></trkpt>
   <trkpt lat="52.456428" lon="10.427916"><ele>54</ele></trkpt>
   <trkpt lat="52.456437" lon="10.430722"><ele>53</ele></trkpt>
   <trkpt lat="52.456456" lon="10.43697"><ele>53.75</ele></trkpt>
   <trkpt lat="52.456457" lon="10.438661"><ele>54</ele></trkpt>
   <trkpt lat="52.456462" lon="10.440785"><ele>53.5</ele></trkpt>
   <trkpt lat="52.45648" lon="10.445309"><ele>53</ele></trkpt>
   <trkpt lat="52.456482" lon="10.449109"><ele>53</ele></trkpt>
   <trkpt lat="52.456491" lon="10.451411"><ele>53</ele></trkpt>
   <trkpt lat="52.456518" lon="10.463733"><ele>53.25</ele></trkpt>
   <trkpt lat="52.456527" lon="10.467192"><ele>53</ele></trkpt>
   <trkpt lat="52.456532" lon="10.469615"><ele>52.25</ele></trkpt>
   <trkpt lat="52.456532" lon="10.469737"><ele>52.25</ele></trkpt>
   <trkpt lat="52.456558" lon="10.481496"><ele>55</ele></trkpt>
   <trkpt lat="52.456586" lon="10.496609"><ele>53</ele></trkpt>
   <trkpt lat="52.456586" lon="10.49678"><ele>53</ele></trkpt>
   <trkpt lat="52.456586" lon="10.497246"><ele>53</ele></trkpt>
   <trkpt lat="52.456599" lon="10.499311"><ele>53</ele></trkpt>
   <trkpt lat="52.456598" lon="10.503037"><ele>51</ele></trkpt>
   <trkpt lat="52.456599" lon="10.503139"><ele>51</ele></trkpt>
   <trkpt lat="52.456591" lon="10.513384"><ele>55</ele></trkpt>
   <trkpt lat="52.456635" lon="10.525193"><ele>53</ele></trkpt>
   <trkpt lat="52.456637" lon="10.527507"><ele>53</ele></trkpt>
   <trkpt lat="52.456641" lon="10.530666"><ele>53</ele></trkpt>
   <trkpt lat="52.456641" lon="10.531104"><ele>53</ele></trkpt>
   <trkpt lat="52.456652" lon="10.53264"><ele>53</ele></trkpt>
   <trkpt lat="52.456651" lon="10.534628"><ele>53</ele></trkpt>
   <trkpt lat="52.45666" lon="10.536238"><ele>53</ele></trkpt>
   <trkpt lat="52.456654" lon="10.537014"><ele>53</ele></trkpt>
   <trkpt lat="52.456635" lon="10.537966"><ele>52.75</ele></trkpt>
   <trkpt lat="52.456597" lon="10.539156"><ele>53</ele></trkpt>
   <trkpt lat="52.456541" lon="10.540114"><ele>53</ele></trkpt>
   <trkpt lat="52.45652" lon="10.540431"><ele>53</ele></trkpt>
   <trkpt lat="52.456494" lon="10.540689"><ele>53</ele></trkpt>
   <trkpt lat="52.456479" lon="10.540868"><ele>53</ele></trkpt>
   <trkpt lat="52.456364" lon="10.54191"><ele>53</ele></trkpt>
   <trkpt lat="52.456356" lon="10.541973"><ele>53</ele></trkpt>
   <trkpt lat="52.45614" lon="10.543763"><ele>53</ele></trkpt>
   <trkpt lat="52.455907" lon="10.545318"><ele>53</ele></trkpt>
   <trkpt lat="52.45582" lon="10.545832"><ele>53</ele></trkpt>
   <trkpt lat="52.455623" lon="10.546952"><ele>53</ele></trkpt>
   <trkpt lat="52.455602" lon="10.547067"><ele>53</ele></trkpt>
   <trkpt lat="52.455429" lon="10.548013"><ele>53</ele></trkpt>
   <trkpt lat="52.455266" lon="10.548658"><ele>53</ele></trkpt>
   <trkpt lat="52.45514" lon="10.549174"><ele>53</ele></trkpt>
   <trkpt lat="52.455064" lon="10.549547"><ele>53</ele></trkpt>
   <trkpt lat="52.454987" lon="10.550003"><ele>53</ele></trkpt>
   <trkpt lat="52.454872" lon="10.550628"><ele>53</ele></trkpt>
   <trkpt lat="52.454597" lon="10.552218"><ele>53</ele></trkpt>
   <trkpt lat="52.454441" lon="10.553057"><ele>53</ele></trkpt>
   <trkpt lat="52.454147" lon="10.554356"><ele>53</ele></trkpt>
   <trkpt lat="52.453885" lon="10.555371"><ele>53</ele></trkpt>
   <trkpt lat="52.453522" lon="10.556629"><ele>54</ele></trkpt>
   <trkpt lat="52.453316" lon="10.557288"><ele>53.75</ele></trkpt>
   <trkpt lat="52.452805" lon="10.558825"><ele>54</ele></trkpt>
   <trkpt lat="52.452764" lon="10.558947"><ele>54</ele></trkpt>
   <trkpt lat="52.452553" lon="10.559811"><ele>54</ele></trkpt>
   <trkpt lat="52.45251" lon="10.559951"><ele>54</ele></trkpt>
   <trkpt lat="52.452276" lon="10.560728"><ele>54</ele></trkpt>
   <trkpt lat="52.452144" lon="10.5611"><ele>54</ele></trkpt>
   <trkpt lat="52.451715" lon="10.56232"><ele>54</ele></trkpt>
   <trkpt lat="52.451384" lon="10.563186"><ele>54</ele></trkpt>
   <trkpt lat="52.450868" lon="10.564468"><ele>54</ele></trkpt>
   <trkpt lat="52.450275" lon="10.565843"><ele>55</ele></trkpt>
   <trkpt lat="52.449739" lon="10.567085"><ele>54.75</ele></trkpt>
   <trkpt lat="52.449688" lon="10.567204"><ele>55</ele></trkpt>
   <trkpt lat="52.449606" lon="10.567398"><ele>55</ele></trkpt>
   <trkpt lat="52.448191" lon="10.57075"><ele>55</ele></trkpt>
   <trkpt lat="52.443062" lon="10.58292"><ele>57.75</ele></trkpt>
   <trkpt lat="52.442322" lon="10.58467"><ele>59</ele></trkpt>
   <trkpt lat="52.441671" lon="10.586108"><ele>59.75</ele></trkpt>
   <trkpt lat="52.439832" lon="10.589993"><ele>61</ele></trkpt>
   <trkpt lat="52.437581" lon="10.594736"><ele>63</ele></trkpt>
   <trkpt lat="52.437214" lon="10.595518"><ele>62.75</ele></trkpt>
   <trkpt lat="52.436622" lon="10.596752"><ele>62.25</ele></trkpt>
   <trkpt lat="52.434365" lon="10.601563"><ele>61</ele></trkpt>
   <trkpt lat="52.432652" lon="10.605312"><ele>60</ele></trkpt>
   <trkpt lat="52.432008" lon="10.606852"><ele>59.5</ele></trkpt>
   <trkpt lat="52.431733" lon="10.607564"><ele>59.75</ele></trkpt>
   <trkpt lat="52.431458" lon="10.608335"><ele>59</ele></trkpt>
   <trkpt lat="52.430786" lon="10.610293"><ele>58.75</ele></trkpt>
   <trkpt lat="52.430394" lon="10.61153"><ele>58</ele></trkpt>
   <trkpt lat="52.430225" lon="10.612111"><ele>58</ele></trkpt>
   <trkpt lat="52.429911" lon="10.613184"><ele>57</ele></trkpt>
   <trkpt lat="52.429173" lon="10.615872"><ele>56.75</ele></trkpt>
   <trkpt lat="52.428927" lon="10.617012"><ele>56.75</ele></trkpt>
   <trkpt lat="52.42864" lon="10.618338"><ele>56</ele></trkpt>
   <trkpt lat="52.428136" lon="10.620805"><ele>56</ele></trkpt>
   <trkpt lat="52.427711" lon="10.623358"><ele>58.25</ele></trkpt>
   <trkpt lat="52.427574" lon="10.624315"><ele>60</ele></trkpt>
   <trkpt lat="52.427448" lon="10.625251"><ele>60</ele></trkpt>
   <trkpt lat="52.427023" lon="10.628393"><ele>56.75</ele></trkpt>
   <trkpt lat="52.426483" lon="10.632552"><ele>56</ele></trkpt>
   <trkpt lat="52.426223" lon="10.634487"><ele>56</ele></trkpt>
   <trkpt lat="52.425975" lon="10.636446"><ele>55.75</ele></trkpt>
   <trkpt lat="52.425544" lon="10.639647"><ele>55</ele></trkpt>
   <trkpt lat="52.425186" lon="10.642241"><ele>55</ele></trkpt>
   <trkpt lat="52.424521" lon="10.647161"><ele>56</ele></trkpt>
   <trkpt lat="52.423894" lon="10.651662"><ele>55</ele></trkpt>
   <trkpt lat="52.423821" lon="10.652186"><ele>55</ele></trkpt>
   <trkpt lat="52.42318" lon="10.657428"><ele>56</ele></trkpt>
   <trkpt lat="52.422348" lon="10.664388"><ele>56.5</ele></trkpt>
   <trkpt lat="52.422179" lon="10.665783"><ele>56.5</ele></trkpt>
   <trkpt lat="52.422122" lon="10.666307"><ele>57</ele></trkpt>
   <trkpt lat="52.421928" lon="10.667946"><ele>57</ele></trkpt>
   <trkpt lat="52.421881" lon="10.668351"><ele>57.25</ele></trkpt>
   <trkpt lat="52.421838" lon="10.668771"><ele>57.75</ele></trkpt>
   <trkpt lat="52.421791" lon="10.669304"><ele>58</ele></trkpt>
   <trkpt lat="52.421701" lon="10.670322"><ele>58.5</ele></trkpt>
   <trkpt lat="52.421624" lon="10.671476"><ele>58.25</ele></trkpt>
   <trkpt lat="52.421612" lon="10.671723"><ele>58</ele></trkpt>
   <trkpt lat="52.421547" lon="10.67297"><ele>57.75</ele></trkpt>
   <trkpt lat="52.42151" lon="10.674141"><ele>58.5</ele></trkpt>
   <trkpt lat="52.421493" lon="10.676577"><ele>59</ele></trkpt>
   <trkpt lat="52.42151" lon="10.677529"><ele>59</ele></trkpt>
   <trkpt lat="52.421539" lon="10.678493"><ele>58.25</ele></trkpt>
   <trkpt lat="52.421617" lon="10.680354"><ele>58</ele></trkpt>
   <trkpt lat="52.421872" lon="10.685335"><ele>58</ele></trkpt>
   <trkpt lat="52.421883" lon="10.685563"><ele>58</ele></trkpt>
   <trkpt lat="52.422107" lon="10.689964"><ele>58</ele></trkpt>
   <trkpt lat="52.422468" lon="10.697197"><ele>59</ele></trkpt>
   <trkpt lat="52.422675" lon="10.70131"><ele>58.5</ele></trkpt>
   <trkpt lat="52.422682" lon="10.701448"><ele>58.25</ele></trkpt>
   <trkpt lat="52.423088" lon="10.709529"><ele>57</ele></trkpt>
   <trkpt lat="52.423107" lon="10.709919"><ele>57</ele></trkpt>
   <trkpt lat="52.423265" lon="10.712204"><ele>57</ele></trkpt>
   <trkpt lat="52.423271" lon="10.712341"><ele>57</ele></trkpt>
   <trkpt lat="52.423299" lon="10.712902"><ele>57</ele></trkpt>
   <trkpt lat="52.423374" lon="10.71372"><ele>57</ele></trkpt>
   <trkpt lat="52.423428" lon="10.714291"><ele>56.75</ele></trkpt>
   <trkpt lat="52.423493" lon="10.715008"><ele>57</ele></trkpt>
   <trkpt lat="52.42353" lon="10.715791"><ele>57</ele></trkpt>
   <trkpt lat="52.423543" lon="10.716055"><ele>57</ele></trkpt>
   <trkpt lat="52.423546" lon="10.716117"><ele>57</ele></trkpt>
   <trkpt lat="52.423603" lon="10.71726"><ele>57</ele></trkpt>
   <trkpt lat="52.423675" lon="10.71871"><ele>57</ele></trkpt>
   <trkpt lat="52.423726" lon="10.719729"><ele>56.75</ele></trkpt>
   <trkpt lat="52.424096" lon="10.727219"><ele>57</ele></trkpt>
   <trkpt lat="52.424107" lon="10.727972"><ele>57</ele></trkpt>
   <trkpt lat="52.42414" lon="10.728366"><ele>57</ele></trkpt>
   <trkpt lat="52.424263" lon="10.729399"><ele>57</ele></trkpt>
   <trkpt lat="52.424282" lon="10.729801"><ele>57</ele></trkpt>
   <trkpt lat="52.424264" lon="10.730626"><ele>57</ele></trkpt>
   <trkpt lat="52.424265" lon="10.731037"><ele>57</ele></trkpt>
   <trkpt lat="52.424277" lon="10.731267"><ele>57</ele></trkpt>
   <trkpt lat="52.424413" lon="10.733096"><ele>57</ele></trkpt>
   <trkpt lat="52.424534" lon="10.734507"><ele>57</ele></trkpt>
   <trkpt lat="52.424653" lon="10.735678"><ele>57</ele></trkpt>
   <trkpt lat="52.42467" lon="10.735901"><ele>57</ele></trkpt>
   <trkpt lat="52.424677" lon="10.736125"><ele>57</ele></trkpt>
   <trkpt lat="52.424707" lon="10.73688"><ele>57</ele></trkpt>
   <trkpt lat="52.424721" lon="10.737012"><ele>57</ele></trkpt>
   <trkpt lat="52.424964" lon="10.739281"><ele>58</ele></trkpt>
   <trkpt lat="52.425267" lon="10.742101"><ele>58</ele></trkpt>
   <trkpt lat="52.425352" lon="10.743291"><ele>58</ele></trkpt>
   <trkpt lat="52.425491" lon="10.744607"><ele>58</ele></trkpt>
   <trkpt lat="52.426296" lon="10.752101"><ele>58</ele></trkpt>
   <trkpt lat="52.427416" lon="10.762571"><ele>57</ele></trkpt>
   <trkpt lat="52.427573" lon="10.764031"><ele>56.5</ele></trkpt>
   <trkpt lat="52.428519" lon="10.772978"><ele>56.25</ele></trkpt>
   <trkpt lat="52.428626" lon="10.774201"><ele>56.75</ele></trkpt>
   <trkpt lat="52.42875" lon="10.77596"><ele>56.25</ele></trkpt>
   <trkpt lat="52.42883" lon="10.77743"><ele>57</ele></trkpt>
   <trkpt lat="52.428897" lon="10.778805"><ele>56.75</ele></trkpt>
   <trkpt lat="52.428904" lon="10.778946"><ele>56.75</ele></trkpt>
   <trkpt lat="52.428995" lon="10.780761"><ele>57</ele></trkpt>
   <trkpt lat="52.429018" lon="10.781555"><ele>57</ele></trkpt>
   <trkpt lat="52.429021" lon="10.782172"><ele>57</ele></trkpt>
   <trkpt lat="52.429041" lon="10.782881"><ele>57</ele></trkpt>
   <trkpt lat="52.429055" lon="10.783171"><ele>57</ele></trkpt>
   <trkpt lat="52.429078" lon="10.783784"><ele>57</ele></trkpt>
   <trkpt lat="52.429088" lon="10.784389"><ele>57</ele></trkpt>
   <trkpt lat="52.429118" lon="10.785174"><ele>57</ele></trkpt>
   <trkpt lat="52.429202" lon="10.786336"><ele>57</ele></trkpt>
   <trkpt lat="52.429299" lon="10.787835"><ele>57</ele></trkpt>
   <trkpt lat="52.429395" lon="10.789332"><ele>57</ele></trkpt>
   <trkpt lat="52.429417" lon="10.789659"><ele>57</ele></trkpt>
   <trkpt lat="52.429488" lon="10.79074"><ele>56.75</ele></trkpt>
   <trkpt lat="52.42949" lon="10.790768"><ele>57</ele></trkpt>
   <trkpt lat="52.42964" lon="10.793062"><ele>57</ele></trkpt>
   <trkpt lat="52.429744" lon="10.794663"><ele>57</ele></trkpt>
   <trkpt lat="52.429762" lon="10.794942"><ele>57</ele></trkpt>
   <trkpt lat="52.429804" lon="10.79547"><ele>57</ele></trkpt>
   <trkpt lat="52.429863" lon="10.796005"><ele>57</ele></trkpt>
   <trkpt lat="52.429889" lon="10.796303"><ele>57</ele></trkpt>
   <trkpt lat="52.429998" lon="10.798003"><ele>57</ele></trkpt>
   <trkpt lat="52.430026" lon="10.798605"><ele>57</ele></trkpt>
   <trkpt lat="52.430033" lon="10.798851"><ele>57</ele></trkpt>
   <trkpt lat="52.430052" lon="10.799523"><ele>57</ele></trkpt>
   <trkpt lat="52.430063" lon="10.80022"><ele>57</ele></trkpt>
   <trkpt lat="52.430091" lon="10.801917"><ele>57</ele></trkpt>
   <trkpt lat="52.430127" lon="10.803021"><ele>57</ele></trkpt>
   <trkpt lat="52.430171" lon="10.803905"><ele>57</ele></trkpt>
   <trkpt lat="52.430193" lon="10.804782"><ele>57</ele></trkpt>
   <trkpt lat="52.4302" lon="10.805086"><ele>57</ele></trkpt>
   <trkpt lat="52.430223" lon="10.805886"><ele>57</ele></trkpt>
   <trkpt lat="52.430256" lon="10.806585"><ele>57</ele></trkpt>
   <trkpt lat="52.430279" lon="10.807275"><ele>56.75</ele></trkpt>
   <trkpt lat="52.430279" lon="10.807331"><ele>56.75</ele></trkpt>
   <trkpt lat="52.430305" lon="10.809206"><ele>56.75</ele></trkpt>
   <trkpt lat="52.430342" lon="10.811836"><ele>57</ele></trkpt>
   <trkpt lat="52.430351" lon="10.812509"><ele>57</ele></trkpt>
   <trkpt lat="52.430387" lon="10.815044"><ele>57</ele></trkpt>
   <trkpt lat="52.430388" lon="10.815071"><ele>57</ele></trkpt>
   <trkpt lat="52.43044" lon="10.818622"><ele>56</ele></trkpt>
   <trkpt lat="52.430478" lon="10.821264"><ele>56</ele></trkpt>
   <trkpt lat="52.430487" lon="10.821886"><ele>56</ele></trkpt>
   <trkpt lat="52.430525" lon="10.824493"><ele>56</ele></trkpt>
   <trkpt lat="52.430564" lon="10.82722"><ele>56</ele></trkpt>
   <trkpt lat="52.4306" lon="10.829761"><ele>56</ele></trkpt>
   <trkpt lat="52.430615" lon="10.830835"><ele>56</ele></trkpt>
   <trkpt lat="52.43065" lon="10.833206"><ele>56</ele></trkpt>
   <trkpt lat="52.430685" lon="10.835624"><ele>56</ele></trkpt>
   <trkpt lat="52.430736" lon="10.839145"><ele>56</ele></trkpt>
   <trkpt lat="52.430759" lon="10.840766"><ele>56</ele></trkpt>
   <trkpt lat="52.430822" lon="10.84508"><ele>57</ele></trkpt>
   <trkpt lat="52.430823" lon="10.845138"><ele>57</ele></trkpt>
   <trkpt lat="52.430825" lon="10.845255"><ele>57</ele></trkpt>
   <trkpt lat="52.430814" lon="10.847449"><ele>57</ele></trkpt>
   <trkpt lat="52.430814" lon="10.847489"><ele>57</ele></trkpt>
   <trkpt lat="52.430816" lon="10.847609"><ele>57</ele></trkpt>
   <trkpt lat="52.430818" lon="10.847836"><ele>57</ele></trkpt>
   <trkpt lat="52.430821" lon="10.848072"><ele>57</ele></trkpt>
   <trkpt lat="52.430825" lon="10.848362"><ele>57</ele></trkpt>
   <trkpt lat="52.430829" lon="10.848646"><ele>57</ele></trkpt>
   <trkpt lat="52.430827" lon="10.849611"><ele>58</ele></trkpt>
   <trkpt lat="52.430812" lon="10.850824"><ele>58</ele></trkpt>
   <trkpt lat="52.430815" lon="10.851514"><ele>58</ele></trkpt>
   <trkpt lat="52.430825" lon="10.852408"><ele>58.5</ele></trkpt>
   <trkpt lat="52.430825" lon="10.852432"><ele>58.75</ele></trkpt>
   <trkpt lat="52.430856" lon="10.855039"><ele>59</ele></trkpt>
   <trkpt lat="52.430972" lon="10.862838"><ele>59</ele></trkpt>
   <trkpt lat="52.430986" lon="10.863763"><ele>59</ele></trkpt>
   <trkpt lat="52.431012" lon="10.864603"><ele>59</ele></trkpt>
   <trkpt lat="52.431057" lon="10.865642"><ele>59</ele></trkpt>
   <trkpt lat="52.431077" lon="10.866503"><ele>59</ele></trkpt>
   <trkpt lat="52.431082" lon="10.866814"><ele>59</ele></trkpt>
   <trkpt lat="52.431086" lon="10.867073"><ele>59</ele></trkpt>
   <trkpt lat="52.431087" lon="10.867137"><ele>59</ele></trkpt>
   <trkpt lat="52.431107" lon="10.867802"><ele>59</ele></trkpt>
   <trkpt lat="52.431142" lon="10.8686"><ele>58.75</ele></trkpt>
   <trkpt lat="52.431166" lon="10.869441"><ele>58</ele></trkpt>
   <trkpt lat="52.43117" lon="10.869563"><ele>58</ele></trkpt>
   <trkpt lat="52.431186" lon="10.870026"><ele>58</ele></trkpt>
   <trkpt lat="52.43119" lon="10.870394"><ele>58</ele></trkpt>
   <trkpt lat="52.431203" lon="10.871161"><ele>58</ele></trkpt>
   <trkpt lat="52.431234" lon="10.873506"><ele>58</ele></trkpt>
   <trkpt lat="52.431242" lon="10.874064"><ele>58</ele></trkpt>
   <trkpt lat="52.431278" lon="10.876787"><ele>59</ele></trkpt>
   <trkpt lat="52.431314" lon="10.879523"><ele>59</ele></trkpt>
   <trkpt lat="52.431326" lon="10.880421"><ele>59</ele></trkpt>
   <trkpt lat="52.431362" lon="10.883152"><ele>59</ele></trkpt>
   <trkpt lat="52.431395" lon="10.885651"><ele>59.75</ele></trkpt>
   <trkpt lat="52.43143" lon="10.887554"><ele>59.75</ele></trkpt>
   <trkpt lat="52.431464" lon="10.889187"><ele>59.5</ele></trkpt>
   <trkpt lat="52.431518" lon="10.891853"><ele>60</ele></trkpt>
   <trkpt lat="52.43157" lon="10.894403"><ele>60.25</ele></trkpt>
   <trkpt lat="52.431596" lon="10.895627"><ele>60.25</ele></trkpt>
   <trkpt lat="52.431635" lon="10.898032"><ele>60</ele></trkpt>
   <trkpt lat="52.431676" lon="10.900548"><ele>58.75</ele></trkpt>
   <trkpt lat="52.431718" lon="10.903196"><ele>59</ele></trkpt>
   <trkpt lat="52.431747" lon="10.904961"><ele>58.5</ele></trkpt>
   <trkpt lat="52.431777" lon="10.90679"><ele>58.75</ele></trkpt>
   <trkpt lat="52.431816" lon="10.909496"><ele>59</ele></trkpt>
   <trkpt lat="52.431827" lon="10.910395"><ele>59</ele></trkpt>
   <trkpt lat="52.431848" lon="10.912012"><ele>59.25</ele></trkpt>
   <trkpt lat="52.431893" lon="10.91555"><ele>59</ele></trkpt>
   <trkpt lat="52.431926" lon="10.918192"><ele>59</ele></trkpt>
   <trkpt lat="52.431944" lon="10.919603"><ele>59</ele></trkpt>
   <trkpt lat="52.43196" lon="10.920807"><ele>58.75</ele></trkpt>
   <trkpt lat="52.431961" lon="10.920866"><ele>59</ele></trkpt>
   <trkpt lat="52.432005" lon="10.924315"><ele>58.75</ele></trkpt>
   <trkpt lat="52.432005" lon="10.924375"><ele>59</ele></trkpt>
   <trkpt lat="52.432037" lon="10.926866"><ele>59</ele></trkpt>
   <trkpt lat="52.432072" lon="10.929581"><ele>59</ele></trkpt>
   <trkpt lat="52.432118" lon="10.933237"><ele>59</ele></trkpt>
   <trkpt lat="52.432164" lon="10.936823"><ele>59</ele></trkpt>
   <trkpt lat="52.432167" lon="10.93706"><ele>59</ele></trkpt>
   <trkpt lat="52.43217" lon="10.937347"><ele>59</ele></trkpt>
   <trkpt lat="52.432186" lon="10.938392"><ele>59</ele></trkpt>
   <trkpt lat="52.432186" lon="10.938427"><ele>59</ele></trkpt>
   <trkpt lat="52.432246" lon="10.942115"><ele>58.75</ele></trkpt>
   <trkpt lat="52.432258" lon="10.942761"><ele>59</ele></trkpt>
   <trkpt lat="52.432308" lon="10.944112"><ele>59</ele></trkpt>
   <trkpt lat="52.432348" lon="10.945003"><ele>59</ele></trkpt>
   <trkpt lat="52.43235" lon="10.945054"><ele>59</ele></trkpt>
   <trkpt lat="52.432374" lon="10.945559"><ele>59</ele></trkpt>
   <trkpt lat="52.432451" lon="10.94686"><ele>59</ele></trkpt>
   <trkpt lat="52.432521" lon="10.947825"><ele>59</ele></trkpt>
   <trkpt lat="52.432562" lon="10.948373"><ele>59.75</ele></trkpt>
   <trkpt lat="52.432741" lon="10.950371"><ele>60</ele></trkpt>
   <trkpt lat="52.432907" lon="10.951924"><ele>60</ele></trkpt>
   <trkpt lat="52.433057" lon="10.953125"><ele>60</ele></trkpt>
   <trkpt lat="52.433268" lon="10.9547"><ele>61.5</ele></trkpt>
   <trkpt lat="52.433457" lon="10.955933"><ele>61</ele></trkpt>
   <trkpt lat="52.433558" lon="10.956595"><ele>61</ele></trkpt>
   <trkpt lat="52.433814" lon="10.958087"><ele>61</ele></trkpt>
   <trkpt lat="52.433927" lon="10.958691"><ele>61</ele></trkpt>
   <trkpt lat="52.434042" lon="10.959294"><ele>60.5</ele></trkpt>
   <trkpt lat="52.434149" lon="10.959871"><ele>60</ele></trkpt>
   <trkpt lat="52.434506" lon="10.961659"><ele>60</ele></trkpt>
   <trkpt lat="52.434579" lon="10.962028"><ele>61.5</ele></trkpt>
   <trkpt lat="52.434591" lon="10.962088"><ele>61</ele></trkpt>
   <trkpt lat="52.434748" lon="10.962855"><ele>61.5</ele></trkpt>
   <trkpt lat="52.434948" lon="10.96383"><ele>61.75</ele></trkpt>
   <trkpt lat="52.435209" lon="10.965231"><ele>60.5</ele></trkpt>
   <trkpt lat="52.435237" lon="10.965385"><ele>61</ele></trkpt>
   <trkpt lat="52.435437" lon="10.966439"><ele>61.75</ele></trkpt>
   <trkpt lat="52.435563" lon="10.967056"><ele>62.5</ele></trkpt>
   <trkpt lat="52.435571" lon="10.967096"><ele>62.25</ele></trkpt>
   <trkpt lat="52.435583" lon="10.967152"><ele>62</ele></trkpt>
   <trkpt lat="52.435734" lon="10.967972"><ele>62.5</ele></trkpt>
   <trkpt lat="52.435848" lon="10.968658"><ele>62</ele></trkpt>
   <trkpt lat="52.43592" lon="10.969137"><ele>62</ele></trkpt>
   <trkpt lat="52.436065" lon="10.970179"><ele>61.75</ele></trkpt>
   <trkpt lat="52.436137" lon="10.970647"><ele>62</ele></trkpt>
   <trkpt lat="52.436205" lon="10.971032"><ele>62.25</ele></trkpt>
   <trkpt lat="52.436255" lon="10.971281"><ele>62</ele></trkpt>
   <trkpt lat="52.436286" lon="10.971439"><ele>61.75</ele></trkpt>
   <trkpt lat="52.436484" lon="10.972379"><ele>62</ele></trkpt>
   <trkpt lat="52.436836" lon="10.973945"><ele>62</ele></trkpt>
   <trkpt lat="52.436973" lon="10.974598"><ele>62</ele></trkpt>
   <trkpt lat="52.437178" lon="10.975662"><ele>62</ele></trkpt>
   <trkpt lat="52.437299" lon="10.976271"><ele>62</ele></trkpt>
   <trkpt lat="52.437546" lon="10.977395"><ele>62.5</ele></trkpt>
   <trkpt lat="52.437771" lon="10.978246"><ele>62</ele></trkpt>
   <trkpt lat="52.437924" lon="10.978918"><ele>63.75</ele></trkpt>
   <trkpt lat="52.438088" lon="10.979671"><ele>62</ele></trkpt>
   <trkpt lat="52.438168" lon="10.980012"><ele>62.5</ele></trkpt>
   <trkpt lat="52.438846" lon="10.982789"><ele>62.75</ele></trkpt>
   <trkpt lat="52.438974" lon="10.983361"><ele>62</ele></trkpt>
   <trkpt lat="52.440398" lon="10.989829"><ele>62</ele></trkpt>
   <trkpt lat="52.44128" lon="10.99394"><ele>62</ele></trkpt>
   <trkpt lat="52.441384" lon="10.994424"><ele>62</ele></trkpt>
   <trkpt lat="52.441455" lon="10.994713"><ele>62</ele></trkpt>
   <trkpt lat="52.4416" lon="10.995255"><ele>62</ele></trkpt>
   <trkpt lat="52.441706" lon="10.995714"><ele>62</ele></trkpt>
   <trkpt lat="52.441712" lon="10.995741"><ele>62</ele></trkpt>
   <trkpt lat="52.441861" lon="10.99647"><ele>62</ele></trkpt>
   <trkpt lat="52.442097" lon="10.997628"><ele>62</ele></trkpt>
   <trkpt lat="52.442865" lon="11.001405"><ele>61.25</ele></trkpt>
   <trkpt lat="52.443159" lon="11.002799"><ele>60.75</ele></trkpt>
   <trkpt lat="52.443819" lon="11.00579"><ele>60.5</ele></trkpt>
   <trkpt lat="52.444398" lon="11.008416"><ele>61</ele></trkpt>
   <trkpt lat="52.444859" lon="11.010495"><ele>59.75</ele></trkpt>
   <trkpt lat="52.444887" lon="11.010632"><ele>60</ele></trkpt>
   <trkpt lat="52.445653" lon="11.014107"><ele>61.5</ele></trkpt>
   <trkpt lat="52.445815" lon="11.014878"><ele>60.25</ele></trkpt>
   <trkpt lat="52.445906" lon="11.015324"><ele>61.75</ele></trkpt>
   <trkpt lat="52.446444" lon="11.018098"><ele>63.25</ele></trkpt>
   <trkpt lat="52.44689" lon="11.020373"><ele>60</ele></trkpt>
   <trkpt lat="52.44882" lon="11.030334"><ele>58.75</ele></trkpt>
   <trkpt lat="52.452404" lon="11.048837"><ele>57.25</ele></trkpt>
   <trkpt lat="52.452659" lon="11.050124"><ele>57.5</ele></trkpt>
   <trkpt lat="52.452845" lon="11.051028"><ele>58</ele></trkpt>
   <trkpt lat="52.453056" lon="11.052023"><ele>58.25</ele></trkpt>
   <trkpt lat="52.453447" lon="11.053785"><ele>58.5</ele></trkpt>
   <trkpt lat="52.453773" lon="11.055242"><ele>57.75</ele></trkpt>
   <trkpt lat="52.453878" lon="11.055712"><ele>58.5</ele></trkpt>
   <trkpt lat="52.454088" lon="11.056646"><ele>58.75</ele></trkpt>
   <trkpt lat="52.454558" lon="11.05884"><ele>59.75</ele></trkpt>
   <trkpt lat="52.45466" lon="11.059338"><ele>59.75</ele></trkpt>
   <trkpt lat="52.45507" lon="11.061427"><ele>59.75</ele></trkpt>
   <trkpt lat="52.455205" lon="11.062126"><ele>60.25</ele></trkpt>
   <trkpt lat="52.455746" lon="11.064934"><ele>60</ele></trkpt>
   <trkpt lat="52.456288" lon="11.06774"><ele>62.5</ele></trkpt>
   <trkpt lat="52.45683" lon="11.070547"><ele>61.75</ele></trkpt>
   <trkpt lat="52.456946" lon="11.071153"><ele>59.75</ele></trkpt>
   <trkpt lat="52.456987" lon="11.071362"><ele>58.75</ele></trkpt>
   <trkpt lat="52.457105" lon="11.071978"><ele>59.75</ele></trkpt>
   <trkpt lat="52.457445" lon="11.073737"><ele>60.25</ele></trkpt>
   <trkpt lat="52.457473" lon="11.073881"><ele>62.25</ele></trkpt>
   <trkpt lat="52.457777" lon="11.075456"><ele>62.5</ele></trkpt>
   <trkpt lat="52.457912" lon="11.076156"><ele>60.75</ele></trkpt>
   <trkpt lat="52.458342" lon="11.078387"><ele>59.5</ele></trkpt>
   <trkpt lat="52.458385" lon="11.07861"><ele>58.5</ele></trkpt>
   <trkpt lat="52.458453" lon="11.078957"><ele>60.75</ele></trkpt>
   <trkpt lat="52.458712" lon="11.080308"><ele>60</ele></trkpt>
   <trkpt lat="52.458847" lon="11.081007"><ele>59.25</ele></trkpt>
   <trkpt lat="52.458994" lon="11.081761"><ele>60</ele></trkpt>
   <trkpt lat="52.459537" lon="11.084578"><ele>59</ele></trkpt>
   <trkpt lat="52.460078" lon="11.087383"><ele>59.5</ele></trkpt>
   <trkpt lat="52.460611" lon="11.090146"><ele>59.5</ele></trkpt>
   <trkpt lat="52.460646" lon="11.090326"><ele>59.5</ele></trkpt>
   <trkpt lat="52.460819" lon="11.091225"><ele>57.5</ele></trkpt>
   <trkpt lat="52.460913" lon="11.091721"><ele>56.5</ele></trkpt>
   <trkpt lat="52.461159" lon="11.092984"><ele>57.75</ele></trkpt>
   <trkpt lat="52.461298" lon="11.093737"><ele>57.75</ele></trkpt>
   <trkpt lat="52.461667" lon="11.095816"><ele>58.75</ele></trkpt>
   <trkpt lat="52.462135" lon="11.09868"><ele>59</ele></trkpt>
   <trkpt lat="52.462436" lon="11.100459"><ele>58.25</ele></trkpt>
   <trkpt lat="52.462618" lon="11.101489"><ele>59</ele></trkpt>
   <trkpt lat="52.463144" lon="11.104258"><ele>58.75</ele></trkpt>
   <trkpt lat="52.463177" lon="11.104431"><ele>59.25</ele></trkpt>
   <trkpt lat="52.463258" lon="11.104859"><ele>57</ele></trkpt>
   <trkpt lat="52.463379" lon="11.105477"><ele>57.75</ele></trkpt>
   <trkpt lat="52.46369" lon="11.107084"><ele>58.25</ele></trkpt>
   <trkpt lat="52.464165" lon="11.109559"><ele>57.75</ele></trkpt>
   <trkpt lat="52.464228" lon="11.109885"><ele>57.75</ele></trkpt>
   <trkpt lat="52.464364" lon="11.110586"><ele>58</ele></trkpt>
   <trkpt lat="52.464742" lon="11.112542"><ele>57.75</ele></trkpt>
   <trkpt lat="52.464912" lon="11.113414"><ele>57.5</ele></trkpt>
   <trkpt lat="52.465367" lon="11.115786"><ele>58</ele></trkpt>
   <trkpt lat="52.465781" lon="11.117936"><ele>58</ele></trkpt>
   <trkpt lat="52.466194" lon="11.120082"><ele>58</ele></trkpt>
   <trkpt lat="52.466286" lon="11.120568"><ele>58</ele></trkpt>
   <trkpt lat="52.466423" lon="11.121287"><ele>57.5</ele></trkpt>
   <trkpt lat="52.467007" lon="11.124309"><ele>58.25</ele></trkpt>
   <trkpt lat="52.467208" lon="11.125356"><ele>57.25</ele></trkpt>
   <trkpt lat="52.46794" lon="11.129108"><ele>58</ele></trkpt>
   <trkpt lat="52.467997" lon="11.129406"><ele>58</ele></trkpt>
   <trkpt lat="52.468581" lon="11.132456"><ele>57.75</ele></trkpt>
   <trkpt lat="52.468654" lon="11.132841"><ele>57.75</ele></trkpt>
   <trkpt lat="52.469189" lon="11.135605"><ele>58</ele></trkpt>
   <trkpt lat="52.469598" lon="11.137744"><ele>59</ele></trkpt>
   <trkpt lat="52.470223" lon="11.141006"><ele>57</ele></trkpt>
   <trkpt lat="52.470605" lon="11.143004"><ele>59</ele></trkpt>
   <trkpt lat="52.470637" lon="11.143171"><ele>59</ele></trkpt>
   <trkpt lat="52.471207" lon="11.146115"><ele>58.25</ele></trkpt>
   <trkpt lat="52.471835" lon="11.149373"><ele>57.75</ele></trkpt>
   <trkpt lat="52.472257" lon="11.151632"><ele>58.5</ele></trkpt>
   <trkpt lat="52.472422" lon="11.152434"><ele>57.75</ele></trkpt>
   <trkpt lat="52.472437" lon="11.152498"><ele>57.75</ele></trkpt>
   <trkpt lat="52.472966" lon="11.155258"><ele>57.75</ele></trkpt>
   <trkpt lat="52.473489" lon="11.157987"><ele>58</ele></trkpt>
   <trkpt lat="52.474022" lon="11.160732"><ele>58.5</ele></trkpt>
   <trkpt lat="52.474594" lon="11.163696"><ele>58.25</ele></trkpt>
   <trkpt lat="52.475015" lon="11.165839"><ele>59</ele></trkpt>
   <trkpt lat="52.475535" lon="11.168339"><ele>58.75</ele></trkpt>
   <trkpt lat="52.475684" lon="11.169006"><ele>58.5</ele></trkpt>
   <trkpt lat="52.47616" lon="11.171131"><ele>58.75</ele></trkpt>
   <trkpt lat="52.476861" lon="11.174261"><ele>58</ele></trkpt>
   <trkpt lat="52.477578" lon="11.177452"><ele>58.5</ele></trkpt>
   <trkpt lat="52.478034" lon="11.179482"><ele>59</ele></trkpt>
   <trkpt lat="52.478353" lon="11.180888"><ele>59</ele></trkpt>
   <trkpt lat="52.478716" lon="11.182487"><ele>58.5</ele></trkpt>
   <trkpt lat="52.479431" lon="11.185668"><ele>58.75</ele></trkpt>
   <trkpt lat="52.479911" lon="11.187802"><ele>59</ele></trkpt>
   <trkpt lat="52.48061" lon="11.190898"><ele>58.75</ele></trkpt>
   <trkpt lat="52.481287" lon="11.193868"><ele>58</ele></trkpt>
   <trkpt lat="52.48152" lon="11.194845"><ele>58.5</ele></trkpt>
   <trkpt lat="52.481698" lon="11.195554"><ele>58.75</ele></trkpt>
   <trkpt lat="52.481915" lon="11.196408"><ele>58</ele></trkpt>
   <trkpt lat="52.482168" lon="11.197413"><ele>58</ele></trkpt>
   <trkpt lat="52.482552" lon="11.199064"><ele>58.75</ele></trkpt>
   <trkpt lat="52.482566" lon="11.199121"><ele>58.75</ele></trkpt>
   <trkpt lat="52.482744" lon="11.199905"><ele>58.75</ele></trkpt>
   <trkpt lat="52.483139" lon="11.201681"><ele>58.75</ele></trkpt>
   <trkpt lat="52.483565" lon="11.203573"><ele>58.75</ele></trkpt>
   <trkpt lat="52.483813" lon="11.204675"><ele>59.5</ele></trkpt>
   <trkpt lat="52.483889" lon="11.205016"><ele>58.75</ele></trkpt>
   <trkpt lat="52.484053" lon="11.205749"><ele>59</ele></trkpt>
   <trkpt lat="52.484434" lon="11.20745"><ele>59</ele></trkpt>
   <trkpt lat="52.485152" lon="11.210669"><ele>59</ele></trkpt>
   <trkpt lat="52.4856" lon="11.212756"><ele>59</ele></trkpt>
   <trkpt lat="52.486018" lon="11.214783"><ele>58.75</ele></trkpt>
   <trkpt lat="52.486069" lon="11.215039"><ele>58.75</ele></trkpt>
   <trkpt lat="52.486323" lon="11.216322"><ele>58.75</ele></trkpt>
   <trkpt lat="52.486763" lon="11.218582"><ele>58.5</ele></trkpt>
   <trkpt lat="52.487119" lon="11.220472"><ele>59</ele></trkpt>
   <trkpt lat="52.487286" lon="11.221409"><ele>58.75</ele></trkpt>
   <trkpt lat="52.487367" lon="11.221861"><ele>59</ele></trkpt>
   <trkpt lat="52.487801" lon="11.22428"><ele>59.25</ele></trkpt>
   <trkpt lat="52.488073" lon="11.225779"><ele>59.75</ele></trkpt>
   <trkpt lat="52.488371" lon="11.227444"><ele>59</ele></trkpt>
   <trkpt lat="52.488393" lon="11.227569"><ele>59</ele></trkpt>
   <trkpt lat="52.488845" lon="11.230242"><ele>59</ele></trkpt>
   <trkpt lat="52.488944" lon="11.230862"><ele>59</ele></trkpt>
   <trkpt lat="52.489283" lon="11.23301"><ele>60</ele></trkpt>
   <trkpt lat="52.48942" lon="11.233874"><ele>60</ele></trkpt>
   <trkpt lat="52.489733" lon="11.235642"><ele>60</ele></trkpt>
   <trkpt lat="52.489739" lon="11.235674"><ele>60</ele></trkpt>
   <trkpt lat="52.490206" lon="11.238309"><ele>59.75</ele></trkpt>
   <trkpt lat="52.49079" lon="11.241569"><ele>59.5</ele></trkpt>
   <trkpt lat="52.49094" lon="11.242437"><ele>60</ele></trkpt>
   <trkpt lat="52.491244" lon="11.244107"><ele>59</ele></trkpt>
   <trkpt lat="52.491421" lon="11.245105"><ele>60.25</ele></trkpt>
   <trkpt lat="52.4917" lon="11.246648"><ele>60.5</ele></trkpt>
   <trkpt lat="52.49192" lon="11.24787"><ele>59.5</ele></trkpt>
   <trkpt lat="52.492303" lon="11.250031"><ele>61.25</ele></trkpt>
   <trkpt lat="52.492755" lon="11.25257"><ele>61</ele></trkpt>
   <trkpt lat="52.493189" lon="11.25499"><ele>62.25</ele></trkpt>
   <trkpt lat="52.493824" lon="11.258541"><ele>61.75</ele></trkpt>
   <trkpt lat="52.494302" lon="11.261215"><ele>63.5</ele></trkpt>
   <trkpt lat="52.494779" lon="11.263882"><ele>63</ele></trkpt>
   <trkpt lat="52.495209" lon="11.26628"><ele>62</ele></trkpt>
   <trkpt lat="52.495623" lon="11.268594"><ele>63.5</ele></trkpt>
   <trkpt lat="52.495832" lon="11.269769"><ele>63.75</ele></trkpt>
   <trkpt lat="52.496308" lon="11.272434"><ele>63.75</ele></trkpt>
   <trkpt lat="52.496787" lon="11.275112"><ele>64</ele></trkpt>
   <trkpt lat="52.497242" lon="11.277659"><ele>64</ele></trkpt>
   <trkpt lat="52.497795" lon="11.280756"><ele>63.75</ele></trkpt>
   <trkpt lat="52.498144" lon="11.28271"><ele>63.75</ele></trkpt>
   <trkpt lat="52.49825" lon="11.2833"><ele>62.5</ele></trkpt>
   <trkpt lat="52.498854" lon="11.286689"><ele>62</ele></trkpt>
   <trkpt lat="52.498858" lon="11.286712"><ele>62</ele></trkpt>
   <trkpt lat="52.499064" lon="11.287875"><ele>62</ele></trkpt>
   <trkpt lat="52.499582" lon="11.290721"><ele>61.5</ele></trkpt>
   <trkpt lat="52.499799" lon="11.291874"><ele>62.25</ele></trkpt>
   <trkpt lat="52.499881" lon="11.292301"><ele>61.25</ele></trkpt>
   <trkpt lat="52.500126" lon="11.293482"><ele>62.25</ele></trkpt>
   <trkpt lat="52.500338" lon="11.294468"><ele>62.75</ele></trkpt>
   <trkpt lat="52.500508" lon="11.295213"><ele>62</ele></trkpt>
   <trkpt lat="52.500745" lon="11.296207"><ele>61.75</ele></trkpt>
   <trkpt lat="52.501178" lon="11.297898"><ele>61.75</ele></trkpt>
   <trkpt lat="52.50136" lon="11.298578"><ele>61.75</ele></trkpt>
   <trkpt lat="52.501628" lon="11.299582"><ele>61.25</ele></trkpt>
   <trkpt lat="52.502071" lon="11.30118"><ele>60.75</ele></trkpt>
   <trkpt lat="52.502234" lon="11.301744"><ele>60.75</ele></trkpt>
   <trkpt lat="52.502518" lon="11.302737"><ele>60.75</ele></trkpt>
   <trkpt lat="52.502686" lon="11.30334"><ele>60</ele></trkpt>
   <trkpt lat="52.503377" lon="11.305821"><ele>60.75</ele></trkpt>
   <trkpt lat="52.503393" lon="11.305883"><ele>60.75</ele></trkpt>
   <trkpt lat="52.504073" lon="11.308325"><ele>59</ele></trkpt>
   <trkpt lat="52.50468" lon="11.310622"><ele>59</ele></trkpt>
   <trkpt lat="52.504976" lon="11.31184"><ele>59</ele></trkpt>
   <trkpt lat="52.505249" lon="11.313041"><ele>58.75</ele></trkpt>
   <trkpt lat="52.505428" lon="11.313868"><ele>58</ele></trkpt>
   <trkpt lat="52.505755" lon="11.315457"><ele>58</ele></trkpt>
   <trkpt lat="52.505925" lon="11.316349"><ele>58.25</ele></trkpt>
   <trkpt lat="52.506208" lon="11.317915"><ele>57.5</ele></trkpt>
   <trkpt lat="52.506476" lon="11.319617"><ele>57.25</ele></trkpt>
   <trkpt lat="52.50653" lon="11.31999"><ele>57.5</ele></trkpt>
   <trkpt lat="52.506742" lon="11.321468"><ele>56.75</ele></trkpt>
   <trkpt lat="52.506822" lon="11.322091"><ele>56</ele></trkpt>
   <trkpt lat="52.507047" lon="11.324038"><ele>56</ele></trkpt>
   <trkpt lat="52.507122" lon="11.324789"><ele>55</ele></trkpt>
   <trkpt lat="52.50729" lon="11.326625"><ele>55.5</ele></trkpt>
   <trkpt lat="52.507405" lon="11.328197"><ele>54</ele></trkpt>
   <trkpt lat="52.507573" lon="11.330878"><ele>54.25</ele></trkpt>
   <trkpt lat="52.507747" lon="11.333655"><ele>53.75</ele></trkpt>
   <trkpt lat="52.507973" lon="11.337207"><ele>51.5</ele></trkpt>
   <trkpt lat="52.508076" lon="11.338799"><ele>52.5</ele></trkpt>
   <trkpt lat="52.508146" lon="11.339697"><ele>52.5</ele></trkpt>
   <trkpt lat="52.508291" lon="11.34142"><ele>52</ele></trkpt>
   <trkpt lat="52.508389" lon="11.342357"><ele>52.5</ele></trkpt>
   <trkpt lat="52.508481" lon="11.343234"><ele>51.25</ele></trkpt>
   <trkpt lat="52.508704" lon="11.345052"><ele>52.25</ele></trkpt>
   <trkpt lat="52.508831" lon="11.345978"><ele>52</ele></trkpt>
   <trkpt lat="52.508949" lon="11.346868"><ele>51.75</ele></trkpt>
   <trkpt lat="52.509244" lon="11.348674"><ele>51.5</ele></trkpt>
   <trkpt lat="52.509669" lon="11.351273"><ele>51</ele></trkpt>
   <trkpt lat="52.51021" lon="11.354584"><ele>50</ele></trkpt>
   <trkpt lat="52.510647" lon="11.357214"><ele>49.5</ele></trkpt>
   <trkpt lat="52.511086" lon="11.359901"><ele>49.5</ele></trkpt>
   <trkpt lat="52.511534" lon="11.362586"><ele>49.5</ele></trkpt>
   <trkpt lat="52.512077" lon="11.365865"><ele>48.25</ele></trkpt>
   <trkpt lat="52.512515" lon="11.368511"><ele>47.5</ele></trkpt>
   <trkpt lat="52.512958" lon="11.371199"><ele>46</ele></trkpt>
   <trkpt lat="52.513078" lon="11.37193"><ele>46.75</ele></trkpt>
   <trkpt lat="52.513398" lon="11.373893"><ele>47</ele></trkpt>
   <trkpt lat="52.51382" lon="11.37646"><ele>45.5</ele></trkpt>
   <trkpt lat="52.513877" lon="11.376795"><ele>45.75</ele></trkpt>
   <trkpt lat="52.51395" lon="11.377229"><ele>45.75</ele></trkpt>
   <trkpt lat="52.51434" lon="11.3796"><ele>45.25</ele></trkpt>
   <trkpt lat="52.514839" lon="11.382641"><ele>46</ele></trkpt>
   <trkpt lat="52.515124" lon="11.384524"><ele>45.5</ele></trkpt>
   <trkpt lat="52.515295" lon="11.385595"><ele>45.75</ele></trkpt>
   <trkpt lat="52.515448" lon="11.386545"><ele>45.5</ele></trkpt>
   <trkpt lat="52.515754" lon="11.388325"><ele>45.75</ele></trkpt>
   <trkpt lat="52.516152" lon="11.39064"><ele>45.5</ele></trkpt>
   <trkpt lat="52.516236" lon="11.391128"><ele>45.5</ele></trkpt>
   <trkpt lat="52.51624" lon="11.391146"><ele>45.5</ele></trkpt>
   <trkpt lat="52.516251" lon="11.391214"><ele>45.25</ele></trkpt>
   <trkpt lat="52.516353" lon="11.391823"><ele>46.25</ele></trkpt>
   <trkpt lat="52.51642" lon="11.392313"><ele>46.25</ele></trkpt>
   <trkpt lat="52.516442" lon="11.392565"><ele>45.75</ele></trkpt>
   <trkpt lat="52.516478" lon="11.392864"><ele>45.75</ele></trkpt>
   <trkpt lat="52.516939" lon="11.395693"><ele>46.75</ele></trkpt>
   <trkpt lat="52.51798" lon="11.402064"><ele>46.5</ele></trkpt>
   <trkpt lat="52.518394" lon="11.404604"><ele>47</ele></trkpt>
   <trkpt lat="52.518693" lon="11.40643"><ele>46.25</ele></trkpt>
   <trkpt lat="52.518888" lon="11.407352"><ele>46.75</ele></trkpt>
   <trkpt lat="52.518952" lon="11.407758"><ele>47</ele></trkpt>
   <trkpt lat="52.519239" lon="11.409482"><ele>46.25</ele></trkpt>
   <trkpt lat="52.519475" lon="11.411122"><ele>46</ele></trkpt>
   <trkpt lat="52.519737" lon="11.413146"><ele>46.25</ele></trkpt>
   <trkpt lat="52.519807" lon="11.4138"><ele>45.5</ele></trkpt>
   <trkpt lat="52.519823" lon="11.413954"><ele>45.5</ele></trkpt>
   <trkpt lat="52.519962" lon="11.415407"><ele>45.75</ele></trkpt>
   <trkpt lat="52.520067" lon="11.41664"><ele>46</ele></trkpt>
   <trkpt lat="52.520302" lon="11.419401"><ele>46.75</ele></trkpt>
   <trkpt lat="52.520613" lon="11.423058"><ele>47.5</ele></trkpt>
   <trkpt lat="52.520826" lon="11.425562"><ele>47.75</ele></trkpt>
   <trkpt lat="52.521008" lon="11.42772"><ele>46.75</ele></trkpt>
   <trkpt lat="52.52105" lon="11.428222"><ele>47</ele></trkpt>
   <trkpt lat="52.521359" lon="11.431898"><ele>48.75</ele></trkpt>
   <trkpt lat="52.521583" lon="11.434657"><ele>49</ele></trkpt>
   <trkpt lat="52.52181" lon="11.437334"><ele>50.5</ele></trkpt>
   <trkpt lat="52.521865" lon="11.438014"><ele>51.5</ele></trkpt>
   <trkpt lat="52.521931" lon="11.43895"><ele>51.5</ele></trkpt>
   <trkpt lat="52.521965" lon="11.43954"><ele>51.25</ele></trkpt>
   <trkpt lat="52.522012" lon="11.44072"><ele>51.75</ele></trkpt>
   <trkpt lat="52.522028" lon="11.441288"><ele>52.5</ele></trkpt>
   <trkpt lat="52.52204" lon="11.44251"><ele>53.5</ele></trkpt>
   <trkpt lat="52.522026" lon="11.443715"><ele>51.75</ele></trkpt>
   <trkpt lat="52.522012" lon="11.444225"><ele>51.75</ele></trkpt>
   <trkpt lat="52.521974" lon="11.445228"><ele>52.75</ele></trkpt>
   <trkpt lat="52.521894" lon="11.44653"><ele>52.75</ele></trkpt>
   <trkpt lat="52.521832" lon="11.447325"><ele>54.25</ele></trkpt>
   <trkpt lat="52.52177" lon="11.447997"><ele>53</ele></trkpt>
   <trkpt lat="52.521545" lon="11.450093"><ele>53</ele></trkpt>
   <trkpt lat="52.521315" lon="11.451911"><ele>54</ele></trkpt>
   <trkpt lat="52.521" lon="11.454517"><ele>54.5</ele></trkpt>
   <trkpt lat="52.520826" lon="11.456034"><ele>55.25</ele></trkpt>
   <trkpt lat="52.520604" lon="11.457883"><ele>55.5</ele></trkpt>
   <trkpt lat="52.520448" lon="11.459178"><ele>54.25</ele></trkpt>
   <trkpt lat="52.520289" lon="11.460513"><ele>56.75</ele></trkpt>
   <trkpt lat="52.519964" lon="11.46325"><ele>56.75</ele></trkpt>
   <trkpt lat="52.51971" lon="11.465358"><ele>57</ele></trkpt>
   <trkpt lat="52.519583" lon="11.466571"><ele>59.25</ele></trkpt>
   <trkpt lat="52.519459" lon="11.467921"><ele>58</ele></trkpt>
   <trkpt lat="52.51935" lon="11.469277"><ele>59</ele></trkpt>
   <trkpt lat="52.519214" lon="11.471414"><ele>58.75</ele></trkpt>
   <trkpt lat="52.519162" lon="11.472473"><ele>58.75</ele></trkpt>
   <trkpt lat="52.519119" lon="11.473488"><ele>57.5</ele></trkpt>
   <trkpt lat="52.519096" lon="11.474316"><ele>57</ele></trkpt>
   <trkpt lat="52.519078" lon="11.474894"><ele>56.5</ele></trkpt>
   <trkpt lat="52.519067" lon="11.475424"><ele>56.5</ele></trkpt>
   <trkpt lat="52.519049" lon="11.477384"><ele>57.5</ele></trkpt>
   <trkpt lat="52.519055" lon="11.478312"><ele>56.75</ele></trkpt>
   <trkpt lat="52.519059" lon="11.478566"><ele>58</ele></trkpt>
   <trkpt lat="52.519077" lon="11.479546"><ele>59.75</ele></trkpt>
   <trkpt lat="52.519124" lon="11.481127"><ele>60.5</ele></trkpt>
   <trkpt lat="52.51918" lon="11.48284"><ele>61</ele></trkpt>
   <trkpt lat="52.519229" lon="11.484308"><ele>61.5</ele></trkpt>
   <trkpt lat="52.519304" lon="11.486839"><ele>62</ele></trkpt>
   <trkpt lat="52.519421" lon="11.490272"><ele>63</ele></trkpt>
   <trkpt lat="52.519445" lon="11.490948"><ele>62.25</ele></trkpt>
   <trkpt lat="52.519452" lon="11.491182"><ele>62.75</ele></trkpt>
   <trkpt lat="52.519468" lon="11.491648"><ele>62.75</ele></trkpt>
   <trkpt lat="52.519495" lon="11.492521"><ele>62</ele></trkpt>
   <trkpt lat="52.519536" lon="11.493565"><ele>62.5</ele></trkpt>
   <trkpt lat="52.519539" lon="11.493645"><ele>62</ele></trkpt>
   <trkpt lat="52.519624" lon="11.495484"><ele>62</ele></trkpt>
   <trkpt lat="52.519732" lon="11.497232"><ele>61.75</ele></trkpt>
   <trkpt lat="52.519755" lon="11.497588"><ele>62.75</ele></trkpt>
   <trkpt lat="52.519963" lon="11.499948"><ele>62.5</ele></trkpt>
   <trkpt lat="52.520048" lon="11.50085"><ele>62.5</ele></trkpt>
   <trkpt lat="52.520117" lon="11.501495"><ele>62.5</ele></trkpt>
   <trkpt lat="52.520256" lon="11.502708"><ele>63.5</ele></trkpt>
   <trkpt lat="52.520441" lon="11.504075"><ele>63.5</ele></trkpt>
   <trkpt lat="52.520586" lon="11.505153"><ele>64.25</ele></trkpt>
   <trkpt lat="52.520651" lon="11.505633"><ele>64</ele></trkpt>
   <trkpt lat="52.521153" lon="11.508625"><ele>64.5</ele></trkpt>
   <trkpt lat="52.52148" lon="11.510359"><ele>65</ele></trkpt>
   <trkpt lat="52.521673" lon="11.511288"><ele>65.75</ele></trkpt>
   <trkpt lat="52.521929" lon="11.512512"><ele>65.75</ele></trkpt>
   <trkpt lat="52.522237" lon="11.5139"><ele>66.75</ele></trkpt>
   <trkpt lat="52.522665" lon="11.515835"><ele>64.75</ele></trkpt>
   <trkpt lat="52.5228" lon="11.516443"><ele>66.5</ele></trkpt>
   <trkpt lat="52.52352" lon="11.519668"><ele>65.5</ele></trkpt>
   <trkpt lat="52.524103" lon="11.52229"><ele>68</ele></trkpt>
   <trkpt lat="52.524682" lon="11.524895"><ele>69.5</ele></trkpt>
   <trkpt lat="52.525262" lon="11.527515"><ele>71</ele></trkpt>
   <trkpt lat="52.525969" lon="11.530701"><ele>72.25</ele></trkpt>
   <trkpt lat="52.526529" lon="11.533225"><ele>72.5</ele></trkpt>
   <trkpt lat="52.527109" lon="11.535837"><ele>72</ele></trkpt>
   <trkpt lat="52.527386" lon="11.537088"><ele>71.75</ele></trkpt>
   <trkpt lat="52.52786" lon="11.539194"><ele>72.75</ele></trkpt>
   <trkpt lat="52.528405" lon="11.541647"><ele>73.5</ele></trkpt>
   <trkpt lat="52.528422" lon="11.541727"><ele>73.5</ele></trkpt>
   <trkpt lat="52.528945" lon="11.544084"><ele>75</ele></trkpt>
   <trkpt lat="52.529713" lon="11.547528"><ele>76</ele></trkpt>
   <trkpt lat="52.530263" lon="11.550023"><ele>76.75</ele></trkpt>
   <trkpt lat="52.530786" lon="11.55237"><ele>77.5</ele></trkpt>
   <trkpt lat="52.531142" lon="11.553902"><ele>78.5</ele></trkpt>
   <trkpt lat="52.53157" lon="11.555671"><ele>80</ele></trkpt>
   <trkpt lat="52.531942" lon="11.557101"><ele>79.25</ele></trkpt>
   <trkpt lat="52.532213" lon="11.558096"><ele>79</ele></trkpt>
   <trkpt lat="52.532905" lon="11.560482"><ele>80.75</ele></trkpt>
   <trkpt lat="52.533869" lon="11.56347"><ele>79.5</ele></trkpt>
   <trkpt lat="52.534035" lon="11.563957"><ele>80.5</ele></trkpt>
   <trkpt lat="52.534669" lon="11.565826"><ele>79</ele></trkpt>
   <trkpt lat="52.535677" lon="11.568786"><ele>78.75</ele></trkpt>
   <trkpt lat="52.536426" lon="11.570985"><ele>77.5</ele></trkpt>
   <trkpt lat="52.537377" lon="11.573806"><ele>76.5</ele></trkpt>
   <trkpt lat="52.538139" lon="11.576047"><ele>78.25</ele></trkpt>
   <trkpt lat="52.539219" lon="11.579218"><ele>78</ele></trkpt>
   <trkpt lat="52.539299" lon="11.579454"><ele>78.75</ele></trkpt>
   <trkpt lat="52.539978" lon="11.581448"><ele>76.75</ele></trkpt>
   <trkpt lat="52.540376" lon="11.582614"><ele>77.75</ele></trkpt>
   <trkpt lat="52.540431" lon="11.582774"><ele>77</ele></trkpt>
   <trkpt lat="52.54078" lon="11.583677"><ele>77.25</ele></trkpt>
   <trkpt lat="52.541285" lon="11.585147"><ele>77</ele></trkpt>
   <trkpt lat="52.542319" lon="11.588174"><ele>77.75</ele></trkpt>
   <trkpt lat="52.542599" lon="11.58893"><ele>77.75</ele></trkpt>
   <trkpt lat="52.542956" lon="11.589857"><ele>77.25</ele></trkpt>
   <trkpt lat="52.543126" lon="11.590329"><ele>78</ele></trkpt>
   <trkpt lat="52.543756" lon="11.592173"><ele>77.75</ele></trkpt>
   <trkpt lat="52.544199" lon="11.593476"><ele>76.75</ele></trkpt>
   <trkpt lat="52.544485" lon="11.594323"><ele>76.5</ele></trkpt>
   <trkpt lat="52.544603" lon="11.594694"><ele>76</ele></trkpt>
   <trkpt lat="52.544855" lon="11.595571"><ele>74.5</ele></trkpt>
   <trkpt lat="52.545097" lon="11.596452"><ele>72.75</ele></trkpt>
   <trkpt lat="52.545181" lon="11.596737"><ele>72.5</ele></trkpt>
   <trkpt lat="52.545262" lon="11.596975"><ele>74.75</ele></trkpt>
   <trkpt lat="52.546147" lon="11.59958"><ele>75.25</ele></trkpt>
   <trkpt lat="52.546189" lon="11.599708"><ele>75.75</ele></trkpt>
   <trkpt lat="52.546991" lon="11.60206"><ele>74.75</ele></trkpt>
   <trkpt lat="52.547781" lon="11.60438"><ele>72.25</ele></trkpt>
   <trkpt lat="52.548317" lon="11.605894"><ele>72</ele></trkpt>
   <trkpt lat="52.54882" lon="11.607271"><ele>71.75</ele></trkpt>
   <trkpt lat="52.549096" lon="11.607997"><ele>71.75</ele></trkpt>
   <trkpt lat="52.549668" lon="11.609462"><ele>70.75</ele></trkpt>
   <trkpt lat="52.550258" lon="11.610921"><ele>69.75</ele></trkpt>
   <trkpt lat="52.550794" lon="11.612199"><ele>68.25</ele></trkpt>
   <trkpt lat="52.550872" lon="11.61238"><ele>69</ele></trkpt>
   <trkpt lat="52.551806" lon="11.614514"><ele>67.75</ele></trkpt>
   <trkpt lat="52.552707" lon="11.616554"><ele>65</ele></trkpt>
   <trkpt lat="52.553577" lon="11.618525"><ele>64.5</ele></trkpt>
   <trkpt lat="52.554053" lon="11.619546"><ele>63.25</ele></trkpt>
   <trkpt lat="52.555033" lon="11.621781"><ele>63</ele></trkpt>
   <trkpt lat="52.555971" lon="11.623947"><ele>62.25</ele></trkpt>
   <trkpt lat="52.556662" lon="11.625617"><ele>61.75</ele></trkpt>
   <trkpt lat="52.557084" lon="11.626702"><ele>60.25</ele></trkpt>
   <trkpt lat="52.557636" lon="11.628158"><ele>59</ele></trkpt>
   <trkpt lat="52.557899" lon="11.62888"><ele>58.75</ele></trkpt>
   <trkpt lat="52.558505" lon="11.630624"><ele>58.25</ele></trkpt>
   <trkpt lat="52.558919" lon="11.631889"><ele>58.75</ele></trkpt>
   <trkpt lat="52.559294" lon="11.633073"><ele>58.5</ele></trkpt>
   <trkpt lat="52.559624" lon="11.634196"><ele>57.25</ele></trkpt>
   <trkpt lat="52.560216" lon="11.636258"><ele>56</ele></trkpt>
   <trkpt lat="52.560274" lon="11.636486"><ele>56.25</ele></trkpt>
   <trkpt lat="52.560435" lon="11.637102"><ele>55.75</ele></trkpt>
   <trkpt lat="52.560854" lon="11.638703"><ele>55.75</ele></trkpt>
   <trkpt lat="52.561061" lon="11.639521"><ele>54.25</ele></trkpt>
   <trkpt lat="52.561656" lon="11.64188"><ele>53.5</ele></trkpt>
   <trkpt lat="52.561692" lon="11.642024"><ele>53.75</ele></trkpt>
   <trkpt lat="52.562516" lon="11.645301"><ele>52.75</ele></trkpt>
   <trkpt lat="52.563131" lon="11.647745"><ele>51.5</ele></trkpt>
   <trkpt lat="52.563631" lon="11.649628"><ele>51</ele></trkpt>
   <trkpt lat="52.563868" lon="11.650485"><ele>50.5</ele></trkpt>
   <trkpt lat="52.56504" lon="11.654719"><ele>50.25</ele></trkpt>
   <trkpt lat="52.565249" lon="11.655431"><ele>50.5</ele></trkpt>
   <trkpt lat="52.565372" lon="11.655865"><ele>49.25</ele></trkpt>
   <trkpt lat="52.566267" lon="11.659028"><ele>49.25</ele></trkpt>
   <trkpt lat="52.566315" lon="11.659207"><ele>49.5</ele></trkpt>
   <trkpt lat="52.566655" lon="11.660539"><ele>50.75</ele></trkpt>
   <trkpt lat="52.566792" lon="11.661104"><ele>49.5</ele></trkpt>
   <trkpt lat="52.567209" lon="11.662953"><ele>51.5</ele></trkpt>
   <trkpt lat="52.567342" lon="11.663584"><ele>52</ele></trkpt>
   <trkpt lat="52.56744" lon="11.664032"><ele>52</ele></trkpt>
   <trkpt lat="52.568045" lon="11.666781"><ele>52</ele></trkpt>
   <trkpt lat="52.568995" lon="11.671168"><ele>52</ele></trkpt>
   <trkpt lat="52.569159" lon="11.671918"><ele>52.75</ele></trkpt>
   <trkpt lat="52.569264" lon="11.672407"><ele>52</ele></trkpt>
   <trkpt lat="52.569663" lon="11.674221"><ele>53</ele></trkpt>
   <trkpt lat="52.569792" lon="11.674766"><ele>53.25</ele></trkpt>
   <trkpt lat="52.570091" lon="11.676285"><ele>53.25</ele></trkpt>
   <trkpt lat="52.570186" lon="11.676821"><ele>53.5</ele></trkpt>
   <trkpt lat="52.570693" lon="11.679825"><ele>53.25</ele></trkpt>
   <trkpt lat="52.570697" lon="11.679852"><ele>53.5</ele></trkpt>
   <trkpt lat="52.570701" lon="11.679878"><ele>53.5</ele></trkpt>
   <trkpt lat="52.571303" lon="11.683655"><ele>51.5</ele></trkpt>
   <trkpt lat="52.571492" lon="11.684841"><ele>52</ele></trkpt>
   <trkpt lat="52.571737" lon="11.686319"><ele>51.25</ele></trkpt>
   <trkpt lat="52.571759" lon="11.686453"><ele>51.25</ele></trkpt>
   <trkpt lat="52.571887" lon="11.687223"><ele>50</ele></trkpt>
   <trkpt lat="52.572266" lon="11.689489"><ele>50.25</ele></trkpt>
   <trkpt lat="52.572752" lon="11.692393"><ele>49</ele></trkpt>
   <trkpt lat="52.573034" lon="11.694069"><ele>48</ele></trkpt>
   <trkpt lat="52.573171" lon="11.694904"><ele>48</ele></trkpt>
   <trkpt lat="52.573234" lon="11.695287"><ele>48</ele></trkpt>
   <trkpt lat="52.573716" lon="11.698194"><ele>46.5</ele></trkpt>
   <trkpt lat="52.574148" lon="11.700849"><ele>45.75</ele></trkpt>
   <trkpt lat="52.574184" lon="11.701069"><ele>45.75</ele></trkpt>
   <trkpt lat="52.574765" lon="11.704583"><ele>45.75</ele></trkpt>
   <trkpt lat="52.575095" lon="11.706536"><ele>45</ele></trkpt>
   <trkpt lat="52.575276" lon="11.707646"><ele>44.75</ele></trkpt>
   <trkpt lat="52.57529" lon="11.707748"><ele>45</ele></trkpt>
   <trkpt lat="52.575374" lon="11.70825"><ele>45</ele></trkpt>
   <trkpt lat="52.575451" lon="11.708708"><ele>44</ele></trkpt>
   <trkpt lat="52.575587" lon="11.70954"><ele>44.5</ele></trkpt>
   <trkpt lat="52.575958" lon="11.711771"><ele>43.5</ele></trkpt>
   <trkpt lat="52.576419" lon="11.714554"><ele>42.75</ele></trkpt>
   <trkpt lat="52.576439" lon="11.714662"><ele>42.25</ele></trkpt>
   <trkpt lat="52.576952" lon="11.717755"><ele>42.75</ele></trkpt>
   <trkpt lat="52.577381" lon="11.72033"><ele>39.75</ele></trkpt>
   <trkpt lat="52.577936" lon="11.723884"><ele>39.25</ele></trkpt>
   <trkpt lat="52.578301" lon="11.726361"><ele>39.5</ele></trkpt>
   <trkpt lat="52.578599" lon="11.728402"><ele>39.75</ele></trkpt>
   <trkpt lat="52.578756" lon="11.729469"><ele>38.25</ele></trkpt>
   <trkpt lat="52.579109" lon="11.731886"><ele>38.25</ele></trkpt>
   <trkpt lat="52.579127" lon="11.732001"><ele>38.5</ele></trkpt>
   <trkpt lat="52.579628" lon="11.735421"><ele>37</ele></trkpt>
   <trkpt lat="52.58002" lon="11.73809"><ele>37.75</ele></trkpt>
   <trkpt lat="52.580404" lon="11.740734"><ele>36.25</ele></trkpt>
   <trkpt lat="52.580872" lon="11.743905"><ele>36.75</ele></trkpt>
   <trkpt lat="52.581205" lon="11.74619"><ele>36.75</ele></trkpt>
   <trkpt lat="52.58126" lon="11.746579"><ele>36.25</ele></trkpt>
   <trkpt lat="52.58138" lon="11.747356"><ele>36.75</ele></trkpt>
   <trkpt lat="52.581445" lon="11.747802"><ele>37</ele></trkpt>
   <trkpt lat="52.58166" lon="11.749273"><ele>36.75</ele></trkpt>
   <trkpt lat="52.582052" lon="11.75198"><ele>36.5</ele></trkpt>
   <trkpt lat="52.582849" lon="11.757408"><ele>35.5</ele></trkpt>
   <trkpt lat="52.582898" lon="11.757757"><ele>35.75</ele></trkpt>
   <trkpt lat="52.585463" lon="11.775221"><ele>33.5</ele></trkpt>
   <trkpt lat="52.587112" lon="11.78654"><ele>34</ele></trkpt>
   <trkpt lat="52.587191" lon="11.787134"><ele>34</ele></trkpt>
   <trkpt lat="52.587477" lon="11.789571"><ele>34</ele></trkpt>
   <trkpt lat="52.588405" lon="11.79776"><ele>33</ele></trkpt>
   <trkpt lat="52.589094" lon="11.803882"><ele>33</ele></trkpt>
   <trkpt lat="52.589133" lon="11.804241"><ele>33.75</ele></trkpt>
   <trkpt lat="52.58916" lon="11.804483"><ele>33.75</ele></trkpt>
   <trkpt lat="52.590045" lon="11.812297"><ele>34</ele></trkpt>
   <trkpt lat="52.590112" lon="11.812877"><ele>34</ele></trkpt>
   <trkpt lat="52.590247" lon="11.813895"><ele>34.75</ele></trkpt>
   <trkpt lat="52.590466" lon="11.815341"><ele>34.25</ele></trkpt>
   <trkpt lat="52.59086" lon="11.81793"><ele>35.25</ele></trkpt>
   <trkpt lat="52.59113" lon="11.81972"><ele>35.25</ele></trkpt>
   <trkpt lat="52.591155" lon="11.819878"><ele>35.75</ele></trkpt>
   <trkpt lat="52.591337" lon="11.821069"><ele>35</ele></trkpt>
   <trkpt lat="52.591373" lon="11.8213"><ele>34</ele></trkpt>
   <trkpt lat="52.591869" lon="11.824649"><ele>36.5</ele></trkpt>
   <trkpt lat="52.591947" lon="11.825251"><ele>34</ele></trkpt>
   <trkpt lat="52.591982" lon="11.825576"><ele>37.5</ele></trkpt>
   <trkpt lat="52.592048" lon="11.826201"><ele>38</ele></trkpt>
   <trkpt lat="52.592482" lon="11.83104"><ele>35.75</ele></trkpt>
   <trkpt lat="52.592732" lon="11.833962"><ele>34.75</ele></trkpt>
   <trkpt lat="52.592755" lon="11.834215"><ele>34.75</ele></trkpt>
   <trkpt lat="52.592801" lon="11.834637"><ele>34.75</ele></trkpt>
   <trkpt lat="52.592902" lon="11.835319"><ele>33.5</ele></trkpt>
   <trkpt lat="52.592978" lon="11.835914"><ele>33.25</ele></trkpt>
   <trkpt lat="52.59304" lon="11.836585"><ele>34</ele></trkpt>
   <trkpt lat="52.593125" lon="11.837464"><ele>34</ele></trkpt>
   <trkpt lat="52.593254" lon="11.838913"><ele>34</ele></trkpt>
   <trkpt lat="52.593529" lon="11.841988"><ele>33</ele></trkpt>
   <trkpt lat="52.593537" lon="11.842073"><ele>33</ele></trkpt>
   <trkpt lat="52.593629" lon="11.843071"><ele>33</ele></trkpt>
   <trkpt lat="52.593679" lon="11.843594"><ele>33</ele></trkpt>
   <trkpt lat="52.593729" lon="11.84435"><ele>33</ele></trkpt>
   <trkpt lat="52.59375" lon="11.844764"><ele>33</ele></trkpt>
   <trkpt lat="52.593811" lon="11.845731"><ele>33</ele></trkpt>
   <trkpt lat="52.593831" lon="11.84594"><ele>33</ele></trkpt>
   <trkpt lat="52.593933" lon="11.84694"><ele>33</ele></trkpt>
   <trkpt lat="52.594026" lon="11.847848"><ele>33</ele></trkpt>
   <trkpt lat="52.594253" lon="11.849788"><ele>33</ele></trkpt>
   <trkpt lat="52.594556" lon="11.852446"><ele>33</ele></trkpt>
   <trkpt lat="52.594559" lon="11.852472"><ele>33</ele></trkpt>
   <trkpt lat="52.59457" lon="11.852566"><ele>33</ele></trkpt>
   <trkpt lat="52.594576" lon="11.85263"><ele>33</ele></trkpt>
   <trkpt lat="52.594613" lon="11.852972"><ele>33.5</ele></trkpt>
   <trkpt lat="52.594797" lon="11.854691"><ele>33.25</ele></trkpt>
   <trkpt lat="52.594979" lon="11.856262"><ele>33.25</ele></trkpt>
   <trkpt lat="52.595038" lon="11.856743"><ele>33</ele></trkpt>
   <trkpt lat="52.595062" lon="11.856969"><ele>33</ele></trkpt>
   <trkpt lat="52.59507" lon="11.857049"><ele>33.25</ele></trkpt>
   <trkpt lat="52.595158" lon="11.857876"><ele>33.5</ele></trkpt>
   <trkpt lat="52.595227" lon="11.858759"><ele>33</ele></trkpt>
   <trkpt lat="52.595245" lon="11.859108"><ele>33</ele></trkpt>
   <trkpt lat="52.595288" lon="11.85987"><ele>33</ele></trkpt>
   <trkpt lat="52.595356" lon="11.861352"><ele>33</ele></trkpt>
   <trkpt lat="52.595389" lon="11.861897"><ele>33</ele></trkpt>
   <trkpt lat="52.595421" lon="11.862677"><ele>33</ele></trkpt>
   <trkpt lat="52.595569" lon="11.865673"><ele>33</ele></trkpt>
   <trkpt lat="52.595615" lon="11.866603"><ele>33</ele></trkpt>
   <trkpt lat="52.595677" lon="11.867873"><ele>32.5</ele></trkpt>
   <trkpt lat="52.595713" lon="11.868584"><ele>32.5</ele></trkpt>
   <trkpt lat="52.595745" lon="11.869629"><ele>32.5</ele></trkpt>
   <trkpt lat="52.595752" lon="11.870115"><ele>32.5</ele></trkpt>
   <trkpt lat="52.595789" lon="11.872899"><ele>32</ele></trkpt>
   <trkpt lat="52.59579" lon="11.873152"><ele>32</ele></trkpt>
   <trkpt lat="52.5958" lon="11.873786"><ele>32</ele></trkpt>
   <trkpt lat="52.595851" lon="11.876369"><ele>32</ele></trkpt>
   <trkpt lat="52.59587" lon="11.877815"><ele>32</ele></trkpt>
   <trkpt lat="52.595892" lon="11.8794"><ele>31.75</ele></trkpt>
   <trkpt lat="52.595896" lon="11.880337"><ele>31.5</ele></trkpt>
   <trkpt lat="52.595899" lon="11.881256"><ele>31.75</ele></trkpt>
   <trkpt lat="52.595899" lon="11.881271"><ele>31.75</ele></trkpt>
   <trkpt lat="52.595899" lon="11.881291"><ele>31.75</ele></trkpt>
   <trkpt lat="52.595904" lon="11.882838"><ele>32</ele></trkpt>
   <trkpt lat="52.595916" lon="11.886211"><ele>31</ele></trkpt>
   <trkpt lat="52.595926" lon="11.888852"><ele>31</ele></trkpt>
   <trkpt lat="52.595935" lon="11.891669"><ele>31</ele></trkpt>
   <trkpt lat="52.59595" lon="11.894753"><ele>31</ele></trkpt>
   <trkpt lat="52.595959" lon="11.896933"><ele>30.25</ele></trkpt>
   <trkpt lat="52.595963" lon="11.897839"><ele>31</ele></trkpt>
   <trkpt lat="52.595964" lon="11.898066"><ele>31</ele></trkpt>
   <trkpt lat="52.595973" lon="11.900793"><ele>31</ele></trkpt>
   <trkpt lat="52.595984" lon="11.903469"><ele>32</ele></trkpt>
   <trkpt lat="52.595987" lon="11.904794"><ele>32</ele></trkpt>
   <trkpt lat="52.595993" lon="11.906119"><ele>32</ele></trkpt>
   <trkpt lat="52.596004" lon="11.909409"><ele>32</ele></trkpt>
   <trkpt lat="52.596014" lon="11.912529"><ele>32</ele></trkpt>
   <trkpt lat="52.596014" lon="11.91268"><ele>32</ele></trkpt>
   <trkpt lat="52.596025" lon="11.914828"><ele>32</ele></trkpt>
   <trkpt lat="52.596025" lon="11.915075"><ele>32</ele></trkpt>
   <trkpt lat="52.596026" lon="11.915562"><ele>32</ele></trkpt>
   <trkpt lat="52.596038" lon="11.918435"><ele>32</ele></trkpt>
   <trkpt lat="52.596083" lon="11.932562"><ele>32</ele></trkpt>
   <trkpt lat="52.596133" lon="11.935158"><ele>32</ele></trkpt>
   <trkpt lat="52.596146" lon="11.938491"><ele>32.25</ele></trkpt>
   <trkpt lat="52.596155" lon="11.940656"><ele>33.5</ele></trkpt>
   <trkpt lat="52.59617" lon="11.94144"><ele>33.5</ele></trkpt>
   <trkpt lat="52.596189" lon="11.942062"><ele>34.25</ele></trkpt>
   <trkpt lat="52.596206" lon="11.942624"><ele>36.25</ele></trkpt>
   <trkpt lat="52.596215" lon="11.942754"><ele>36</ele></trkpt>
   <trkpt lat="52.596295" lon="11.944171"><ele>34</ele></trkpt>
   <trkpt lat="52.596395" lon="11.945257"><ele>32.75</ele></trkpt>
   <trkpt lat="52.596646" lon="11.94774"><ele>32.75</ele></trkpt>
   <trkpt lat="52.597184" lon="11.953001"><ele>33.5</ele></trkpt>
   <trkpt lat="52.597195" lon="11.953114"><ele>33.75</ele></trkpt>
   <trkpt lat="52.597694" lon="11.958025"><ele>35.75</ele></trkpt>
   <trkpt lat="52.597838" lon="11.959425"><ele>36.5</ele></trkpt>
   <trkpt lat="52.598734" lon="11.968207"><ele>38.75</ele></trkpt>
   <trkpt lat="52.598959" lon="11.970361"><ele>38</ele></trkpt>
   <trkpt lat="52.599089" lon="11.97159"><ele>38</ele></trkpt>
   <trkpt lat="52.599778" lon="11.97839"><ele>38</ele></trkpt>
   <trkpt lat="52.599893" lon="11.97991"><ele>38</ele></trkpt>
   <trkpt lat="52.599954" lon="11.981444"><ele>37.75</ele></trkpt>
   <trkpt lat="52.599976" lon="11.982675"><ele>37.75</ele></trkpt>
   <trkpt lat="52.599966" lon="11.984066"><ele>38.75</ele></trkpt>
   <trkpt lat="52.599908" lon="11.985643"><ele>38</ele></trkpt>
   <trkpt lat="52.599891" lon="11.985936"><ele>38.25</ele></trkpt>
   <trkpt lat="52.599809" lon="11.987011"><ele>39</ele></trkpt>
   <trkpt lat="52.599653" lon="11.988586"><ele>38.5</ele></trkpt>
   <trkpt lat="52.599551" lon="11.989392"><ele>38.25</ele></trkpt>
   <trkpt lat="52.599405" lon="11.990379"><ele>38.75</ele></trkpt>
   <trkpt lat="52.599297" lon="11.991037"><ele>39.5</ele></trkpt>
   <trkpt lat="52.599225" lon="11.991438"><ele>39.75</ele></trkpt>
   <trkpt lat="52.598676" lon="11.994263"><ele>39.75</ele></trkpt>
   <trkpt lat="52.598479" lon="11.99526"><ele>39.5</ele></trkpt>
   <trkpt lat="52.597593" lon="11.999738"><ele>39.5</ele></trkpt>
   <trkpt lat="52.597263" lon="12.001446"><ele>39.25</ele></trkpt>
   <trkpt lat="52.596146" lon="12.007125"><ele>39.25</ele></trkpt>
   <trkpt lat="52.595916" lon="12.008328"><ele>39.25</ele></trkpt>
   <trkpt lat="52.595365" lon="12.011408"><ele>37.25</ele></trkpt>
   <trkpt lat="52.595277" lon="12.011899"><ele>38.75</ele></trkpt>
   <trkpt lat="52.594911" lon="12.013807"><ele>36.75</ele></trkpt>
   <trkpt lat="52.594523" lon="12.015767"><ele>34</ele></trkpt>
   <trkpt lat="52.594295" lon="12.016933"><ele>35.75</ele></trkpt>
   <trkpt lat="52.593836" lon="12.019282"><ele>35.75</ele></trkpt>
   <trkpt lat="52.593299" lon="12.021984"><ele>34.75</ele></trkpt>
   <trkpt lat="52.593189" lon="12.022539"><ele>33.5</ele></trkpt>
   <trkpt lat="52.592259" lon="12.027261"><ele>34.75</ele></trkpt>
   <trkpt lat="52.591998" lon="12.028672"><ele>34</ele></trkpt>
   <trkpt lat="52.591804" lon="12.029823"><ele>32.75</ele></trkpt>
   <trkpt lat="52.591654" lon="12.030866"><ele>33.75</ele></trkpt>
   <trkpt lat="52.591482" lon="12.032195"><ele>32.5</ele></trkpt>
   <trkpt lat="52.591333" lon="12.03353"><ele>33.5</ele></trkpt>
   <trkpt lat="52.591312" lon="12.03376"><ele>33.25</ele></trkpt>
   <trkpt lat="52.591243" lon="12.034503"><ele>32.25</ele></trkpt>
   <trkpt lat="52.591202" lon="12.035584"><ele>32.5</ele></trkpt>
   <trkpt lat="52.591187" lon="12.035964"><ele>33</ele></trkpt>
   <trkpt lat="52.591105" lon="12.037446"><ele>33.75</ele></trkpt>
   <trkpt lat="52.591013" lon="12.038957"><ele>33</ele></trkpt>
   <trkpt lat="52.590762" lon="12.043416"><ele>33</ele></trkpt>
   <trkpt lat="52.590467" lon="12.048305"><ele>33</ele></trkpt>
   <trkpt lat="52.590415" lon="12.049164"><ele>32</ele></trkpt>
   <trkpt lat="52.590388" lon="12.04963"><ele>32.25</ele></trkpt>
   <trkpt lat="52.590355" lon="12.050028"><ele>32.75</ele></trkpt>
   <trkpt lat="52.590298" lon="12.05057"><ele>32.75</ele></trkpt>
   <trkpt lat="52.590251" lon="12.051108"><ele>32.75</ele></trkpt>
   <trkpt lat="52.590204" lon="12.052125"><ele>32.25</ele></trkpt>
   <trkpt lat="52.59016" lon="12.053559"><ele>31.5</ele></trkpt>
   <trkpt lat="52.590158" lon="12.053626"><ele>31.5</ele></trkpt>
   <trkpt lat="52.590155" lon="12.053801"><ele>31.5</ele></trkpt>
   <trkpt lat="52.590153" lon="12.053917"><ele>31.5</ele></trkpt>
   <trkpt lat="52.590145" lon="12.05512"><ele>31.5</ele></trkpt>
   <trkpt lat="52.590164" lon="12.056508"><ele>31</ele></trkpt>
   <trkpt lat="52.590196" lon="12.058779"><ele>31.5</ele></trkpt>
   <trkpt lat="52.590196" lon="12.059347"><ele>31.5</ele></trkpt>
   <trkpt lat="52.590201" lon="12.060354"><ele>32</ele></trkpt>
   <trkpt lat="52.590207" lon="12.0632"><ele>31.5</ele></trkpt>
   <trkpt lat="52.590213" lon="12.066152"><ele>31</ele></trkpt>
   <trkpt lat="52.590218" lon="12.069085"><ele>30.75</ele></trkpt>
   <trkpt lat="52.590225" lon="12.072057"><ele>30</ele></trkpt>
   <trkpt lat="52.590229" lon="12.074086"><ele>30</ele></trkpt>
   <trkpt lat="52.590231" lon="12.074732"><ele>29.75</ele></trkpt>
   <trkpt lat="52.590237" lon="12.077706"><ele>30</ele></trkpt>
   <trkpt lat="52.590247" lon="12.081243"><ele>30</ele></trkpt>
   <trkpt lat="52.590255" lon="12.083896"><ele>30.75</ele></trkpt>
   <trkpt lat="52.590266" lon="12.086558"><ele>30.75</ele></trkpt>
   <trkpt lat="52.590264" lon="12.088624"><ele>30</ele></trkpt>
   <trkpt lat="52.590265" lon="12.088893"><ele>30.75</ele></trkpt>
   <trkpt lat="52.590268" lon="12.089944"><ele>30.75</ele></trkpt>
   <trkpt lat="52.590276" lon="12.092688"><ele>30.75</ele></trkpt>
   <trkpt lat="52.590281" lon="12.094599"><ele>29.75</ele></trkpt>
   <trkpt lat="52.590282" lon="12.094874"><ele>30</ele></trkpt>
   <trkpt lat="52.590283" lon="12.095478"><ele>30.75</ele></trkpt>
   <trkpt lat="52.59029" lon="12.098265"><ele>30.5</ele></trkpt>
   <trkpt lat="52.590298" lon="12.10189"><ele>30.75</ele></trkpt>
   <trkpt lat="52.590304" lon="12.104396"><ele>30.75</ele></trkpt>
   <trkpt lat="52.590306" lon="12.105069"><ele>29.75</ele></trkpt>
   <trkpt lat="52.590306" lon="12.105281"><ele>30</ele></trkpt>
   <trkpt lat="52.59031" lon="12.107141"><ele>30.5</ele></trkpt>
   <trkpt lat="52.59031" lon="12.10728"><ele>30.5</ele></trkpt>
   <trkpt lat="52.590316" lon="12.110157"><ele>30.5</ele></trkpt>
   <trkpt lat="52.590323" lon="12.113034"><ele>30.5</ele></trkpt>
   <trkpt lat="52.590326" lon="12.114371"><ele>30</ele></trkpt>
   <trkpt lat="52.590326" lon="12.11463"><ele>30.5</ele></trkpt>
   <trkpt lat="52.59033" lon="12.116427"><ele>30.5</ele></trkpt>
   <trkpt lat="52.590336" lon="12.119039"><ele>30.75</ele></trkpt>
   <trkpt lat="52.590341" lon="12.121984"><ele>31.5</ele></trkpt>
   <trkpt lat="52.590346" lon="12.124245"><ele>32</ele></trkpt>
   <trkpt lat="52.590348" lon="12.124957"><ele>32</ele></trkpt>
   <trkpt lat="52.590349" lon="12.125595"><ele>32</ele></trkpt>
   <trkpt lat="52.59035" lon="12.12646"><ele>33</ele></trkpt>
   <trkpt lat="52.59035" lon="12.126487"><ele>33</ele></trkpt>
   <trkpt lat="52.59035" lon="12.126548"><ele>33</ele></trkpt>
   <trkpt lat="52.590353" lon="12.128136"><ele>34</ele></trkpt>
   <trkpt lat="52.590358" lon="12.131221"><ele>34</ele></trkpt>
   <trkpt lat="52.590373" lon="12.139934"><ele>36</ele></trkpt>
   <trkpt lat="52.590384" lon="12.142533"><ele>36</ele></trkpt>
   <trkpt lat="52.590387" lon="12.148103"><ele>37</ele></trkpt>
   <trkpt lat="52.590388" lon="12.148236"><ele>37</ele></trkpt>
   <trkpt lat="52.590388" lon="12.148508"><ele>37</ele></trkpt>
   <trkpt lat="52.590388" lon="12.148737"><ele>37</ele></trkpt>
   <trkpt lat="52.590392" lon="12.150035"><ele>36.25</ele></trkpt>
   <trkpt lat="52.590394" lon="12.151424"><ele>39</ele></trkpt>
   <trkpt lat="52.590398" lon="12.153744"><ele>39</ele></trkpt>
   <trkpt lat="52.5904" lon="12.155024"><ele>39</ele></trkpt>
   <trkpt lat="52.590406" lon="12.157522"><ele>40</ele></trkpt>
   <trkpt lat="52.590411" lon="12.160265"><ele>40</ele></trkpt>
   <trkpt lat="52.590418" lon="12.163979"><ele>41.25</ele></trkpt>
   <trkpt lat="52.590423" lon="12.166771"><ele>41.5</ele></trkpt>
   <trkpt lat="52.590426" lon="12.168441"><ele>41.25</ele></trkpt>
   <trkpt lat="52.590428" lon="12.169474"><ele>41.25</ele></trkpt>
   <trkpt lat="52.590432" lon="12.171981"><ele>41.25</ele></trkpt>
   <trkpt lat="52.590438" lon="12.174765"><ele>41.5</ele></trkpt>
   <trkpt lat="52.590444" lon="12.178483"><ele>40</ele></trkpt>
   <trkpt lat="52.590449" lon="12.181284"><ele>40</ele></trkpt>
   <trkpt lat="52.590453" lon="12.183784"><ele>38.75</ele></trkpt>
   <trkpt lat="52.590459" lon="12.187415"><ele>38.25</ele></trkpt>
   <trkpt lat="52.590464" lon="12.190206"><ele>37.25</ele></trkpt>
   <trkpt lat="52.590468" lon="12.19299"><ele>37</ele></trkpt>
   <trkpt lat="52.590473" lon="12.195741"><ele>36.5</ele></trkpt>
   <trkpt lat="52.590476" lon="12.197261"><ele>36.75</ele></trkpt>
   <trkpt lat="52.590479" lon="12.199129"><ele>36.25</ele></trkpt>
   <trkpt lat="52.590482" lon="12.201655"><ele>36.25</ele></trkpt>
   <trkpt lat="52.590488" lon="12.20512"><ele>35.25</ele></trkpt>
   <trkpt lat="52.590491" lon="12.207777"><ele>34.75</ele></trkpt>
   <trkpt lat="52.590496" lon="12.21028"><ele>34.25</ele></trkpt>
   <trkpt lat="52.590489" lon="12.212017"><ele>34.5</ele></trkpt>
   <trkpt lat="52.590466" lon="12.213848"><ele>34</ele></trkpt>
   <trkpt lat="52.590446" lon="12.215014"><ele>34</ele></trkpt>
   <trkpt lat="52.59043" lon="12.216446"><ele>34.5</ele></trkpt>
   <trkpt lat="52.59043" lon="12.216512"><ele>34.5</ele></trkpt>
   <trkpt lat="52.590436" lon="12.216897"><ele>34.5</ele></trkpt>
   <trkpt lat="52.590482" lon="12.218"><ele>33.75</ele></trkpt>
   <trkpt lat="52.5905" lon="12.218645"><ele>33.75</ele></trkpt>
   <trkpt lat="52.590505" lon="12.220597"><ele>34.75</ele></trkpt>
   <trkpt lat="52.590512" lon="12.223991"><ele>35</ele></trkpt>
   <trkpt lat="52.590502" lon="12.225734"><ele>34</ele></trkpt>
   <trkpt lat="52.59051" lon="12.232363"><ele>35</ele></trkpt>
   <trkpt lat="52.59051" lon="12.23349"><ele>34.75</ele></trkpt>
   <trkpt lat="52.590501" lon="12.233783"><ele>34.25</ele></trkpt>
   <trkpt lat="52.590475" lon="12.234293"><ele>33.75</ele></trkpt>
   <trkpt lat="52.590467" lon="12.234868"><ele>33.25</ele></trkpt>
   <trkpt lat="52.590468" lon="12.234929"><ele>33.25</ele></trkpt>
   <trkpt lat="52.590476" lon="12.235553"><ele>33.25</ele></trkpt>
   <trkpt lat="52.59051" lon="12.237448"><ele>34.25</ele></trkpt>
   <trkpt lat="52.590527" lon="12.238693"><ele>33.5</ele></trkpt>
   <trkpt lat="52.590537" lon="12.240515"><ele>34.5</ele></trkpt>
   <trkpt lat="52.590539" lon="12.242997"><ele>33.75</ele></trkpt>
   <trkpt lat="52.590542" lon="12.24614"><ele>35</ele></trkpt>
   <trkpt lat="52.590545" lon="12.249164"><ele>35</ele></trkpt>
   <trkpt lat="52.590547" lon="12.250779"><ele>34.25</ele></trkpt>
   <trkpt lat="52.590543" lon="12.251521"><ele>34.25</ele></trkpt>
   <trkpt lat="52.590537" lon="12.2544"><ele>34.5</ele></trkpt>
   <trkpt lat="52.590538" lon="12.254551"><ele>34.5</ele></trkpt>
   <trkpt lat="52.590554" lon="12.257932"><ele>34</ele></trkpt>
   <trkpt lat="52.590557" lon="12.260879"><ele>33</ele></trkpt>
   <trkpt lat="52.59056" lon="12.264131"><ele>32.75</ele></trkpt>
   <trkpt lat="52.590565" lon="12.265852"><ele>32.75</ele></trkpt>
   <trkpt lat="52.590575" lon="12.266785"><ele>31.75</ele></trkpt>
   <trkpt lat="52.590625" lon="12.269527"><ele>30.5</ele></trkpt>
   <trkpt lat="52.590683" lon="12.272626"><ele>30.25</ele></trkpt>
   <trkpt lat="52.590737" lon="12.275531"><ele>29.25</ele></trkpt>
   <trkpt lat="52.590791" lon="12.278481"><ele>29.75</ele></trkpt>
   <trkpt lat="52.590849" lon="12.281653"><ele>29.75</ele></trkpt>
   <trkpt lat="52.590897" lon="12.284261"><ele>28.75</ele></trkpt>
   <trkpt lat="52.590946" lon="12.286919"><ele>28.75</ele></trkpt>
   <trkpt lat="52.591009" lon="12.290353"><ele>29.5</ele></trkpt>
   <trkpt lat="52.591112" lon="12.296001"><ele>29</ele></trkpt>
   <trkpt lat="52.591176" lon="12.299544"><ele>29.25</ele></trkpt>
   <trkpt lat="52.591225" lon="12.302198"><ele>28.5</ele></trkpt>
   <trkpt lat="52.591272" lon="12.304753"><ele>29.25</ele></trkpt>
   <trkpt lat="52.591325" lon="12.307702"><ele>30.75</ele></trkpt>
   <trkpt lat="52.59136" lon="12.309561"><ele>31</ele></trkpt>
   <trkpt lat="52.591406" lon="12.311081"><ele>30.75</ele></trkpt>
   <trkpt lat="52.591436" lon="12.31173"><ele>30.5</ele></trkpt>
   <trkpt lat="52.591495" lon="12.312739"><ele>31.25</ele></trkpt>
   <trkpt lat="52.591594" lon="12.314027"><ele>32</ele></trkpt>
   <trkpt lat="52.59166" lon="12.31476"><ele>31.75</ele></trkpt>
   <trkpt lat="52.591754" lon="12.315661"><ele>32</ele></trkpt>
   <trkpt lat="52.591826" lon="12.316291"><ele>32.5</ele></trkpt>
   <trkpt lat="52.591905" lon="12.316917"><ele>32.75</ele></trkpt>
   <trkpt lat="52.592094" lon="12.318256"><ele>33</ele></trkpt>
   <trkpt lat="52.592251" lon="12.319242"><ele>32.75</ele></trkpt>
   <trkpt lat="52.592344" lon="12.319785"><ele>33.25</ele></trkpt>
   <trkpt lat="52.592603" lon="12.321186"><ele>33</ele></trkpt>
   <trkpt lat="52.59287" lon="12.322602"><ele>33</ele></trkpt>
   <trkpt lat="52.592894" lon="12.322728"><ele>31.75</ele></trkpt>
   <trkpt lat="52.593226" lon="12.324483"><ele>27</ele></trkpt>
   <trkpt lat="52.593474" lon="12.325793"><ele>27.75</ele></trkpt>
   <trkpt lat="52.593538" lon="12.326133"><ele>33</ele></trkpt>
   <trkpt lat="52.593938" lon="12.328244"><ele>33</ele></trkpt>
   <trkpt lat="52.594185" lon="12.32951"><ele>32.5</ele></trkpt>
   <trkpt lat="52.594509" lon="12.331041"><ele>32.25</ele></trkpt>
   <trkpt lat="52.595111" lon="12.333828"><ele>33.5</ele></trkpt>
   <trkpt lat="52.595884" lon="12.337255"><ele>31</ele></trkpt>
   <trkpt lat="52.5959" lon="12.337328"><ele>31</ele></trkpt>
   <trkpt lat="52.596351" lon="12.339413"><ele>30.75</ele></trkpt>
   <trkpt lat="52.596744" lon="12.341238"><ele>30</ele></trkpt>
   <trkpt lat="52.596982" lon="12.342333"><ele>30</ele></trkpt>
   <trkpt lat="52.597175" lon="12.343227"><ele>30</ele></trkpt>
   <trkpt lat="52.597194" lon="12.343316"><ele>30</ele></trkpt>
   <trkpt lat="52.597207" lon="12.343375"><ele>30</ele></trkpt>
   <trkpt lat="52.597209" lon="12.343387"><ele>30</ele></trkpt>
   <trkpt lat="52.597226" lon="12.343463"><ele>29.75</ele></trkpt>
   <trkpt lat="52.597291" lon="12.343801"><ele>29.75</ele></trkpt>
   <trkpt lat="52.597455" lon="12.344717"><ele>29.75</ele></trkpt>
   <trkpt lat="52.597533" lon="12.345104"><ele>29.25</ele></trkpt>
   <trkpt lat="52.597572" lon="12.345288"><ele>29.75</ele></trkpt>
   <trkpt lat="52.597738" lon="12.346224"><ele>29.25</ele></trkpt>
   <trkpt lat="52.597833" lon="12.346731"><ele>29.25</ele></trkpt>
   <trkpt lat="52.597909" lon="12.347095"><ele>29.25</ele></trkpt>
   <trkpt lat="52.597927" lon="12.347186"><ele>29</ele></trkpt>
   <trkpt lat="52.598001" lon="12.347607"><ele>29.25</ele></trkpt>
   <trkpt lat="52.598092" lon="12.348264"><ele>29</ele></trkpt>
   <trkpt lat="52.598325" lon="12.349953"><ele>29</ele></trkpt>
   <trkpt lat="52.598403" lon="12.350436"><ele>29.25</ele></trkpt>
   <trkpt lat="52.598504" lon="12.350924"><ele>29.5</ele></trkpt>
   <trkpt lat="52.59861" lon="12.351383"><ele>29</ele></trkpt>
   <trkpt lat="52.598625" lon="12.351446"><ele>29</ele></trkpt>
   <trkpt lat="52.598698" lon="12.351776"><ele>29</ele></trkpt>
   <trkpt lat="52.598832" lon="12.35256"><ele>29</ele></trkpt>
   <trkpt lat="52.598944" lon="12.353246"><ele>29</ele></trkpt>
   <trkpt lat="52.599048" lon="12.353871"><ele>29.25</ele></trkpt>
   <trkpt lat="52.599112" lon="12.354187"><ele>29</ele></trkpt>
   <trkpt lat="52.599293" lon="12.354959"><ele>29</ele></trkpt>
   <trkpt lat="52.599326" lon="12.355097"><ele>29</ele></trkpt>
   <trkpt lat="52.599401" lon="12.355419"><ele>29.25</ele></trkpt>
   <trkpt lat="52.59965" lon="12.35647"><ele>29</ele></trkpt>
   <trkpt lat="52.599741" lon="12.356858"><ele>28.75</ele></trkpt>
   <trkpt lat="52.599764" lon="12.356955"><ele>29</ele></trkpt>
   <trkpt lat="52.60004" lon="12.358116"><ele>29</ele></trkpt>
   <trkpt lat="52.600161" lon="12.358542"><ele>29</ele></trkpt>
   <trkpt lat="52.600317" lon="12.359058"><ele>29</ele></trkpt>
   <trkpt lat="52.600467" lon="12.3596"><ele>29</ele></trkpt>
   <trkpt lat="52.600603" lon="12.36017"><ele>29.5</ele></trkpt>
   <trkpt lat="52.600726" lon="12.360774"><ele>29.25</ele></trkpt>
   <trkpt lat="52.600966" lon="12.362203"><ele>27.75</ele></trkpt>
   <trkpt lat="52.601167" lon="12.363537"><ele>28</ele></trkpt>
   <trkpt lat="52.601179" lon="12.363651"><ele>28</ele></trkpt>
   <trkpt lat="52.601205" lon="12.36389"><ele>28.25</ele></trkpt>
   <trkpt lat="52.601273" lon="12.364596"><ele>28.75</ele></trkpt>
   <trkpt lat="52.601376" lon="12.36571"><ele>29</ele></trkpt>
   <trkpt lat="52.601442" lon="12.366564"><ele>28</ele></trkpt>
   <trkpt lat="52.601497" lon="12.367432"><ele>28.25</ele></trkpt>
   <trkpt lat="52.601542" lon="12.368402"><ele>28.5</ele></trkpt>
   <trkpt lat="52.601571" lon="12.369164"><ele>28.5</ele></trkpt>
   <trkpt lat="52.601594" lon="12.370088"><ele>29.5</ele></trkpt>
   <trkpt lat="52.60161" lon="12.371643"><ele>28.75</ele></trkpt>
   <trkpt lat="52.601619" lon="12.372044"><ele>28</ele></trkpt>
   <trkpt lat="52.601652" lon="12.372792"><ele>28</ele></trkpt>
   <trkpt lat="52.601666" lon="12.373335"><ele>28</ele></trkpt>
   <trkpt lat="52.601667" lon="12.373447"><ele>28.25</ele></trkpt>
   <trkpt lat="52.601668" lon="12.373522"><ele>28.5</ele></trkpt>
   <trkpt lat="52.601669" lon="12.373639"><ele>28.75</ele></trkpt>
   <trkpt lat="52.601671" lon="12.373861"><ele>28.75</ele></trkpt>
   <trkpt lat="52.601684" lon="12.375678"><ele>29</ele></trkpt>
   <trkpt lat="52.601686" lon="12.376046"><ele>29.25</ele></trkpt>
   <trkpt lat="52.601684" lon="12.378878"><ele>29</ele></trkpt>
   <trkpt lat="52.601682" lon="12.379912"><ele>29</ele></trkpt>
   <trkpt lat="52.601695" lon="12.382096"><ele>28.75</ele></trkpt>
   <trkpt lat="52.601727" lon="12.385485"><ele>28.75</ele></trkpt>
   <trkpt lat="52.601748" lon="12.387748"><ele>28.5</ele></trkpt>
   <trkpt lat="52.601786" lon="12.392228"><ele>29.25</ele></trkpt>
   <trkpt lat="52.6018" lon="12.39362"><ele>28.25</ele></trkpt>
   <trkpt lat="52.601804" lon="12.394224"><ele>28.25</ele></trkpt>
   <trkpt lat="52.601817" lon="12.396146"><ele>29.5</ele></trkpt>
   <trkpt lat="52.601815" lon="12.397131"><ele>29</ele></trkpt>
   <trkpt lat="52.601825" lon="12.400517"><ele>29</ele></trkpt>
   <trkpt lat="52.60183" lon="12.40275"><ele>29</ele></trkpt>
   <trkpt lat="52.601835" lon="12.406107"><ele>29</ele></trkpt>
   <trkpt lat="52.601842" lon="12.408362"><ele>29.5</ele></trkpt>
   <trkpt lat="52.601852" lon="12.411517"><ele>29</ele></trkpt>
   <trkpt lat="52.601853" lon="12.412027"><ele>28.5</ele></trkpt>
   <trkpt lat="52.601853" lon="12.414437"><ele>28.5</ele></trkpt>
   <trkpt lat="52.601863" lon="12.417818"><ele>29.5</ele></trkpt>
   <trkpt lat="52.601865" lon="12.420061"><ele>29</ele></trkpt>
   <trkpt lat="52.601874" lon="12.423319"><ele>29</ele></trkpt>
   <trkpt lat="52.601879" lon="12.426221"><ele>29.75</ele></trkpt>
   <trkpt lat="52.601884" lon="12.426773"><ele>29.25</ele></trkpt>
   <trkpt lat="52.601922" lon="12.428899"><ele>29</ele></trkpt>
   <trkpt lat="52.601923" lon="12.428999"><ele>29</ele></trkpt>
   <trkpt lat="52.601933" lon="12.42949"><ele>28.75</ele></trkpt>
   <trkpt lat="52.601955" lon="12.430666"><ele>29</ele></trkpt>
   <trkpt lat="52.601956" lon="12.43201"><ele>29</ele></trkpt>
   <trkpt lat="52.601954" lon="12.432262"><ele>29</ele></trkpt>
   <trkpt lat="52.601952" lon="12.432519"><ele>29</ele></trkpt>
   <trkpt lat="52.601921" lon="12.435568"><ele>29</ele></trkpt>
   <trkpt lat="52.601906" lon="12.437323"><ele>28.75</ele></trkpt>
   <trkpt lat="52.601901" lon="12.43821"><ele>28.75</ele></trkpt>
   <trkpt lat="52.601902" lon="12.439806"><ele>28.75</ele></trkpt>
   <trkpt lat="52.601904" lon="12.440998"><ele>28.75</ele></trkpt>
   <trkpt lat="52.601905" lon="12.441421"><ele>28.75</ele></trkpt>
   <trkpt lat="52.601909" lon="12.443953"><ele>29</ele></trkpt>
   <trkpt lat="52.601914" lon="12.446846"><ele>29</ele></trkpt>
   <trkpt lat="52.60192" lon="12.449617"><ele>29</ele></trkpt>
   <trkpt lat="52.601926" lon="12.452865"><ele>29</ele></trkpt>
   <trkpt lat="52.601931" lon="12.456187"><ele>28.75</ele></trkpt>
   <trkpt lat="52.601936" lon="12.458511"><ele>29</ele></trkpt>
   <trkpt lat="52.601936" lon="12.459359"><ele>29</ele></trkpt>
   <trkpt lat="52.601939" lon="12.461571"><ele>28.75</ele></trkpt>
   <trkpt lat="52.601938" lon="12.463786"><ele>28.75</ele></trkpt>
   <trkpt lat="52.601927" lon="12.464732"><ele>28.75</ele></trkpt>
   <trkpt lat="52.601894" lon="12.466116"><ele>28.75</ele></trkpt>
   <trkpt lat="52.601843" lon="12.467501"><ele>28</ele></trkpt>
   <trkpt lat="52.601793" lon="12.468531"><ele>28</ele></trkpt>
   <trkpt lat="52.601744" lon="12.469426"><ele>28</ele></trkpt>
   <trkpt lat="52.601671" lon="12.470736"><ele>29.75</ele></trkpt>
   <trkpt lat="52.601549" lon="12.47294"><ele>28</ele></trkpt>
   <trkpt lat="52.601366" lon="12.476241"><ele>29.75</ele></trkpt>
   <trkpt lat="52.601182" lon="12.479548"><ele>29.25</ele></trkpt>
   <trkpt lat="52.601021" lon="12.482444"><ele>29.75</ele></trkpt>
   <trkpt lat="52.600919" lon="12.484276"><ele>30.5</ele></trkpt>
   <trkpt lat="52.600846" lon="12.485591"><ele>32</ele></trkpt>
   <trkpt lat="52.600692" lon="12.488354"><ele>32.5</ele></trkpt>
   <trkpt lat="52.600517" lon="12.491491"><ele>34</ele></trkpt>
   <trkpt lat="52.600512" lon="12.491594"><ele>34.25</ele></trkpt>
   <trkpt lat="52.60036" lon="12.494307"><ele>35.5</ele></trkpt>
   <trkpt lat="52.600332" lon="12.49482"><ele>34.75</ele></trkpt>
   <trkpt lat="52.600204" lon="12.497102"><ele>35</ele></trkpt>
   <trkpt lat="52.600115" lon="12.498699"><ele>35.25</ele></trkpt>
   <trkpt lat="52.600049" lon="12.499875"><ele>34</ele></trkpt>
   <trkpt lat="52.600013" lon="12.50055"><ele>33</ele></trkpt>
   <trkpt lat="52.599948" lon="12.501692"><ele>33.5</ele></trkpt>
   <trkpt lat="52.599851" lon="12.503432"><ele>33.5</ele></trkpt>
   <trkpt lat="52.599745" lon="12.50533"><ele>33</ele></trkpt>
   <trkpt lat="52.599733" lon="12.505537"><ele>33</ele></trkpt>
   <trkpt lat="52.599556" lon="12.508695"><ele>33</ele></trkpt>
   <trkpt lat="52.59936" lon="12.512221"><ele>31.25</ele></trkpt>
   <trkpt lat="52.599321" lon="12.512903"><ele>30.25</ele></trkpt>
   <trkpt lat="52.599195" lon="12.515161"><ele>32.5</ele></trkpt>
   <trkpt lat="52.599149" lon="12.515944"><ele>32.25</ele></trkpt>
   <trkpt lat="52.599075" lon="12.517183"><ele>30.25</ele></trkpt>
   <trkpt lat="52.599053" lon="12.517536"><ele>29.5</ele></trkpt>
   <trkpt lat="52.599041" lon="12.517724"><ele>29.5</ele></trkpt>
   <trkpt lat="52.598848" lon="12.520859"><ele>30.5</ele></trkpt>
   <trkpt lat="52.598676" lon="12.523675"><ele>29</ele></trkpt>
   <trkpt lat="52.598647" lon="12.524147"><ele>29</ele></trkpt>
   <trkpt lat="52.598474" lon="12.526981"><ele>29</ele></trkpt>
   <trkpt lat="52.5983" lon="12.529828"><ele>29.75</ele></trkpt>
   <trkpt lat="52.598112" lon="12.532898"><ele>28.5</ele></trkpt>
   <trkpt lat="52.597945" lon="12.535622"><ele>29.25</ele></trkpt>
   <trkpt lat="52.597789" lon="12.538156"><ele>29</ele></trkpt>
   <trkpt lat="52.597715" lon="12.539357"><ele>28.75</ele></trkpt>
   <trkpt lat="52.597595" lon="12.541308"><ele>28.25</ele></trkpt>
   <trkpt lat="52.597399" lon="12.544502"><ele>28</ele></trkpt>
   <trkpt lat="52.597396" lon="12.544551"><ele>28</ele></trkpt>
   <trkpt lat="52.597383" lon="12.54477"><ele>28.25</ele></trkpt>
   <trkpt lat="52.597233" lon="12.547217"><ele>28.75</ele></trkpt>
   <trkpt lat="52.597083" lon="12.549658"><ele>30.5</ele></trkpt>
   <trkpt lat="52.59707" lon="12.54986"><ele>30</ele></trkpt>
   <trkpt lat="52.596857" lon="12.553354"><ele>29.75</ele></trkpt>
   <trkpt lat="52.596696" lon="12.555969"><ele>29</ele></trkpt>
   <trkpt lat="52.596533" lon="12.55861"><ele>30.25</ele></trkpt>
   <trkpt lat="52.596329" lon="12.561958"><ele>29.75</ele></trkpt>
   <trkpt lat="52.596181" lon="12.564369"><ele>28.75</ele></trkpt>
   <trkpt lat="52.596168" lon="12.564573"><ele>28.25</ele></trkpt>
   <trkpt lat="52.59606" lon="12.566332"><ele>29.5</ele></trkpt>
   <trkpt lat="52.596005" lon="12.567215"><ele>29.5</ele></trkpt>
   <trkpt lat="52.59579" lon="12.570708"><ele>28.75</ele></trkpt>
   <trkpt lat="52.595782" lon="12.570821"><ele>28.5</ele></trkpt>
   <trkpt lat="52.595769" lon="12.571023"><ele>28.5</ele></trkpt>
   <trkpt lat="52.59563" lon="12.573324"><ele>28</ele></trkpt>
   <trkpt lat="52.595607" lon="12.57369"><ele>28</ele></trkpt>
   <trkpt lat="52.595413" lon="12.576844"><ele>31</ele></trkpt>
   <trkpt lat="52.595252" lon="12.579459"><ele>29</ele></trkpt>
   <trkpt lat="52.595091" lon="12.582072"><ele>29.5</ele></trkpt>
   <trkpt lat="52.594875" lon="12.585596"><ele>30</ele></trkpt>
   <trkpt lat="52.594792" lon="12.586941"><ele>28.75</ele></trkpt>
   <trkpt lat="52.594782" lon="12.587098"><ele>28.75</ele></trkpt>
   <trkpt lat="52.594716" lon="12.58818"><ele>29</ele></trkpt>
   <trkpt lat="52.594555" lon="12.590793"><ele>29.75</ele></trkpt>
   <trkpt lat="52.594336" lon="12.594347"><ele>30.25</ele></trkpt>
   <trkpt lat="52.594176" lon="12.596958"><ele>29</ele></trkpt>
   <trkpt lat="52.594013" lon="12.599603"><ele>29</ele></trkpt>
   <trkpt lat="52.593997" lon="12.599867"><ele>28.25</ele></trkpt>
   <trkpt lat="52.593985" lon="12.60007"><ele>28.25</ele></trkpt>
   <trkpt lat="52.593919" lon="12.601132"><ele>28</ele></trkpt>
   <trkpt lat="52.593798" lon="12.603097"><ele>29.5</ele></trkpt>
   <trkpt lat="52.593637" lon="12.605712"><ele>28.75</ele></trkpt>
   <trkpt lat="52.593474" lon="12.608352"><ele>30</ele></trkpt>
   <trkpt lat="52.593259" lon="12.611848"><ele>30</ele></trkpt>
   <trkpt lat="52.593098" lon="12.614461"><ele>28.75</ele></trkpt>
   <trkpt lat="52.592934" lon="12.617103"><ele>30.75</ele></trkpt>
   <trkpt lat="52.59284" lon="12.618641"><ele>28.75</ele></trkpt>
   <trkpt lat="52.592717" lon="12.620598"><ele>30.25</ele></trkpt>
   <trkpt lat="52.592578" lon="12.62285"><ele>29.5</ele></trkpt>
   <trkpt lat="52.592563" lon="12.623094"><ele>30</ele></trkpt>
   <trkpt lat="52.592422" lon="12.625349"><ele>31</ele></trkpt>
   <trkpt lat="52.592403" lon="12.625641"><ele>30.75</ele></trkpt>
   <trkpt lat="52.59235" lon="12.626499"><ele>30.25</ele></trkpt>
   <trkpt lat="52.592243" lon="12.628213"><ele>30.75</ele></trkpt>
   <trkpt lat="52.592163" lon="12.629493"><ele>31</ele></trkpt>
   <trkpt lat="52.592069" lon="12.631005"><ele>30</ele></trkpt>
   <trkpt lat="52.592001" lon="12.632092"><ele>30.75</ele></trkpt>
   <trkpt lat="52.591978" lon="12.632465"><ele>30.75</ele></trkpt>
   <trkpt lat="52.591895" lon="12.633791"><ele>31.25</ele></trkpt>
   <trkpt lat="52.591814" lon="12.635096"><ele>31</ele></trkpt>
   <trkpt lat="52.591756" lon="12.636191"><ele>30.5</ele></trkpt>
   <trkpt lat="52.591701" lon="12.637531"><ele>31</ele></trkpt>
   <trkpt lat="52.591675" lon="12.638414"><ele>31.75</ele></trkpt>
   <trkpt lat="52.591601" lon="12.641157"><ele>32</ele></trkpt>
   <trkpt lat="52.591535" lon="12.643614"><ele>32</ele></trkpt>
   <trkpt lat="52.591512" lon="12.644448"><ele>31.25</ele></trkpt>
   <trkpt lat="52.591439" lon="12.6472"><ele>32</ele></trkpt>
   <trkpt lat="52.591433" lon="12.647421"><ele>32</ele></trkpt>
   <trkpt lat="52.591381" lon="12.649366"><ele>33.5</ele></trkpt>
   <trkpt lat="52.591302" lon="12.65229"><ele>32.5</ele></trkpt>
   <trkpt lat="52.591295" lon="12.652553"><ele>32.5</ele></trkpt>
   <trkpt lat="52.591221" lon="12.655322"><ele>33</ele></trkpt>
   <trkpt lat="52.591133" lon="12.658566"><ele>33.75</ele></trkpt>
   <trkpt lat="52.591044" lon="12.661883"><ele>35</ele></trkpt>
   <trkpt lat="52.590983" lon="12.664155"><ele>36.5</ele></trkpt>
   <trkpt lat="52.590959" lon="12.665052"><ele>38.5</ele></trkpt>
   <trkpt lat="52.590901" lon="12.667263"><ele>38.25</ele></trkpt>
   <trkpt lat="52.590821" lon="12.670279"><ele>38</ele></trkpt>
   <trkpt lat="52.590815" lon="12.670507"><ele>38</ele></trkpt>
   <trkpt lat="52.590786" lon="12.671734"><ele>38</ele></trkpt>
   <trkpt lat="52.590761" lon="12.67316"><ele>39.75</ele></trkpt>
   <trkpt lat="52.590712" lon="12.676642"><ele>39</ele></trkpt>
   <trkpt lat="52.590705" lon="12.677093"><ele>38.25</ele></trkpt>
   <trkpt lat="52.590702" lon="12.677318"><ele>38.5</ele></trkpt>
   <trkpt lat="52.590697" lon="12.677568"><ele>39</ele></trkpt>
   <trkpt lat="52.590681" lon="12.678825"><ele>39</ele></trkpt>
   <trkpt lat="52.590648" lon="12.680786"><ele>38.75</ele></trkpt>
   <trkpt lat="52.59061" lon="12.68242"><ele>39.5</ele></trkpt>
   <trkpt lat="52.590601" lon="12.68282"><ele>39.5</ele></trkpt>
   <trkpt lat="52.590558" lon="12.684419"><ele>39.75</ele></trkpt>
   <trkpt lat="52.590539" lon="12.685178"><ele>39.75</ele></trkpt>
   <trkpt lat="52.590501" lon="12.686629"><ele>40.75</ele></trkpt>
   <trkpt lat="52.590475" lon="12.687593"><ele>41</ele></trkpt>
   <trkpt lat="52.590457" lon="12.688275"><ele>40.75</ele></trkpt>
   <trkpt lat="52.590386" lon="12.691014"><ele>41.75</ele></trkpt>
   <trkpt lat="52.590313" lon="12.693758"><ele>42.25</ele></trkpt>
   <trkpt lat="52.590218" lon="12.69734"><ele>42.25</ele></trkpt>
   <trkpt lat="52.590156" lon="12.699697"><ele>43.25</ele></trkpt>
   <trkpt lat="52.590074" lon="12.702793"><ele>43.5</ele></trkpt>
   <trkpt lat="52.590069" lon="12.702995"><ele>44</ele></trkpt>
   <trkpt lat="52.590002" lon="12.705535"><ele>44</ele></trkpt>
   <trkpt lat="52.589908" lon="12.709073"><ele>44</ele></trkpt>
   <trkpt lat="52.589841" lon="12.711592"><ele>43.5</ele></trkpt>
   <trkpt lat="52.589758" lon="12.71469"><ele>42.75</ele></trkpt>
   <trkpt lat="52.589672" lon="12.717931"><ele>42.75</ele></trkpt>
   <trkpt lat="52.589601" lon="12.720628"><ele>42.75</ele></trkpt>
   <trkpt lat="52.589528" lon="12.723326"><ele>42.25</ele></trkpt>
   <trkpt lat="52.589432" lon="12.72691"><ele>41</ele></trkpt>
   <trkpt lat="52.589354" lon="12.729859"><ele>40</ele></trkpt>
   <trkpt lat="52.589286" lon="12.732364"><ele>40.5</ele></trkpt>
   <trkpt lat="52.589195" lon="12.735059"><ele>39.75</ele></trkpt>
   <trkpt lat="52.589112" lon="12.736823"><ele>39.25</ele></trkpt>
   <trkpt lat="52.589058" lon="12.737746"><ele>37.5</ele></trkpt>
   <trkpt lat="52.588995" lon="12.738672"><ele>37.25</ele></trkpt>
   <trkpt lat="52.588911" lon="12.739757"><ele>38</ele></trkpt>
   <trkpt lat="52.588873" lon="12.740214"><ele>38.25</ele></trkpt>
   <trkpt lat="52.588791" lon="12.741124"><ele>37.75</ele></trkpt>
   <trkpt lat="52.588718" lon="12.741854"><ele>39</ele></trkpt>
   <trkpt lat="52.588641" lon="12.74258"><ele>40</ele></trkpt>
   <trkpt lat="52.588472" lon="12.744028"><ele>39</ele></trkpt>
   <trkpt lat="52.588469" lon="12.744052"><ele>39</ele></trkpt>
   <trkpt lat="52.588263" lon="12.745611"><ele>39.75</ele></trkpt>
   <trkpt lat="52.588132" lon="12.746515"><ele>40</ele></trkpt>
   <trkpt lat="52.587993" lon="12.747416"><ele>39.25</ele></trkpt>
   <trkpt lat="52.58779" lon="12.748651"><ele>39.75</ele></trkpt>
   <trkpt lat="52.587554" lon="12.749972"><ele>39.25</ele></trkpt>
   <trkpt lat="52.58731" lon="12.751237"><ele>38.5</ele></trkpt>
   <trkpt lat="52.587043" lon="12.752535"><ele>39.5</ele></trkpt>
   <trkpt lat="52.586852" lon="12.75341"><ele>39.25</ele></trkpt>
   <trkpt lat="52.586461" lon="12.75511"><ele>39.5</ele></trkpt>
   <trkpt lat="52.5858" lon="12.75785"><ele>39.75</ele></trkpt>
   <trkpt lat="52.585059" lon="12.760857"><ele>40</ele></trkpt>
   <trkpt lat="52.584434" lon="12.763403"><ele>39.75</ele></trkpt>
   <trkpt lat="52.583644" lon="12.76662"><ele>40</ele></trkpt>
   <trkpt lat="52.583072" lon="12.768945"><ele>40</ele></trkpt>
   <trkpt lat="52.582392" lon="12.771676"><ele>40</ele></trkpt>
   <trkpt lat="52.581606" lon="12.7748"><ele>40</ele></trkpt>
   <trkpt lat="52.580978" lon="12.777328"><ele>40</ele></trkpt>
   <trkpt lat="52.580342" lon="12.779911"><ele>39.5</ele></trkpt>
   <trkpt lat="52.579804" lon="12.7821"><ele>40</ele></trkpt>
   <trkpt lat="52.578962" lon="12.78552"><ele>39.5</ele></trkpt>
   <trkpt lat="52.578239" lon="12.788459"><ele>39</ele></trkpt>
   <trkpt lat="52.577701" lon="12.790647"><ele>39.25</ele></trkpt>
   <trkpt lat="52.576898" lon="12.793908"><ele>39.5</ele></trkpt>
   <trkpt lat="52.576225" lon="12.796641"><ele>39</ele></trkpt>
   <trkpt lat="52.575553" lon="12.799373"><ele>40</ele></trkpt>
   <trkpt lat="52.57501" lon="12.801576"><ele>39.5</ele></trkpt>
   <trkpt lat="52.573565" lon="12.807443"><ele>40</ele></trkpt>
   <trkpt lat="52.573396" lon="12.808128"><ele>40</ele></trkpt>
   <trkpt lat="52.572892" lon="12.810177"><ele>40</ele></trkpt>
   <trkpt lat="52.57289" lon="12.810187"><ele>40</ele></trkpt>
   <trkpt lat="52.572326" lon="12.812474"><ele>40.25</ele></trkpt>
   <trkpt lat="52.571498" lon="12.815838"><ele>41</ele></trkpt>
   <trkpt lat="52.570915" lon="12.818203"><ele>40.75</ele></trkpt>
   <trkpt lat="52.57014" lon="12.821349"><ele>40.5</ele></trkpt>
   <trkpt lat="52.569466" lon="12.824083"><ele>41</ele></trkpt>
   <trkpt lat="52.568893" lon="12.826407"><ele>41.75</ele></trkpt>
   <trkpt lat="52.568268" lon="12.828948"><ele>41.25</ele></trkpt>
   <trkpt lat="52.567417" lon="12.832392"><ele>41.25</ele></trkpt>
   <trkpt lat="52.566834" lon="12.834759"><ele>41.25</ele></trkpt>
   <trkpt lat="52.56616" lon="12.837493"><ele>42.75</ele></trkpt>
   <trkpt lat="52.565408" lon="12.84054"><ele>43.5</ele></trkpt>
   <trkpt lat="52.564771" lon="12.843124"><ele>44</ele></trkpt>
   <trkpt lat="52.564165" lon="12.845582"><ele>45</ele></trkpt>
   <trkpt lat="52.563456" lon="12.848454"><ele>44.5</ele></trkpt>
   <trkpt lat="52.562727" lon="12.851409"><ele>45.25</ele></trkpt>
   <trkpt lat="52.562148" lon="12.853758"><ele>45.75</ele></trkpt>
   <trkpt lat="52.561378" lon="12.856875"><ele>45.75</ele></trkpt>
   <trkpt lat="52.560802" lon="12.859213"><ele>46.25</ele></trkpt>
   <trkpt lat="52.560128" lon="12.861945"><ele>45.75</ele></trkpt>
   <trkpt lat="52.559341" lon="12.865129"><ele>44.75</ele></trkpt>
   <trkpt lat="52.559133" lon="12.865976"><ele>45</ele></trkpt>
   <trkpt lat="52.558743" lon="12.867549"><ele>44.5</ele></trkpt>
   <trkpt lat="52.558738" lon="12.867571"><ele>44.5</ele></trkpt>
   <trkpt lat="52.558346" lon="12.869194"><ele>44</ele></trkpt>
   <trkpt lat="52.558153" lon="12.870018"><ele>44.25</ele></trkpt>
   <trkpt lat="52.557989" lon="12.870722"><ele>44</ele></trkpt>
   <trkpt lat="52.557836" lon="12.871415"><ele>43.25</ele></trkpt>
   <trkpt lat="52.557683" lon="12.87211"><ele>44</ele></trkpt>
   <trkpt lat="52.557538" lon="12.872808"><ele>43</ele></trkpt>
   <trkpt lat="52.55726" lon="12.87421"><ele>42.75</ele></trkpt>
   <trkpt lat="52.557128" lon="12.874915"><ele>42</ele></trkpt>
   <trkpt lat="52.557002" lon="12.875623"><ele>41.75</ele></trkpt>
   <trkpt lat="52.556879" lon="12.876333"><ele>41.75</ele></trkpt>
   <trkpt lat="52.556739" lon="12.877189"><ele>40.25</ele></trkpt>
   <trkpt lat="52.556603" lon="12.878074"><ele>41.25</ele></trkpt>
   <trkpt lat="52.556472" lon="12.878978"><ele>39.5</ele></trkpt>
   <trkpt lat="52.55635" lon="12.879871"><ele>42</ele></trkpt>
   <trkpt lat="52.556234" lon="12.880782"><ele>39</ele></trkpt>
   <trkpt lat="52.556129" lon="12.881678"><ele>41.75</ele></trkpt>
   <trkpt lat="52.556028" lon="12.882595"><ele>41.25</ele></trkpt>
   <trkpt lat="52.555936" lon="12.88351"><ele>40.5</ele></trkpt>
   <trkpt lat="52.555856" lon="12.884386"><ele>41.5</ele></trkpt>
   <trkpt lat="52.555733" lon="12.885847"><ele>41.75</ele></trkpt>
   <trkpt lat="52.555623" lon="12.88731"><ele>41</ele></trkpt>
   <trkpt lat="52.555381" lon="12.890768"><ele>41</ele></trkpt>
   <trkpt lat="52.555189" lon="12.893538"><ele>40.25</ele></trkpt>
   <trkpt lat="52.554998" lon="12.896304"><ele>39.75</ele></trkpt>
   <trkpt lat="52.554978" lon="12.896588"><ele>39.75</ele></trkpt>
   <trkpt lat="52.554952" lon="12.896949"><ele>39.75</ele></trkpt>
   <trkpt lat="52.55462" lon="12.901753"><ele>39.75</ele></trkpt>
   <trkpt lat="52.554375" lon="12.905283"><ele>39</ele></trkpt>
   <trkpt lat="52.55421" lon="12.907657"><ele>38</ele></trkpt>
   <trkpt lat="52.553999" lon="12.91069"><ele>38</ele></trkpt>
   <trkpt lat="52.553802" lon="12.913548"><ele>37</ele></trkpt>
   <trkpt lat="52.553787" lon="12.913764"><ele>37</ele></trkpt>
   <trkpt lat="52.553573" lon="12.916844"><ele>36</ele></trkpt>
   <trkpt lat="52.553443" lon="12.918718"><ele>34.25</ele></trkpt>
   <trkpt lat="52.553403" lon="12.91929"><ele>34.75</ele></trkpt>
   <trkpt lat="52.553194" lon="12.922309"><ele>34</ele></trkpt>
   <trkpt lat="52.553168" lon="12.92267"><ele>34.25</ele></trkpt>
   <trkpt lat="52.553081" lon="12.923921"><ele>34.75</ele></trkpt>
   <trkpt lat="52.553077" lon="12.923986"><ele>34.75</ele></trkpt>
   <trkpt lat="52.553011" lon="12.924781"><ele>35</ele></trkpt>
   <trkpt lat="52.552828" lon="12.9264"><ele>34.75</ele></trkpt>
   <trkpt lat="52.552744" lon="12.927354"><ele>35</ele></trkpt>
   <trkpt lat="52.552653" lon="12.928661"><ele>34.75</ele></trkpt>
   <trkpt lat="52.552468" lon="12.931324"><ele>34</ele></trkpt>
   <trkpt lat="52.55245" lon="12.931596"><ele>34</ele></trkpt>
   <trkpt lat="52.552402" lon="12.932278"><ele>34.25</ele></trkpt>
   <trkpt lat="52.552236" lon="12.934661"><ele>34</ele></trkpt>
   <trkpt lat="52.552056" lon="12.937263"><ele>33.5</ele></trkpt>
   <trkpt lat="52.552037" lon="12.937542"><ele>33.5</ele></trkpt>
   <trkpt lat="52.552033" lon="12.937593"><ele>33.5</ele></trkpt>
   <trkpt lat="52.552004" lon="12.938006"><ele>33.75</ele></trkpt>
   <trkpt lat="52.551969" lon="12.938503"><ele>33.75</ele></trkpt>
   <trkpt lat="52.551893" lon="12.939593"><ele>33</ele></trkpt>
   <trkpt lat="52.551808" lon="12.940823"><ele>33</ele></trkpt>
   <trkpt lat="52.551784" lon="12.941165"><ele>33</ele></trkpt>
   <trkpt lat="52.551654" lon="12.943025"><ele>33</ele></trkpt>
   <trkpt lat="52.551586" lon="12.944065"><ele>33</ele></trkpt>
   <trkpt lat="52.551585" lon="12.944082"><ele>33</ele></trkpt>
   <trkpt lat="52.551488" lon="12.945872"><ele>32.5</ele></trkpt>
   <trkpt lat="52.551474" lon="12.946154"><ele>33</ele></trkpt>
   <trkpt lat="52.551435" lon="12.946925"><ele>32.75</ele></trkpt>
   <trkpt lat="52.551429" lon="12.947041"><ele>32.75</ele></trkpt>
   <trkpt lat="52.551352" lon="12.948447"><ele>33.75</ele></trkpt>
   <trkpt lat="52.551296" lon="12.949336"><ele>34.5</ele></trkpt>
   <trkpt lat="52.551174" lon="12.951071"><ele>30.5</ele></trkpt>
   <trkpt lat="52.551157" lon="12.951311"><ele>32.25</ele></trkpt>
   <trkpt lat="52.551117" lon="12.951892"><ele>35.75</ele></trkpt>
   <trkpt lat="52.551102" lon="12.952118"><ele>35.75</ele></trkpt>
   <trkpt lat="52.550945" lon="12.954368"><ele>34.5</ele></trkpt>
   <trkpt lat="52.550933" lon="12.954527"><ele>33</ele></trkpt>
   <trkpt lat="52.550843" lon="12.955832"><ele>36.5</ele></trkpt>
   <trkpt lat="52.550701" lon="12.957873"><ele>35.75</ele></trkpt>
   <trkpt lat="52.550694" lon="12.957972"><ele>35.5</ele></trkpt>
   <trkpt lat="52.550655" lon="12.958532"><ele>35.25</ele></trkpt>
   <trkpt lat="52.550651" lon="12.958577"><ele>35.25</ele></trkpt>
   <trkpt lat="52.55062" lon="12.958959"><ele>34.75</ele></trkpt>
   <trkpt lat="52.550585" lon="12.959321"><ele>34.75</ele></trkpt>
   <trkpt lat="52.550491" lon="12.960092"><ele>34.5</ele></trkpt>
   <trkpt lat="52.550391" lon="12.961036"><ele>34.25</ele></trkpt>
   <trkpt lat="52.550345" lon="12.961622"><ele>34.75</ele></trkpt>
   <trkpt lat="52.550314" lon="12.962126"><ele>34.75</ele></trkpt>
   <trkpt lat="52.550232" lon="12.962959"><ele>35.75</ele></trkpt>
   <trkpt lat="52.549956" lon="12.965595"><ele>36.25</ele></trkpt>
   <trkpt lat="52.54989" lon="12.966166"><ele>35.5</ele></trkpt>
   <trkpt lat="52.549832" lon="12.966634"><ele>36.25</ele></trkpt>
   <trkpt lat="52.549704" lon="12.96751"><ele>37.75</ele></trkpt>
   <trkpt lat="52.54944" lon="12.969131"><ele>38</ele></trkpt>
   <trkpt lat="52.549351" lon="12.96974"><ele>35.75</ele></trkpt>
   <trkpt lat="52.549317" lon="12.969979"><ele>36.25</ele></trkpt>
   <trkpt lat="52.549153" lon="12.97118"><ele>38.5</ele></trkpt>
   <trkpt lat="52.549032" lon="12.97219"><ele>34.75</ele></trkpt>
   <trkpt lat="52.548981" lon="12.972703"><ele>36</ele></trkpt>
   <trkpt lat="52.548932" lon="12.973221"><ele>38.75</ele></trkpt>
   <trkpt lat="52.548877" lon="12.973933"><ele>39.5</ele></trkpt>
   <trkpt lat="52.548832" lon="12.974649"><ele>38</ele></trkpt>
   <trkpt lat="52.548794" lon="12.975457"><ele>32.75</ele></trkpt>
   <trkpt lat="52.548784" lon="12.975708"><ele>33.25</ele></trkpt>
   <trkpt lat="52.548773" lon="12.976113"><ele>36</ele></trkpt>
   <trkpt lat="52.548763" lon="12.976557"><ele>36</ele></trkpt>
   <trkpt lat="52.548751" lon="12.977603"><ele>36</ele></trkpt>
   <trkpt lat="52.54873" lon="12.978541"><ele>35</ele></trkpt>
   <trkpt lat="52.548711" lon="12.979047"><ele>35</ele></trkpt>
   <trkpt lat="52.548656" lon="12.980082"><ele>37.75</ele></trkpt>
   <trkpt lat="52.54858" lon="12.981102"><ele>37.5</ele></trkpt>
   <trkpt lat="52.548377" lon="12.983133"><ele>37.25</ele></trkpt>
   <trkpt lat="52.548335" lon="12.983603"><ele>37.75</ele></trkpt>
   <trkpt lat="52.548225" lon="12.985182"><ele>34.75</ele></trkpt>
   <trkpt lat="52.547822" lon="12.991286"><ele>35</ele></trkpt>
   <trkpt lat="52.547608" lon="12.994499"><ele>33</ele></trkpt>
   <trkpt lat="52.547592" lon="12.994741"><ele>33.25</ele></trkpt>
   <trkpt lat="52.547539" lon="12.995529"><ele>33</ele></trkpt>
   <trkpt lat="52.547525" lon="12.996195"><ele>33</ele></trkpt>
   <trkpt lat="52.547527" lon="12.996766"><ele>32.75</ele></trkpt>
   <trkpt lat="52.547514" lon="12.997344"><ele>32</ele></trkpt>
   <trkpt lat="52.547445" lon="12.9983"><ele>32</ele></trkpt>
   <trkpt lat="52.547428" lon="12.998532"><ele>32</ele></trkpt>
   <trkpt lat="52.547408" lon="12.99882"><ele>32</ele></trkpt>
   <trkpt lat="52.54728" lon="13.000642"><ele>32.25</ele></trkpt>
   <trkpt lat="52.547163" lon="13.002352"><ele>32</ele></trkpt>
   <trkpt lat="52.547143" lon="13.002885"><ele>32</ele></trkpt>
   <trkpt lat="52.54714" lon="13.003301"><ele>32</ele></trkpt>
   <trkpt lat="52.54714" lon="13.0043"><ele>32</ele></trkpt>
   <trkpt lat="52.547139" lon="13.004961"><ele>32</ele></trkpt>
   <trkpt lat="52.547125" lon="13.005377"><ele>32</ele></trkpt>
   <trkpt lat="52.54705" lon="13.006453"><ele>32</ele></trkpt>
   <trkpt lat="52.546445" lon="13.015201"><ele>32</ele></trkpt>
   <trkpt lat="52.546391" lon="13.015982"><ele>31.75</ele></trkpt>
   <trkpt lat="52.546346" lon="13.016302"><ele>32</ele></trkpt>
   <trkpt lat="52.546291" lon="13.016768"><ele>32.5</ele></trkpt>
   <trkpt lat="52.546279" lon="13.016929"><ele>32.75</ele></trkpt>
   <trkpt lat="52.546226" lon="13.017434"><ele>33.5</ele></trkpt>
   <trkpt lat="52.546041" lon="13.018869"><ele>33</ele></trkpt>
   <trkpt lat="52.546005" lon="13.019204"><ele>33</ele></trkpt>
   <trkpt lat="52.545971" lon="13.019674"><ele>33</ele></trkpt>
   <trkpt lat="52.545971" lon="13.020129"><ele>32.5</ele></trkpt>
   <trkpt lat="52.54597" lon="13.020865"><ele>32.5</ele></trkpt>
   <trkpt lat="52.545969" lon="13.021248"><ele>32.5</ele></trkpt>
   <trkpt lat="52.545961" lon="13.021505"><ele>32.5</ele></trkpt>
   <trkpt lat="52.545952" lon="13.021707"><ele>32.5</ele></trkpt>
   <trkpt lat="52.545906" lon="13.022366"><ele>32.5</ele></trkpt>
   <trkpt lat="52.545359" lon="13.030187"><ele>32.5</ele></trkpt>
   <trkpt lat="52.545297" lon="13.031095"><ele>32</ele></trkpt>
   <trkpt lat="52.545295" lon="13.031824"><ele>32</ele></trkpt>
   <trkpt lat="52.545295" lon="13.031889"><ele>32</ele></trkpt>
   <trkpt lat="52.545295" lon="13.031906"><ele>32</ele></trkpt>
   <trkpt lat="52.545294" lon="13.032687"><ele>32</ele></trkpt>
   <trkpt lat="52.545294" lon="13.032825"><ele>32</ele></trkpt>
   <trkpt lat="52.545293" lon="13.032911"><ele>32</ele></trkpt>
   <trkpt lat="52.545294" lon="13.033474"><ele>32</ele></trkpt>
   <trkpt lat="52.545278" lon="13.033932"><ele>32</ele></trkpt>
   <trkpt lat="52.545272" lon="13.03402"><ele>31.75</ele></trkpt>
   <trkpt lat="52.545211" lon="13.034899"><ele>31.75</ele></trkpt>
   <trkpt lat="52.545148" lon="13.035802"><ele>31.75</ele></trkpt>
   <trkpt lat="52.545133" lon="13.036021"><ele>32</ele></trkpt>
   <trkpt lat="52.545024" lon="13.037591"><ele>32</ele></trkpt>
   <trkpt lat="52.544985" lon="13.038157"><ele>31.75</ele></trkpt>
   <trkpt lat="52.544812" lon="13.040668"><ele>32</ele></trkpt>
   <trkpt lat="52.544777" lon="13.041166"><ele>32</ele></trkpt>
   <trkpt lat="52.544574" lon="13.044095"><ele>32.5</ele></trkpt>
   <trkpt lat="52.544147" lon="13.050275"><ele>32</ele></trkpt>
   <trkpt lat="52.543955" lon="13.053027"><ele>32</ele></trkpt>
   <trkpt lat="52.543814" lon="13.055053"><ele>32.25</ele></trkpt>
   <trkpt lat="52.543768" lon="13.055734"><ele>32.5</ele></trkpt>
   <trkpt lat="52.543634" lon="13.057658"><ele>31.5</ele></trkpt>
   <trkpt lat="52.543563" lon="13.058665"><ele>32</ele></trkpt>
   <trkpt lat="52.543561" lon="13.058692"><ele>32</ele></trkpt>
   <trkpt lat="52.543338" lon="13.061928"><ele>32</ele></trkpt>
   <trkpt lat="52.542929" lon="13.067815"><ele>31.5</ele></trkpt>
   <trkpt lat="52.542752" lon="13.07035"><ele>31.75</ele></trkpt>
   <trkpt lat="52.542565" lon="13.07305"><ele>32</ele></trkpt>
   <trkpt lat="52.542549" lon="13.07328"><ele>32</ele></trkpt>
   <trkpt lat="52.54231" lon="13.076716"><ele>32</ele></trkpt>
   <trkpt lat="52.54212" lon="13.079445"><ele>32</ele></trkpt>
   <trkpt lat="52.541932" lon="13.082107"><ele>31.75</ele></trkpt>
   <trkpt lat="52.541708" lon="13.085028"><ele>32</ele></trkpt>
   <trkpt lat="52.541482" lon="13.087942"><ele>32</ele></trkpt>
   <trkpt lat="52.54147" lon="13.088095"><ele>31.75</ele></trkpt>
   <trkpt lat="52.541237" lon="13.091098"><ele>32</ele></trkpt>
   <trkpt lat="52.54107" lon="13.093173"><ele>32</ele></trkpt>
   <trkpt lat="52.541059" lon="13.093321"><ele>32</ele></trkpt>
   <trkpt lat="52.540979" lon="13.094357"><ele>32</ele></trkpt>
   <trkpt lat="52.54083" lon="13.096269"><ele>32</ele></trkpt>
   <trkpt lat="52.540792" lon="13.096755"><ele>32</ele></trkpt>
   <trkpt lat="52.540746" lon="13.097353"><ele>32</ele></trkpt>
   <trkpt lat="52.540542" lon="13.100121"><ele>31.75</ele></trkpt>
   <trkpt lat="52.540347" lon="13.102901"><ele>32</ele></trkpt>
   <trkpt lat="52.540299" lon="13.103578"><ele>32</ele></trkpt>
   <trkpt lat="52.540158" lon="13.105596"><ele>32</ele></trkpt>
   <trkpt lat="52.539957" lon="13.108451"><ele>32</ele></trkpt>
   <trkpt lat="52.539916" lon="13.109035"><ele>32</ele></trkpt>
   <trkpt lat="52.539903" lon="13.109216"><ele>32</ele></trkpt>
   <trkpt lat="52.539802" lon="13.110651"><ele>32</ele></trkpt>
   <trkpt lat="52.539756" lon="13.11131"><ele>32</ele></trkpt>
   <trkpt lat="52.539604" lon="13.11347"><ele>32</ele></trkpt>
   <trkpt lat="52.539501" lon="13.114939"><ele>32</ele></trkpt>
   <trkpt lat="52.53942" lon="13.116077"><ele>32</ele></trkpt>
   <trkpt lat="52.539316" lon="13.117726"><ele>32</ele></trkpt>
   <trkpt lat="52.539158" lon="13.120614"><ele>32</ele></trkpt>
   <trkpt lat="52.539069" lon="13.122078"><ele>32</ele></trkpt>
   <trkpt lat="52.538968" lon="13.123543"><ele>32.25</ele></trkpt>
   <trkpt lat="52.538772" lon="13.126325"><ele>32</ele></trkpt>
   <trkpt lat="52.538619" lon="13.128481"><ele>32</ele></trkpt>
   <trkpt lat="52.538616" lon="13.128528"><ele>32</ele></trkpt>
   <trkpt lat="52.53857" lon="13.129207"><ele>32</ele></trkpt>
   <trkpt lat="52.538465" lon="13.130608"><ele>32</ele></trkpt>
   <trkpt lat="52.53837" lon="13.132005"><ele>32</ele></trkpt>
   <trkpt lat="52.538194" lon="13.134508"><ele>32</ele></trkpt>
   <trkpt lat="52.538063" lon="13.136213"><ele>32</ele></trkpt>
   <trkpt lat="52.537897" lon="13.138153"><ele>32.5</ele></trkpt>
   <trkpt lat="52.537774" lon="13.139644"><ele>32</ele></trkpt>
   <trkpt lat="52.537677" lon="13.140993"><ele>32.5</ele></trkpt>
   <trkpt lat="52.537655" lon="13.141325"><ele>32.25</ele></trkpt>
   <trkpt lat="52.537622" lon="13.141847"><ele>33</ele></trkpt>
   <trkpt lat="52.537596" lon="13.142261"><ele>32</ele></trkpt>
   <trkpt lat="52.537551" lon="13.14299"><ele>32.75</ele></trkpt>
   <trkpt lat="52.537445" lon="13.144933"><ele>32.75</ele></trkpt>
   <trkpt lat="52.537351" lon="13.146516"><ele>32.25</ele></trkpt>
   <trkpt lat="52.537225" lon="13.14862"><ele>32</ele></trkpt>
   <trkpt lat="52.537151" lon="13.149752"><ele>33</ele></trkpt>
   <trkpt lat="52.537147" lon="13.149817"><ele>33</ele></trkpt>
   <trkpt lat="52.537129" lon="13.1504"><ele>32.5</ele></trkpt>
   <trkpt lat="52.537138" lon="13.15142"><ele>32.75</ele></trkpt>
   <trkpt lat="52.537116" lon="13.151919"><ele>32.25</ele></trkpt>
   <trkpt lat="52.537111" lon="13.151995"><ele>32.5</ele></trkpt>
   <trkpt lat="52.537045" lon="13.153108"><ele>33</ele></trkpt>
   <trkpt lat="52.537023" lon="13.153635"><ele>32.25</ele></trkpt>
   <trkpt lat="52.53701" lon="13.154188"><ele>33</ele></trkpt>
   <trkpt lat="52.53701" lon="13.154505"><ele>33</ele></trkpt>
   <trkpt lat="52.537026" lon="13.155183"><ele>33</ele></trkpt>
   <trkpt lat="52.537058" lon="13.15575"><ele>33</ele></trkpt>
   <trkpt lat="52.537085" lon="13.156075"><ele>33</ele></trkpt>
   <trkpt lat="52.537116" lon="13.156399"><ele>32.75</ele></trkpt>
   <trkpt lat="52.537132" lon="13.156544"><ele>30.75</ele></trkpt>
   <trkpt lat="52.537187" lon="13.156976"><ele>33</ele></trkpt>
   <trkpt lat="52.537282" lon="13.157595"><ele>33.25</ele></trkpt>
   <trkpt lat="52.537352" lon="13.157977"><ele>32</ele></trkpt>
   <trkpt lat="52.537502" lon="13.158678"><ele>34.5</ele></trkpt>
   <trkpt lat="52.537678" lon="13.159391"><ele>33</ele></trkpt>
   <trkpt lat="52.537723" lon="13.159567"><ele>33.5</ele></trkpt>
   <trkpt lat="52.538215" lon="13.161457"><ele>33.5</ele></trkpt>
   <trkpt lat="52.538373" lon="13.1621"><ele>33.5</ele></trkpt>
   <trkpt lat="52.538503" lon="13.162667"><ele>32.75</ele></trkpt>
   <trkpt lat="52.538594" lon="13.163111"><ele>33</ele></trkpt>
   <trkpt lat="52.538661" lon="13.16347"><ele>34.25</ele></trkpt>
   <trkpt lat="52.538733" lon="13.163967"><ele>33.5</ele></trkpt>
   <trkpt lat="52.538799" lon="13.164431"><ele>33</ele></trkpt>
   <trkpt lat="52.538862" lon="13.16499"><ele>33.75</ele></trkpt>
   <trkpt lat="52.538913" lon="13.165638"><ele>34</ele></trkpt>
   <trkpt lat="52.53895" lon="13.166344"><ele>33.75</ele></trkpt>
   <trkpt lat="52.538964" lon="13.166853"><ele>34</ele></trkpt>
   <trkpt lat="52.53897" lon="13.167548"><ele>34.5</ele></trkpt>
   <trkpt lat="52.53896" lon="13.16813"><ele>34.75</ele></trkpt>
   <trkpt lat="52.538903" lon="13.169085"><ele>33</ele></trkpt>
   <trkpt lat="52.538855" lon="13.169668"><ele>33</ele></trkpt>
   <trkpt lat="52.538799" lon="13.170179"><ele>34.5</ele></trkpt>
   <trkpt lat="52.538674" lon="13.171147"><ele>32.75</ele></trkpt>
   <trkpt lat="52.538635" lon="13.17139"><ele>33.25</ele></trkpt>
   <trkpt lat="52.538277" lon="13.173645"><ele>34.75</ele></trkpt>
   <trkpt lat="52.538129" lon="13.174581"><ele>35</ele></trkpt>
   <trkpt lat="52.538004" lon="13.175368"><ele>36.25</ele></trkpt>
   <trkpt lat="52.537838" lon="13.176428"><ele>34.75</ele></trkpt>
   <trkpt lat="52.537807" lon="13.176618"><ele>35.5</ele></trkpt>
   <trkpt lat="52.537796" lon="13.176684"><ele>35.5</ele></trkpt>
   <trkpt lat="52.537702" lon="13.177277"><ele>35.75</ele></trkpt>
   <trkpt lat="52.537474" lon="13.178723"><ele>37.5</ele></trkpt>
   <trkpt lat="52.537363" lon="13.17941"><ele>36</ele></trkpt>
   <trkpt lat="52.537164" lon="13.180668"><ele>37.5</ele></trkpt>
   <trkpt lat="52.53714" lon="13.180816"><ele>36.75</ele></trkpt>
   <trkpt lat="52.537028" lon="13.181568"><ele>34.75</ele></trkpt>
   <trkpt lat="52.536952" lon="13.182156"><ele>35.5</ele></trkpt>
   <trkpt lat="52.53683" lon="13.182977"><ele>35.75</ele></trkpt>
   <trkpt lat="52.536699" lon="13.183795"><ele>36.5</ele></trkpt>
   <trkpt lat="52.536629" lon="13.184216"><ele>37.25</ele></trkpt>
   <trkpt lat="52.53647" lon="13.185201"><ele>35.5</ele></trkpt>
   <trkpt lat="52.536324" lon="13.186061"><ele>36.75</ele></trkpt>
   <trkpt lat="52.536223" lon="13.186726"><ele>34.75</ele></trkpt>
   <trkpt lat="52.536132" lon="13.187273"><ele>36.75</ele></trkpt>
   <trkpt lat="52.535794" lon="13.189357"><ele>37.5</ele></trkpt>
   <trkpt lat="52.535386" lon="13.191975"><ele>37.25</ele></trkpt>
   <trkpt lat="52.535296" lon="13.192603"><ele>37.75</ele></trkpt>
   <trkpt lat="52.535293" lon="13.192621"><ele>37.75</ele></trkpt>
   <trkpt lat="52.535277" lon="13.192734"><ele>37.75</ele></trkpt>
   <trkpt lat="52.535273" lon="13.192758"><ele>37.75</ele></trkpt>
   <trkpt lat="52.534943" lon="13.194715"><ele>35.25</ele></trkpt>
   <trkpt lat="52.534927" lon="13.194817"><ele>34</ele></trkpt>
   <trkpt lat="52.534801" lon="13.195589"><ele>37.75</ele></trkpt>
   <trkpt lat="52.534756" lon="13.195865"><ele>35.5</ele></trkpt>
   <trkpt lat="52.534724" lon="13.196062"><ele>35.5</ele></trkpt>
   <trkpt lat="52.53456" lon="13.197062"><ele>35.75</ele></trkpt>
   <trkpt lat="52.534487" lon="13.197508"><ele>36.5</ele></trkpt>
   <trkpt lat="52.534326" lon="13.198545"><ele>32</ele></trkpt>
   <trkpt lat="52.534281" lon="13.198798"><ele>32</ele></trkpt>
   <trkpt lat="52.534245" lon="13.19897"><ele>32</ele></trkpt>
   <trkpt lat="52.534102" lon="13.199667"><ele>32</ele></trkpt>
   <trkpt lat="52.5341" lon="13.199676"><ele>32</ele></trkpt>
   <trkpt lat="52.533933" lon="13.200405"><ele>32</ele></trkpt>
   <trkpt lat="52.533747" lon="13.201122"><ele>37</ele></trkpt>
   <trkpt lat="52.533553" lon="13.201769"><ele>35</ele></trkpt>
   <trkpt lat="52.53354" lon="13.201805"><ele>34.25</ele></trkpt>
   <trkpt lat="52.533026" lon="13.203423"><ele>32</ele></trkpt>
   <trkpt lat="52.532807" lon="13.204132"><ele>32</ele></trkpt>
   <trkpt lat="52.532742" lon="13.204344"><ele>32</ele></trkpt>
   <trkpt lat="52.532489" lon="13.205224"><ele>35</ele></trkpt>
   <trkpt lat="52.532377" lon="13.205642"><ele>36.25</ele></trkpt>
   <trkpt lat="52.532265" lon="13.206114"><ele>37.5</ele></trkpt>
   <trkpt lat="52.53214" lon="13.206697"><ele>36</ele></trkpt>
   <trkpt lat="52.532047" lon="13.207177"><ele>32.75</ele></trkpt>
   <trkpt lat="52.532007" lon="13.20739"><ele>34</ele></trkpt>
   <trkpt lat="52.531976" lon="13.207562"><ele>36.25</ele></trkpt>
   <trkpt lat="52.531876" lon="13.208183"><ele>36</ele></trkpt>
   <trkpt lat="52.531804" lon="13.208699"><ele>36.5</ele></trkpt>
   <trkpt lat="52.531446" lon="13.211475"><ele>37.75</ele></trkpt>
   <trkpt lat="52.531424" lon="13.211658"><ele>37.75</ele></trkpt>
   <trkpt lat="52.531194" lon="13.213467"><ele>33.75</ele></trkpt>
   <trkpt lat="52.531166" lon="13.213685"><ele>33</ele></trkpt>
   <trkpt lat="52.530911" lon="13.215705"><ele>35.25</ele></trkpt>
   <trkpt lat="52.530847" lon="13.216211"><ele>34.75</ele></trkpt>
   <trkpt lat="52.530841" lon="13.216268"><ele>35.5</ele></trkpt>
   <trkpt lat="52.530679" lon="13.217482"><ele>36.75</ele></trkpt>
   <trkpt lat="52.530174" lon="13.221325"><ele>34</ele></trkpt>
   <trkpt lat="52.530079" lon="13.222069"><ele>33.5</ele></trkpt>
   <trkpt lat="52.530054" lon="13.222269"><ele>33.75</ele></trkpt>
   <trkpt lat="52.530009" lon="13.222636"><ele>33.75</ele></trkpt>
   <trkpt lat="52.529817" lon="13.2242"><ele>33.5</ele></trkpt>
   <trkpt lat="52.529666" lon="13.225641"><ele>34</ele></trkpt>
   <trkpt lat="52.529624" lon="13.226183"><ele>34</ele></trkpt>
   <trkpt lat="52.529591" lon="13.226816"><ele>33.75</ele></trkpt>
   <trkpt lat="52.529549" lon="13.227367"><ele>34</ele></trkpt>
   <trkpt lat="52.529544" lon="13.227426"><ele>34.25</ele></trkpt>
   <trkpt lat="52.529536" lon="13.227499"><ele>34.25</ele></trkpt>
   <trkpt lat="52.529264" lon="13.230182"><ele>34.25</ele></trkpt>
   <trkpt lat="52.529243" lon="13.230397"><ele>34.75</ele></trkpt>
   <trkpt lat="52.52923" lon="13.23052"><ele>35</ele></trkpt>
   <trkpt lat="52.529159" lon="13.231324"><ele>35.75</ele></trkpt>
   <trkpt lat="52.529118" lon="13.231945"><ele>35</ele></trkpt>
   <trkpt lat="52.52905" lon="13.232714"><ele>32.5</ele></trkpt>
   <trkpt lat="52.529039" lon="13.232814"><ele>32.75</ele></trkpt>
   <trkpt lat="52.529031" lon="13.232901"><ele>33</ele></trkpt>
   <trkpt lat="52.52902" lon="13.233034"><ele>33.75</ele></trkpt>
   <trkpt lat="52.528993" lon="13.233284"><ele>33.75</ele></trkpt>
   <trkpt lat="52.528911" lon="13.234047"><ele>35</ele></trkpt>
   <trkpt lat="52.528786" lon="13.234981"><ele>34.25</ele></trkpt>
   <trkpt lat="52.528693" lon="13.235588"><ele>35</ele></trkpt>
   <trkpt lat="52.528598" lon="13.236138"><ele>34.75</ele></trkpt>
   <trkpt lat="52.528446" lon="13.236932"><ele>35.5</ele></trkpt>
   <trkpt lat="52.528291" lon="13.237656"><ele>34</ele></trkpt>
   <trkpt lat="52.528068" lon="13.238558"><ele>34.25</ele></trkpt>
   <trkpt lat="52.527989" lon="13.238878"><ele>33.5</ele></trkpt>
   <trkpt lat="52.527911" lon="13.239158"><ele>34.5</ele></trkpt>
   <trkpt lat="52.527423" lon="13.24086"><ele>34.25</ele></trkpt>
   <trkpt lat="52.52717" lon="13.241803"><ele>33.25</ele></trkpt>
   <trkpt lat="52.527104" lon="13.242067"><ele>33.75</ele></trkpt>
   <trkpt lat="52.527001" lon="13.242496"><ele>32.25</ele></trkpt>
   <trkpt lat="52.526863" lon="13.243188"><ele>33.25</ele></trkpt>
   <trkpt lat="52.52674" lon="13.243931"><ele>32.75</ele></trkpt>
   <trkpt lat="52.526706" lon="13.244204"><ele>32.5</ele></trkpt>
   <trkpt lat="52.526654" lon="13.244623"><ele>32.75</ele></trkpt>
   <trkpt lat="52.526612" lon="13.245138"><ele>33.5</ele></trkpt>
   <trkpt lat="52.526581" lon="13.245751"><ele>32.5</ele></trkpt>
   <trkpt lat="52.52656" lon="13.246555"><ele>33</ele></trkpt>
   <trkpt lat="52.526555" lon="13.247373"><ele>32.5</ele></trkpt>
   <trkpt lat="52.526562" lon="13.248611"><ele>31.75</ele></trkpt>
   <trkpt lat="52.526582" lon="13.249416"><ele>32.25</ele></trkpt>
   <trkpt lat="52.526645" lon="13.25063"><ele>33</ele></trkpt>
   <trkpt lat="52.526652" lon="13.250737"><ele>33</ele></trkpt>
   <trkpt lat="52.526677" lon="13.251145"><ele>32.75</ele></trkpt>
   <trkpt lat="52.526696" lon="13.251453"><ele>32.75</ele></trkpt>
   <trkpt lat="52.52674" lon="13.252292"><ele>33</ele></trkpt>
   <trkpt lat="52.526758" lon="13.252934"><ele>33</ele></trkpt>
   <trkpt lat="52.526793" lon="13.253625"><ele>34</ele></trkpt>
   <trkpt lat="52.526878" lon="13.255"><ele>34.25</ele></trkpt>
   <trkpt lat="52.526942" lon="13.255993"><ele>34</ele></trkpt>
   <trkpt lat="52.527028" lon="13.257349"><ele>33.25</ele></trkpt>
   <trkpt lat="52.527163" lon="13.259525"><ele>34.5</ele></trkpt>
   <trkpt lat="52.527243" lon="13.260763"><ele>33.75</ele></trkpt>
   <trkpt lat="52.527341" lon="13.262286"><ele>34.5</ele></trkpt>
   <trkpt lat="52.527423" lon="13.263545"><ele>34.5</ele></trkpt>
   <trkpt lat="52.527551" lon="13.265466"><ele>35.25</ele></trkpt>
   <trkpt lat="52.527696" lon="13.267943"><ele>34.5</ele></trkpt>
   <trkpt lat="52.527723" lon="13.268358"><ele>35</ele></trkpt>
   <trkpt lat="52.527864" lon="13.270952"><ele>35.25</ele></trkpt>
   <trkpt lat="52.528001" lon="13.273315"><ele>35.25</ele></trkpt>
   <trkpt lat="52.528026" lon="13.273783"><ele>35</ele></trkpt>
   <trkpt lat="52.528139" lon="13.275546"><ele>34</ele></trkpt>
   <trkpt lat="52.528204" lon="13.276667"><ele>34.25</ele></trkpt>
   <trkpt lat="52.528229" lon="13.277118"><ele>34.5</ele></trkpt>
   <trkpt lat="52.528231" lon="13.277144"><ele>34.5</ele></trkpt>
   <trkpt lat="52.528265" lon="13.2777"><ele>35</ele></trkpt>
   <trkpt lat="52.528401" lon="13.279838"><ele>34</ele></trkpt>
   <trkpt lat="52.528571" lon="13.282485"><ele>34.75</ele></trkpt>
   <trkpt lat="52.528743" lon="13.285165"><ele>38.25</ele></trkpt>
   <trkpt lat="52.528816" lon="13.286304"><ele>35</ele></trkpt>
   <trkpt lat="52.528961" lon="13.28856"><ele>36.5</ele></trkpt>
   <trkpt lat="52.529054" lon="13.290008"><ele>36.5</ele></trkpt>
   <trkpt lat="52.529068" lon="13.29022"><ele>36.5</ele></trkpt>
   <trkpt lat="52.529164" lon="13.29131"><ele>36.75</ele></trkpt>
   <trkpt lat="52.529227" lon="13.291927"><ele>37</ele></trkpt>
   <trkpt lat="52.529321" lon="13.292767"><ele>37.5</ele></trkpt>
   <trkpt lat="52.529513" lon="13.294251"><ele>36.75</ele></trkpt>
   <trkpt lat="52.529527" lon="13.294357"><ele>35.5</ele></trkpt>
   <trkpt lat="52.529805" lon="13.296447"><ele>35.25</ele></trkpt>
   <trkpt lat="52.52992" lon="13.297359"><ele>37.25</ele></trkpt>
   <trkpt lat="52.529943" lon="13.297536"><ele>37.5</ele></trkpt>
   <trkpt lat="52.529993" lon="13.297941"><ele>37.75</ele></trkpt>
   <trkpt lat="52.530036" lon="13.298308"><ele>38</ele></trkpt>
   <trkpt lat="52.530209" lon="13.299639"><ele>37.25</ele></trkpt>
   <trkpt lat="52.530298" lon="13.300299"><ele>38</ele></trkpt>
   <trkpt lat="52.53046" lon="13.301499"><ele>36.5</ele></trkpt>
   <trkpt lat="52.530507" lon="13.301844"><ele>36.25</ele></trkpt>
   <trkpt lat="52.530678" lon="13.30306"><ele>37.25</ele></trkpt>
   <trkpt lat="52.531056" lon="13.305743"><ele>37.25</ele></trkpt>
   <trkpt lat="52.531086" lon="13.305962"><ele>35.25</ele></trkpt>
   <trkpt lat="52.531157" lon="13.306502"><ele>35.75</ele></trkpt>
   <trkpt lat="52.531439" lon="13.308601"><ele>37.25</ele></trkpt>
   <trkpt lat="52.531946" lon="13.312408"><ele>37.75</ele></trkpt>
   <trkpt lat="52.531951" lon="13.312446"><ele>37.75</ele></trkpt>
   <trkpt lat="52.53197" lon="13.312584"><ele>36</ele></trkpt>
   <trkpt lat="52.532121" lon="13.313715"><ele>35.5</ele></trkpt>
   <trkpt lat="52.532235" lon="13.314525"><ele>37.75</ele></trkpt>
   <trkpt lat="52.532549" lon="13.316831"><ele>37.75</ele></trkpt>
   <trkpt lat="52.532644" lon="13.317539"><ele>36.75</ele></trkpt>
   <trkpt lat="52.532651" lon="13.3176"><ele>36.75</ele></trkpt>
   <trkpt lat="52.532673" lon="13.317767"><ele>36.5</ele></trkpt>
   <trkpt lat="52.532804" lon="13.31874"><ele>36.75</ele></trkpt>
   <trkpt lat="52.532927" lon="13.319648"><ele>36.25</ele></trkpt>
   <trkpt lat="52.533022" lon="13.320359"><ele>35.5</ele></trkpt>
   <trkpt lat="52.533085" lon="13.320822"><ele>35.75</ele></trkpt>
   <trkpt lat="52.533103" lon="13.320956"><ele>35.75</ele></trkpt>
   <trkpt lat="52.533163" lon="13.321527"><ele>35.5</ele></trkpt>
   <trkpt lat="52.533186" lon="13.321882"><ele>35.25</ele></trkpt>
   <trkpt lat="52.533225" lon="13.322346"><ele>35</ele></trkpt>
   <trkpt lat="52.533355" lon="13.323418"><ele>35</ele></trkpt>
   <trkpt lat="52.533377" lon="13.323593"><ele>35</ele></trkpt>
   <trkpt lat="52.533583" lon="13.325273"><ele>34.75</ele></trkpt>
   <trkpt lat="52.533739" lon="13.32616"><ele>34.25</ele></trkpt>
   <trkpt lat="52.533821" lon="13.326642"><ele>34.75</ele></trkpt>
   <trkpt lat="52.53411" lon="13.328713"><ele>34</ele></trkpt>
   <trkpt lat="52.534204" lon="13.329466"><ele>34</ele></trkpt>
   <trkpt lat="52.535323" lon="13.338606"><ele>34</ele></trkpt>
   <trkpt lat="52.53537" lon="13.338997"><ele>34</ele></trkpt>
   <trkpt lat="52.53559" lon="13.340811"><ele>34</ele></trkpt>
   <trkpt lat="52.535649" lon="13.341255"><ele>34</ele></trkpt>
   <trkpt lat="52.535718" lon="13.341689"><ele>34</ele></trkpt>
   <trkpt lat="52.535777" lon="13.342106"><ele>34</ele></trkpt>
   <trkpt lat="52.535813" lon="13.342444"><ele>34</ele></trkpt>
   <trkpt lat="52.535887" lon="13.343185"><ele>34</ele></trkpt>
   <trkpt lat="52.535897" lon="13.34327"><ele>34</ele></trkpt>
   <trkpt lat="52.535969" lon="13.343998"><ele>34.5</ele></trkpt>
   <trkpt lat="52.536202" lon="13.346191"><ele>34</ele></trkpt>
   <trkpt lat="52.536217" lon="13.346334"><ele>34.75</ele></trkpt>
   <trkpt lat="52.536376" lon="13.3479"><ele>35.25</ele></trkpt>
   <trkpt lat="52.536488" lon="13.3491"><ele>35.75</ele></trkpt>
   <trkpt lat="52.536544" lon="13.349708"><ele>36.25</ele></trkpt>
   <trkpt lat="52.536575" lon="13.350005"><ele>36.25</ele></trkpt>
   <trkpt lat="52.536832" lon="13.352343"><ele>34.5</ele></trkpt>
   <trkpt lat="52.536849" lon="13.352551"><ele>34.25</ele></trkpt>
   <trkpt lat="52.53687" lon="13.352758"><ele>34.5</ele></trkpt>
   <trkpt lat="52.536927" lon="13.353319"><ele>34</ele></trkpt>
   <trkpt lat="52.536955" lon="13.353669"><ele>34.25</ele></trkpt>
   <trkpt lat="52.536984" lon="13.354258"><ele>34.5</ele></trkpt>
   <trkpt lat="52.536987" lon="13.354552"><ele>33.5</ele></trkpt>
   <trkpt lat="52.536983" lon="13.35478"><ele>33</ele></trkpt>
   <trkpt lat="52.536952" lon="13.355304"><ele>33.75</ele></trkpt>
   <trkpt lat="52.53689" lon="13.355819"><ele>33</ele></trkpt>
   <trkpt lat="52.536846" lon="13.356083"><ele>33</ele></trkpt>
   <trkpt lat="52.536733" lon="13.356636"><ele>34.25</ele></trkpt>
   <trkpt lat="52.53668" lon="13.356856"><ele>33.5</ele></trkpt>
   <trkpt lat="52.536546" lon="13.357311"><ele>34.75</ele></trkpt>
   <trkpt lat="52.536341" lon="13.357834"><ele>33</ele></trkpt>
   <trkpt lat="52.536152" lon="13.358246"><ele>33.25</ele></trkpt>
   <trkpt lat="52.535969" lon="13.35859"><ele>33.5</ele></trkpt>
   <trkpt lat="52.535774" lon="13.358903"><ele>32.75</ele></trkpt>
   <trkpt lat="52.535506" lon="13.359267"><ele>33.5</ele></trkpt>
   <trkpt lat="52.534541" lon="13.360297"><ele>34.25</ele></trkpt>
   <trkpt lat="52.533639" lon="13.361264"><ele>35.75</ele></trkpt>
   <trkpt lat="52.533532" lon="13.361382"><ele>36.25</ele></trkpt>
   <trkpt lat="52.532987" lon="13.361962"><ele>36</ele></trkpt>
   <trkpt lat="52.532789" lon="13.362173"><ele>35.5</ele></trkpt>
   <trkpt lat="52.532706" lon="13.362266"><ele>35.5</ele></trkpt>
   <trkpt lat="52.532502" lon="13.362494"><ele>35.75</ele></trkpt>
   <trkpt lat="52.532304" lon="13.36273"><ele>34.75</ele></trkpt>
   <trkpt lat="52.532081" lon="13.36302"><ele>34.5</ele></trkpt>
   <trkpt lat="52.531706" lon="13.363446"><ele>33.5</ele></trkpt>
   <trkpt lat="52.531313" lon="13.363867"><ele>33</ele></trkpt>
   <trkpt lat="52.53126" lon="13.363924"><ele>32.75</ele></trkpt>
   <trkpt lat="52.530802" lon="13.364414"><ele>31.25</ele></trkpt>
   <trkpt lat="52.530107" lon="13.365155"><ele>30.25</ele></trkpt>
   <trkpt lat="52.529196" lon="13.366124"><ele>28.25</ele></trkpt>
   <trkpt lat="52.529179" lon="13.366142"><ele>28.5</ele></trkpt>
   <trkpt lat="52.529152" lon="13.366172"><ele>29.5</ele></trkpt>
   <trkpt lat="52.528602" lon="13.366709"/>
   <trkpt lat="52.528078" lon="13.367184"/>
   <trkpt lat="52.527781" lon="13.36743"/>
   <trkpt lat="52.527371" lon="13.367748"/>
   <trkpt lat="52.527154" lon="13.367903"/>
   <trkpt lat="52.527091" lon="13.367946"/>
   <trkpt lat="52.525995" lon="13.368715"/>
   <trkpt lat="52.52483" lon="13.369531"/>
   <trkpt lat="52.524566" lon="13.369715"/>
  </trkseg>
 </trk>
</gpx>